id;job_code;reporter_id;department_id;machine_type_id;machine_id;title;description;image_url;status;assigned_to;assigned_by;assigned_at;completed_image_url;completed_at;reviewed_at;reject_reason;created_at;updated_at;work_summary;parts_used;sheet_row_index;schedule_mode;scheduled_repair_date;schedule_deadline;parts_ready;cancelled_at
0fddb3ac-a79f-417f-b4e2-10edf4bfc3c6;260721002;b84cdf82-1dd9-4d41-96a9-979f3b625fe3;72e122e2-76e3-44aa-a586-0a3f86291d77;64830cae-c233-4ec4-ac5c-f79472ba5a3b;b0c28837-29ed-4209-9447-6272cbc785b1;ศศิภา;ใบพัด พัดลมหัก;;completed;14a61d91-95ef-411a-b313-dae02e0f86a9;618867a9-9f7c-4e77-96cd-3c6be6f2a0ac;2026-07-21 04:54:26.363+00;;2026-07-22 07:38:23.123+00;2026-07-22 08:25:45.311+00;;2026-07-21 01:16:09.403273+00;2026-07-22 08:25:45.445697+00;เปลี่ยนพัดลมตู้คอนโทรลใหม่;"[{""code"":""0401e4-00147/004"",""name"":""พัดลมตู้คอยโทรลขนาด 8\"""",""qty"":""2 ตัว""}]";126;;;;false;
98c237cb-8779-4c3b-bbdb-654a75fab68f;260914003;a364e18d-2359-42b5-bea7-f3538481f114;dd98b2b3-c0ed-48b6-b3f4-139b89c539c7;347f4266-d8a3-40ce-8211-08f483372408;93f65ba4-258a-4cc2-ac2b-861006275dbf;ตะวัน;พบตัดซองสั้นยาว;https://xhkjaeapzuzvequgdode.supabase.co/storage/v1/object/public/repair-images/a364e18d-2359-42b5-bea7-f3538481f114/1789366065908_2B13.jpg;in_progress;aee8cef8-8534-459f-94b8-9de40933bee7;9b15b405-4695-46a4-b384-ee5feb992a7c;2026-09-15 01:14:02.213+00;;;;;2026-09-14 06:07:42.55446+00;2026-09-15 01:14:02.241722+00;;[];470;date;2026-09-14;;false;
06ee3023-7b9a-462c-a5f7-acd53364b99f;260704002;8137c5d0-65e4-461a-b094-5c5f0dbbed04;755d8bf8-abaf-4e67-8c66-c04dab7755d0;ed438e9e-f1f6-424c-9024-b0f86509d249;749967f5-c6e1-4141-90c0-400505c5dd2a;กาญจนา;เครื่องคิดเลข ที่ห้อง HR มีอาการกดปุ่มค้าง ปุ่มเหนียวๆ ( แนบรูปไม่ได้);;completed;2600fa0f-deae-4983-a9a4-a6253f0f8ad0;0c4b9136-172d-4a37-82e6-5ee810cf0fe9;2026-07-04 09:17:25.276+00;;2026-07-06 03:29:41.649+00;2026-07-06 04:04:57.465+00;;2026-07-04 01:12:17.207884+00;2026-07-06 04:04:57.510002+00;ทำความสะอาดล้าง;[];33;;;;false;
cffaca6b-ad8f-481b-a568-969e1dbab92e;260702004;884605bc-79ae-4186-8c03-c7a927fddef2;72e122e2-76e3-44aa-a586-0a3f86291d77;64830cae-c233-4ec4-ac5c-f79472ba5a3b;b0c28837-29ed-4209-9447-6272cbc785b1;อภิชัย;Temp น้ำไม่นิ่ง	/	เครื่องยิง TWIN SCREW 04;;completed;14a61d91-95ef-411a-b313-dae02e0f86a9;618867a9-9f7c-4e77-96cd-3c6be6f2a0ac;2026-07-02 08:20:49.218+00;;2026-07-03 03:49:20.72+00;2026-07-14 06:44:32.696+00;;2026-07-02 06:12:28.443605+00;2026-07-14 06:44:35.940307+00;ทำการแก้ไขระบบน้ำโดยการไล่ระบบน้ำ;[];89;;;;false;
8b61a49b-c7c4-4c20-851c-98c2b3a94748;260706004;e3a953a0-5f12-47fe-8c19-d0dabc13076a;755d8bf8-abaf-4e67-8c66-c04dab7755d0;345306ff-af94-4a88-8959-3ef69a24ae24;e23ec708-2f30-43c7-a9b8-b770d2c4a0ff;สำราญ;ตะแกรงร่อนขาด 3 อัน;;waiting_parts;6fff3037-214c-4188-8332-997730090207;0c4b9136-172d-4a37-82e6-5ee810cf0fe9;2026-08-14 02:57:58.561+00;;;;;2026-07-06 03:59:55.89366+00;2026-08-15 01:48:46.506847+00;;[];62;date;2026-09-01;;false;
7b4ac2ff-17cb-4639-b9f6-203d6d67cc1f;260709001;8d8a3186-6bd4-42c3-9dc2-8553ce10510c;dd98b2b3-c0ed-48b6-b3f4-139b89c539c7;60fdb7f3-75ed-46f3-8c68-76cea1818c8c;5acd961a-72e3-4aad-9298-ccb61b5de76c;มาไลย;ปืนยิงกาว No.51 ขาเสียบปลั๊กไฟหักข้างหนึ่ง;;completed;aee8cef8-8534-459f-94b8-9de40933bee7;9b15b405-4695-46a4-b384-ee5feb992a7c;2026-07-09 06:03:28.195+00;;2026-07-11 09:10:44.75+00;2026-07-14 09:16:52.117+00;;2026-07-09 04:44:13.225881+00;2026-07-14 09:16:52.444068+00;เปลี่ยนปลั๊กตัวใหม่;"[{""code"":""0401E4-00026/001"",""name"":""ปลั๊กตัวผู้แบบยาง 3ขา"",""qty"":""1ตัว""}]";76;;;;false;
beb9a06f-254c-42d0-b3c7-ecc1093cba53;260804002;521a9c93-4039-465c-8f7a-1c0137efc8ef;dd98b2b3-c0ed-48b6-b3f4-139b89c539c7;8fb60919-05a3-47e7-9f76-6458062c494a;275adb84-8510-4444-9569-1ad0f1a026a6;ศศิธร;ปุ่มจ็อกไม่ติด;;completed;bd10cd0f-07af-4f58-87d9-595a76cd55f5;9b15b405-4695-46a4-b384-ee5feb992a7c;2026-08-04 09:36:12.583+00;;2026-08-07 06:47:29.579+00;2026-08-14 07:32:24.192+00;;2026-08-04 09:14:24.021186+00;2026-08-14 07:32:24.468946+00;สายไฟขาด ต่อสายไฟใหม่;[];184;date;2026-08-04;;false;
4156d258-ed9c-426e-9d98-50fd2afa7b27;260711001;26ab14fe-f8cc-4dfa-b1c3-a8c1416320d5;dd98b2b3-c0ed-48b6-b3f4-139b89c539c7;60fdb7f3-75ed-46f3-8c68-76cea1818c8c;5acd961a-72e3-4aad-9298-ccb61b5de76c;มนชิตา;ปืนยิงกาวเบอร์ 16 ยิงกาวไม่ค่อยออก;;completed;aee8cef8-8534-459f-94b8-9de40933bee7;9b15b405-4695-46a4-b384-ee5feb992a7c;2026-07-11 03:13:47.166+00;;2026-07-16 01:35:05.803+00;2026-07-16 11:43:17.763+00;;2026-07-11 02:53:00.611867+00;2026-07-16 11:43:17.932241+00;ไม่สามารถซ่อมได้เนื่องจากฮีตเตอร์ขาด;[];77;;;;false;
eb1d3dae-df57-49a8-b638-e5adfa85c5e4;260703002;b84cdf82-1dd9-4d41-96a9-979f3b625fe3;72e122e2-76e3-44aa-a586-0a3f86291d77;64830cae-c233-4ec4-ac5c-f79472ba5a3b;667b6adf-7e6b-4b06-8fd1-77d4b52a6a2e;ศศิภา;น้ำไหลที่ท่อไบพาร์ท;;completed;14a61d91-95ef-411a-b313-dae02e0f86a9;618867a9-9f7c-4e77-96cd-3c6be6f2a0ac;2026-07-03 02:36:47.91+00;;2026-07-03 03:52:31.165+00;2026-07-07 07:22:04.125+00;;2026-07-03 02:13:58.691762+00;2026-07-07 07:22:06.338595+00;เปลี่ยนฟิตติ้งสำหรับท่อ bypass ใหม่;"[{""code"":""0401E8-00341    009"",""name"":""ฟิตติ้ง-ตรงเสียบสายลมเกลียวนอก PC12-04"",""qty"":""2""}]";72;;;;false;
ef39ac2e-b738-4c3d-b391-64f7ebac9d36;260714003;8d8a3186-6bd4-42c3-9dc2-8553ce10510c;dd98b2b3-c0ed-48b6-b3f4-139b89c539c7;dcb2c558-a663-4ba3-97b8-95658dc14ffc;b5d5e63b-cae4-4ee9-956f-86df5a64da2e;มาไลย;ตัดฟิล์มชริ้งค์ไม่ขาดและตัดแตกเป็นบางช่วงของใบมีด;;completed;22275234-5a63-4e64-bdd4-07ec11241b46;9b15b405-4695-46a4-b384-ee5feb992a7c;2026-07-15 01:04:36.003+00;;2026-08-13 02:37:36.211+00;2026-08-15 06:15:42.332+00;;2026-07-14 09:06:09.560529+00;2026-08-15 06:15:42.553449+00;ปรับตั้งใบมีดแอลชิ;[];90;;;;false;
c1ca945c-8351-45cf-bf38-630aa778efbe;260704001;8137c5d0-65e4-461a-b094-5c5f0dbbed04;755d8bf8-abaf-4e67-8c66-c04dab7755d0;ed438e9e-f1f6-424c-9024-b0f86509d249;749967f5-c6e1-4141-90c0-400505c5dd2a;กาญจนา;ห้องน้ำหญิงชั้น 3 ห้องที่1 ด้านขวา / อ่างล้างมือที่ 1 ปุ่มอ่างล้างมือหลุด;;completed;6fff3037-214c-4188-8332-997730090207;0c4b9136-172d-4a37-82e6-5ee810cf0fe9;2026-07-04 09:17:32.173+00;;2026-07-08 04:13:21.541+00;2026-07-08 06:14:12.657+00;;2026-07-04 01:07:02.356488+00;2026-07-08 06:14:12.724451+00;แก้ไขขันน็อตล็อกจุดหลวมกลับตำแหน่งเดิมใช้งานปกติ​;[];32;;;;false;
ce09e214-ef92-4f78-8d7b-b15296bd3deb;260716003;b84cdf82-1dd9-4d41-96a9-979f3b625fe3;755d8bf8-abaf-4e67-8c66-c04dab7755d0;3f463100-d4f4-4b12-a205-54cfabbdd77a;156e13a6-f108-4e01-ba16-07c8989000a2;ศศิภา;พัดลมระบายอากาศ 20,21;;completed;6fff3037-214c-4188-8332-997730090207;0c4b9136-172d-4a37-82e6-5ee810cf0fe9;2026-07-16 04:08:17.855+00;;2026-07-18 06:21:53.119+00;2026-07-21 01:16:52.093+00;;2026-07-16 03:52:51.91643+00;2026-07-21 01:16:52.060448+00;แก้ไขล็อกมอเตอร์​ที่มีการสั่นสะเทือน​ ให้เเน่นเงียบลงใช้งานได้ตามปกติ;[];98;;;;false;
477de245-fe2c-4bd6-b10b-3188d409c248;260723003;48700aa2-591f-4725-85ce-be044298c6be;72e122e2-76e3-44aa-a586-0a3f86291d77;732c99c8-4958-4577-a947-02704dae8fdc;93b341bf-3da9-4955-a268-07088c6c6687;สำราญ;ฝาปิดรอบฐานชำรุด;;completed;18315ef5-0d9a-4c48-836b-d172ad01c347;618867a9-9f7c-4e77-96cd-3c6be6f2a0ac;2026-07-24 07:44:35.491+00;;2026-07-25 06:22:04.71+00;2026-08-03 09:40:03.13+00;;2026-07-23 07:48:50.830495+00;2026-08-03 09:40:03.767793+00;แก้ไขสกรูยึดแผ่นปิดเรียบร้อยครับ;[];144;;;;false;
e978e66a-b23a-4e09-b88d-a18eaa0a40fb;260707002;48700aa2-591f-4725-85ce-be044298c6be;72e122e2-76e3-44aa-a586-0a3f86291d77;d6968cf7-550a-4991-bad4-638935a88c22;0478cc79-34cd-4c66-a511-c6879bc24954;สำราญ;น้ำมันเกียรชุดกอหัว1และหัว2รั่ว;;completed;18315ef5-0d9a-4c48-836b-d172ad01c347;618867a9-9f7c-4e77-96cd-3c6be6f2a0ac;2026-07-07 04:50:39.706+00;;2026-07-10 03:38:36.634+00;2026-07-11 02:12:11.688+00;;2026-07-07 01:47:47.132639+00;2026-07-11 02:12:11.989585+00;เปลี่ยนซีลกันน้ำมันTc25-42-7;"[{""code"":""0401E7-00341/012"",""name"":""ซีลกันน้ำมัน Tc-25-42-7"",""qty"":""1""}]";71;;;;false;
c9720764-e03a-4e58-9f46-b95dd99a6b0f;260702003;884605bc-79ae-4186-8c03-c7a927fddef2;72e122e2-76e3-44aa-a586-0a3f86291d77;64830cae-c233-4ec4-ac5c-f79472ba5a3b;667b6adf-7e6b-4b06-8fd1-77d4b52a6a2e;อภิชัย;Temp น้ำไม่นิ่ง/	เครื่องยิง TWIN SCREW 05;;awaiting_review;14a61d91-95ef-411a-b313-dae02e0f86a9;618867a9-9f7c-4e77-96cd-3c6be6f2a0ac;2026-07-02 08:21:05.882+00;https://xhkjaeapzuzvequgdode.supabase.co/storage/v1/object/public/repair-images/14a61d91-95ef-411a-b313-dae02e0f86a9/done_1783301763203_IMG_1375.jpeg;2026-07-06 01:36:03.932+00;;;2026-07-02 06:11:53.09532+00;2026-07-06 01:36:04.012783+00;ทำการไล่ระบบน้ำของเครื่องยิง5เสร็จเรียบร้อย;[];;;;;false;
e3b3b8bb-fb57-4fab-a864-b660efed4d4f;260701003;26ab14fe-f8cc-4dfa-b1c3-a8c1416320d5;dd98b2b3-c0ed-48b6-b3f4-139b89c539c7;;e9ccbdc9-d73c-4f6d-8dd1-fe863e104332;มนชิตา;กดกาวไม่ออก / ไลน์มือบรรจุส่งออก/	ปืนยิงกาวไลน์มือเบอร์ 8	มนชิตา;;completed;22275234-5a63-4e64-bdd4-07ec11241b46;9b15b405-4695-46a4-b384-ee5feb992a7c;2026-07-02 01:06:36.544+00;;2026-07-03 07:51:17.615+00;2026-07-06 02:07:04.036+00;;2026-07-01 08:36:35.82184+00;2026-07-06 02:06:56.942599+00;ตัดต่อสายไฟ;[];58;;;;false;
55a181ff-231d-44d5-9931-d5674bea5061;260711002;b84cdf82-1dd9-4d41-96a9-979f3b625fe3;72e122e2-76e3-44aa-a586-0a3f86291d77;3b9c8b03-1b6b-46a8-91a1-c68f9427058e;c9839d81-c9a1-460a-926b-2d1441b3f5ad;ศศิภา;ขอบยางประตูชำรุด;;completed;d115f163-f902-496c-9630-73dee8d85e47;618867a9-9f7c-4e77-96cd-3c6be6f2a0ac;2026-07-11 04:05:00.064+00;;2026-07-16 09:28:58.588+00;2026-07-17 08:14:23.397+00;;2026-07-11 03:22:15.649135+00;2026-07-17 08:14:23.028592+00;รีเวทหลุดทำการยิงใหม่;[];78;;;;false;
728f9b74-350b-423b-b2d3-52a45985f725;260813006;0467a743-3607-4742-8211-392043ef896e;755d8bf8-abaf-4e67-8c66-c04dab7755d0;345306ff-af94-4a88-8959-3ef69a24ae24;e23ec708-2f30-43c7-a9b8-b770d2c4a0ff;ศศิธร โพธิ์รักษา;ท่อปลั๊กไฟหลุด บริเวณลานโหลดประตู 6;https://xhkjaeapzuzvequgdode.supabase.co/storage/v1/object/public/repair-images/0467a743-3607-4742-8211-392043ef896e/1786603035894_S__333651974.jpg;completed;6fff3037-214c-4188-8332-997730090207;0c4b9136-172d-4a37-82e6-5ee810cf0fe9;2026-08-13 07:35:24.591+00;;2026-08-18 04:29:03.554+00;2026-08-21 08:52:30.307+00;;2026-08-13 06:37:11.053144+00;2026-08-21 08:52:22.753689+00;แก้ไขท่อไฟให้ใหม่ใส่ล็อกแน่นแข็งแรงตามปกติ;[];221;date;2026-08-16;;false;
c75fbb7f-d80a-4257-ad0d-a0f6487a2781;260806004;8137c5d0-65e4-461a-b094-5c5f0dbbed04;755d8bf8-abaf-4e67-8c66-c04dab7755d0;a3e64439-c1fa-4645-b93a-2880d8809946;7b8db7fc-3d09-4ec3-85c3-1e1d2d5aa664;กาญจนา;หลอดไฟข้างรั้วบริษัท ดวงที่ 4-7-12-13 ชำรุด และหลอดไฟร่วงหน้าประตูที่ 1;https://xhkjaeapzuzvequgdode.supabase.co/storage/v1/object/public/repair-images/8137c5d0-65e4-461a-b094-5c5f0dbbed04/1785982330915_1785982303220.jpg;completed;2600fa0f-deae-4983-a9a4-a6253f0f8ad0;0c4b9136-172d-4a37-82e6-5ee810cf0fe9;2026-08-06 06:39:10.648+00;https://xhkjaeapzuzvequgdode.supabase.co/storage/v1/object/public/repair-images/2600fa0f-deae-4983-a9a4-a6253f0f8ad0/done_1786068211864_1000017258.jpg;2026-08-07 02:03:33.128+00;2026-08-07 02:05:10.981+00;;2026-08-06 02:12:11.518401+00;2026-08-07 02:05:11.150867+00;เปลี่ยนเสร็จแล้วครับ 4 หลอดครับ;[];190;date;2026-08-17;2026-08-16 02:12:11.409+00;false;
f0cb2b47-af69-4ed1-b5fd-725c241bd5e0;260702005;26ab14fe-f8cc-4dfa-b1c3-a8c1416320d5;dd98b2b3-c0ed-48b6-b3f4-139b89c539c7;a6fd5768-3767-4f5a-b59e-37c54a766d19;0eb07a38-6d2c-4218-b29b-b884b27932f9;มนชิตา;เปลี่ยนหมึกจาก INK1067K เป็น INK1114K;;completed;22275234-5a63-4e64-bdd4-07ec11241b46;9b15b405-4695-46a4-b384-ee5feb992a7c;2026-07-03 01:17:24.872+00;;2026-07-04 07:06:17.383+00;2026-07-06 02:06:47.932+00;;2026-07-02 09:27:42.651888+00;2026-07-06 02:06:40.837288+00;ล้างระบบเปลี่ยนชนิดหมีกยิงววันที่;"[{""code"":""0401E8-00352/011"",""name"":""451487 Filter for Hitachi"",""qty"":""1""},{""code"":""0401E8-00627/002"",""name"":""น้ำยาล้างหัว Inkjet"",""qty"":""1""}]";36;;;;false;
8788b4bf-2867-49c3-97a9-52b8e019915a;260701002;26ab14fe-f8cc-4dfa-b1c3-a8c1416320d5;dd98b2b3-c0ed-48b6-b3f4-139b89c539c7;;e9ccbdc9-d73c-4f6d-8dd1-fe863e104332;มนชิตา;กดกาวไม่ออก / ไลน์มือบรรจุส่งออก	/	ปืนยิงกาวไลน์มือเบอร์ 3 	มนชิตา;;completed;22275234-5a63-4e64-bdd4-07ec11241b46;9b15b405-4695-46a4-b384-ee5feb992a7c;2026-07-02 01:06:43.178+00;;2026-07-03 07:52:29.423+00;2026-07-06 02:07:17.964+00;;2026-07-01 08:35:51.056906+00;2026-07-06 02:07:10.873914+00;ทำความสะอาดตัวดันแท่งกาว;[];57;;;;false;
128b6268-9c20-4c16-9ae9-23baa7e4afa7;260727005;a364e18d-2359-42b5-bea7-f3538481f114;dd98b2b3-c0ed-48b6-b3f4-139b89c539c7;60fdb7f3-75ed-46f3-8c68-76cea1818c8c;5acd961a-72e3-4aad-9298-ccb61b5de76c;ตะวัน;ปืนกาวNo -PKMV05สายไฟขาด;;completed;bd10cd0f-07af-4f58-87d9-595a76cd55f5;9b15b405-4695-46a4-b384-ee5feb992a7c;2026-07-27 08:27:06.115+00;;2026-07-27 08:55:51.388+00;2026-07-28 08:28:32.651+00;;2026-07-27 07:12:55.809197+00;2026-07-28 08:28:31.299645+00;ต่อสายไฟที่ขาด;[];161;date;2026-07-27;;false;
99caa027-c6bb-4b83-b31d-11c4ead192fe;260706002;b84cdf82-1dd9-4d41-96a9-979f3b625fe3;72e122e2-76e3-44aa-a586-0a3f86291d77;44847c92-9e77-4588-a88d-276cec5f1b36;d6fab985-8751-4eac-bb4c-533210c34e10;ศศิภา;ทำให้ต้มน้ำมัน/น้ำเชื่อมได้;;completed;14a61d91-95ef-411a-b313-dae02e0f86a9;618867a9-9f7c-4e77-96cd-3c6be6f2a0ac;2026-07-06 03:26:01.873+00;https://xhkjaeapzuzvequgdode.supabase.co/storage/v1/object/public/repair-images/14a61d91-95ef-411a-b313-dae02e0f86a9/done_1786680386946_IMG_1973.jpeg;2026-08-14 04:06:30.116+00;2026-08-14 04:09:12.043+00;;2026-07-06 02:51:23.325415+00;2026-08-14 04:09:11.68516+00;ทำการติดตั้งตู้คอนโทรลเสร็จเรียบร้อย;[];59;;;;true;
d3e307d9-3c43-4966-a16e-a7e21cb3dec2;260703001;8d8a3186-6bd4-42c3-9dc2-8553ce10510c;dd98b2b3-c0ed-48b6-b3f4-139b89c539c7;;e9ccbdc9-d73c-4f6d-8dd1-fe863e104332;มาไลย;ปืนยิงกาว No.11และ No.52   ขาสปริงตรงกดยิงกาวหลุดทำให้กดยิงกาวไม่ได้;;completed;bd10cd0f-07af-4f58-87d9-595a76cd55f5;9b15b405-4695-46a4-b384-ee5feb992a7c;2026-07-03 03:08:03.404+00;;2026-07-03 04:47:20.796+00;2026-07-07 02:03:47.613+00;;2026-07-03 02:00:21.058413+00;2026-07-07 02:03:50.065778+00;ดัดเหล็กสปริงเข้าที่เดิม;[];69;;;;false;
99152b9e-cd4e-45cd-9ff5-ef4c8a9fc618;260704003;8d8a3186-6bd4-42c3-9dc2-8553ce10510c;dd98b2b3-c0ed-48b6-b3f4-139b89c539c7;;e9ccbdc9-d73c-4f6d-8dd1-fe863e104332;มาไลย;ปืนยิงกาว No.9 สายไฟซ็อต;;completed;aee8cef8-8534-459f-94b8-9de40933bee7;9b15b405-4695-46a4-b384-ee5feb992a7c;2026-07-04 02:15:51.707+00;;2026-07-07 02:01:20.567+00;2026-07-07 02:03:51.023+00;;2026-07-04 01:47:09.668488+00;2026-07-07 02:03:51.057661+00;ตัดต่อสายไฟใหม่;[];34;;;;false;
2f5a5971-dd80-40ae-82f5-a3952ac3bfda;260707004;8137c5d0-65e4-461a-b094-5c5f0dbbed04;755d8bf8-abaf-4e67-8c66-c04dab7755d0;a3e64439-c1fa-4645-b93a-2880d8809946;7b8db7fc-3d09-4ec3-85c3-1e1d2d5aa664;กาญจนา;ที่กดสบู่ชั้น2 ห้องน้ำหญิง  ที่กดสบู่น้ำสบู่ไม่ไหล;https://xhkjaeapzuzvequgdode.supabase.co/storage/v1/object/public/repair-images/8137c5d0-65e4-461a-b094-5c5f0dbbed04/1783396192982_432335.jpg;completed;6fff3037-214c-4188-8332-997730090207;0c4b9136-172d-4a37-82e6-5ee810cf0fe9;2026-07-07 04:48:29.322+00;;2026-07-08 04:24:02.595+00;2026-07-08 06:13:55.769+00;;2026-07-07 03:49:53.658996+00;2026-07-08 06:13:55.840849+00;แก้ไขทำความสะอาด​เซอร์​เซอร์, เป่าลมรูสายไม่ให้ตันให้ใช้งานได้​ตามปกติ​;[];70;;;;false;
24686c5b-467c-4eb3-a0af-f289436ffdc2;260706001;8137c5d0-65e4-461a-b094-5c5f0dbbed04;755d8bf8-abaf-4e67-8c66-c04dab7755d0;ed438e9e-f1f6-424c-9024-b0f86509d249;749967f5-c6e1-4141-90c0-400505c5dd2a;กาญจนา;หลอดไฟหน้าศาลเจ้า ไฟขาด 1 หลอด;https://xhkjaeapzuzvequgdode.supabase.co/storage/v1/object/public/repair-images/8137c5d0-65e4-461a-b094-5c5f0dbbed04/1783300254127_430889.jpg;completed;2600fa0f-deae-4983-a9a4-a6253f0f8ad0;0c4b9136-172d-4a37-82e6-5ee810cf0fe9;2026-07-07 04:49:30.801+00;https://xhkjaeapzuzvequgdode.supabase.co/storage/v1/object/public/repair-images/2600fa0f-deae-4983-a9a4-a6253f0f8ad0/done_1783485621234_1000015259.jpg;2026-07-08 04:40:22.336+00;2026-07-08 06:14:03.977+00;;2026-07-06 01:10:54.635832+00;2026-07-08 06:14:04.045486+00;ปากหลุดครับแก้ไขเรียบร้อยแล้วครับ;[];38;;;;false;
ccaf25ca-bd48-4942-8172-f882cec91385;260706003;b84cdf82-1dd9-4d41-96a9-979f3b625fe3;755d8bf8-abaf-4e67-8c66-c04dab7755d0;3f463100-d4f4-4b12-a205-54cfabbdd77a;156e13a6-f108-4e01-ba16-07c8989000a2;ศศิภา;เปิดไม่ติด			พัดลมเบอร์17;;completed;6fff3037-214c-4188-8332-997730090207;0c4b9136-172d-4a37-82e6-5ee810cf0fe9;2026-07-07 04:49:26.641+00;;2026-07-08 04:24:43.74+00;2026-07-08 08:43:22.816+00;;2026-07-06 03:49:11.861605+00;2026-07-08 08:43:22.341263+00;แก้ไขสายไฟมอเตอร์​ให้ใหม่แน่นหนาไม่หลุดใช้งาน​ได้​ตามปกติ​;[];61;;;;false;
7562ef08-326e-42c1-abac-e29ecc0f60b8;260707003;b84cdf82-1dd9-4d41-96a9-979f3b625fe3;755d8bf8-abaf-4e67-8c66-c04dab7755d0;3f463100-d4f4-4b12-a205-54cfabbdd77a;156e13a6-f108-4e01-ba16-07c8989000a2;ศศิภา;เครื่องฉีดน้ำเบอร์ 2 เสีย;;completed;6fff3037-214c-4188-8332-997730090207;0c4b9136-172d-4a37-82e6-5ee810cf0fe9;2026-07-07 04:31:08.37+00;;2026-07-08 04:10:10.4+00;2026-07-08 08:43:33.696+00;;2026-07-07 01:58:10.663631+00;2026-07-08 08:43:33.206011+00;แก้ไขลูกปืนเติมน้ำมันเพิ่มเติมใช้งานปกติ;[];68;;;;false;
37955e2c-6041-44ce-b1a2-50db0507aacb;260703005;8137c5d0-65e4-461a-b094-5c5f0dbbed04;755d8bf8-abaf-4e67-8c66-c04dab7755d0;ed438e9e-f1f6-424c-9024-b0f86509d249;749967f5-c6e1-4141-90c0-400505c5dd2a;กาญจนา;รบกวนทีมช่างเดินสายน้ำ R/O และ สร้างโต๊ะ 1 ตัว เพื่อสำหรับล้างข้าวก่อนหุงให้ทีมงานพ่อบ้าน บริเวณโรงอาหารจุดอ่างล้างมือด้านขวาค่ะ;https://xhkjaeapzuzvequgdode.supabase.co/storage/v1/object/public/repair-images/8137c5d0-65e4-461a-b094-5c5f0dbbed04/1783047790810_428587.jpg;completed;2600fa0f-deae-4983-a9a4-a6253f0f8ad0;0c4b9136-172d-4a37-82e6-5ee810cf0fe9;2026-07-03 03:43:49.72+00;;2026-07-11 02:05:03.494+00;2026-07-13 02:01:04.584+00;ยังไม่เสร็จ;2026-07-03 03:02:44.723749+00;2026-07-13 02:01:04.631262+00;เดินท่อน้ำให้ม่;"[{""code"":""0401E7-00056/003"",""name"":""ข้องอ90 VPC1/2"",""qty"":""3""},{""code"":""0401E4-00169/001"",""name"":""สามทางpvc12/"",""qty"":""1""},{""code"":""0401E8-00088/002"",""name"":""ท่อpvc1/2"",""qty"":""3""}]";60;;;;false;
5ca2b39c-e4a3-4891-8741-9fb150fe7492;260702001;8137c5d0-65e4-461a-b094-5c5f0dbbed04;755d8bf8-abaf-4e67-8c66-c04dab7755d0;ed438e9e-f1f6-424c-9024-b0f86509d249;749967f5-c6e1-4141-90c0-400505c5dd2a;กาญจนา;หลอดไฟหน้าบริษัท ข้างป้อม รปภ. ไฟไม่ติด 1 ดวง;https://xhkjaeapzuzvequgdode.supabase.co/storage/v1/object/public/repair-images/8137c5d0-65e4-461a-b094-5c5f0dbbed04/1782960161078_1782959086198.jpg;completed;2600fa0f-deae-4983-a9a4-a6253f0f8ad0;0c4b9136-172d-4a37-82e6-5ee810cf0fe9;2026-07-02 08:21:59.401+00;;2026-07-08 04:42:00.308+00;2026-07-08 06:14:17.313+00;;2026-07-02 02:42:41.73949+00;2026-07-08 06:14:17.374401+00;เปลี่ยนแล้วครับ 1 หลอดรอบรั้ว;"[{""code"":"""",""name"":"""",""qty"":""1""}]";73;;;;false;
ff61e3c9-08d0-44a3-9f22-ca7361d9d981;260703007;48700aa2-591f-4725-85ce-be044298c6be;72e122e2-76e3-44aa-a586-0a3f86291d77;d6968cf7-550a-4991-bad4-638935a88c22;0478cc79-34cd-4c66-a511-c6879bc24954;สำราญ;เซนเซอร์จับใบมีดชำรุด;;completed;18315ef5-0d9a-4c48-836b-d172ad01c347;618867a9-9f7c-4e77-96cd-3c6be6f2a0ac;2026-07-04 09:16:41.021+00;;2026-07-06 01:41:53.01+00;2026-07-08 09:11:42.882+00;;2026-07-03 06:13:11.350916+00;2026-07-08 09:11:43.308503+00;เปลี่ยนproximityE2E-X5F1 2M SWiTHและชุดรีเลย์;"[{""code"":""0401E8-00041/004"",""name"":""Proximity e2e-x5f1 2m swith"",""qty"":""1""},{""code"":""0401E8-00074/014"",""name"":""รีเลย์JQX-10F3zd24v11ขา"",""qty"":""4""},{""code"":""0401E8-00102/002"",""name"":""ซ็อคเก็ตPF-113AE\""OMRON\"""",""qty"":""4""},{""code"":""0401E4-00147/001"",""name"":""พัดลมตู้คอนโทรล4\""220V"",""qty"":""2""}]";37;;;;false;
18206b7f-f359-4669-b0f2-a7736b56a4aa;260710003;e9bad159-eaba-4145-9b50-775a5ee635c7;755d8bf8-abaf-4e67-8c66-c04dab7755d0;8568e49e-eef5-4361-aaf6-76d025693e77;31101fe5-2d24-4aac-9bf3-687eca77dcb7;จุฑาทิพย์;หลอดไฟเบอร์ 26 ไฟไม่ติด 1 หลอด บริเวณที่จุ่มขนม Qc;;completed;2600fa0f-deae-4983-a9a4-a6253f0f8ad0;0c4b9136-172d-4a37-82e6-5ee810cf0fe9;2026-07-11 02:09:01.824+00;;2026-07-11 07:09:15.262+00;2026-09-15 02:42:13.062+00;;2026-07-10 09:32:12.943873+00;2026-09-15 02:42:13.223889+00;เปลี่ยนหลอดไฟให้ใหม่แทนที่ของเดิมที่ชำรุด;"[{""code"":""0401E6-00013\t015"",""name"":""หลอดไฟ Shining นีออน LED Tube T8"",""qty"":""1หลอด""}]";73;;;;false;
70405f17-c5ca-4013-baad-1c56cdf196fb;260706008;26ab14fe-f8cc-4dfa-b1c3-a8c1416320d5;755d8bf8-abaf-4e67-8c66-c04dab7755d0;4bddcd3a-5051-4595-8a09-3afe48fc8dfc;02fe1b9d-a4d6-4b7a-bc33-d466c33c137b;มนชิตา;รถเข็นขยะหัก;https://xhkjaeapzuzvequgdode.supabase.co/storage/v1/object/public/repair-images/26ab14fe-f8cc-4dfa-b1c3-a8c1416320d5/1783329665995_1944.jpg;completed;2600fa0f-deae-4983-a9a4-a6253f0f8ad0;0c4b9136-172d-4a37-82e6-5ee810cf0fe9;2026-07-07 04:49:13.785+00;https://xhkjaeapzuzvequgdode.supabase.co/storage/v1/object/public/repair-images/2600fa0f-deae-4983-a9a4-a6253f0f8ad0/done_1783736521626_1000015518.jpg;2026-07-11 02:22:08.664+00;2026-07-11 02:52:50.38+00;;2026-07-06 09:20:59.322523+00;2026-07-11 02:52:48.699646+00;เชื่อมเสร็จแล้วครับ;[];66;;;;false;
62917a50-6584-4b72-9719-76c7179943ef;260724006;884605bc-79ae-4186-8c03-c7a927fddef2;755d8bf8-abaf-4e67-8c66-c04dab7755d0;3f463100-d4f4-4b12-a205-54cfabbdd77a;156e13a6-f108-4e01-ba16-07c8989000a2;อภิชัย;ม่านพลาสติกประตูห้องน้ำผลิตขาด;;pending_assign;;;;;;;;2026-07-24 07:37:16.335157+00;2026-07-24 07:37:18.045993+00;;[];146;;;;false;
d9ef5471-fdf0-4e6c-a1f8-aedcdbcbad4a;260803002;b84cdf82-1dd9-4d41-96a9-979f3b625fe3;72e122e2-76e3-44aa-a586-0a3f86291d77;3f463100-d4f4-4b12-a205-54cfabbdd77a;2b68f5fc-ad53-4ab2-b06f-1c0d5edca1ef;ศศิภา;พัดลมเบอร์10 ช็อต;;completed;d115f163-f902-496c-9630-73dee8d85e47;618867a9-9f7c-4e77-96cd-3c6be6f2a0ac;2026-08-03 03:26:02.878+00;;2026-08-03 06:07:05.768+00;2026-08-03 07:14:54.766+00;;2026-08-03 03:00:13.11577+00;2026-08-03 07:14:52.263157+00;ปลั๊กชำรุดทำการเปลี่ยนใหม่;"[{""code"":""0401E4-00026/001"",""name"":""ปลั๊กตัวผู้แบบยาง 3ขา"",""qty"":""1""}]";175;date;2026-08-03;;false;
ddbf5cc2-3e52-4305-86e1-e1051675d922;260717002;8137c5d0-65e4-461a-b094-5c5f0dbbed04;755d8bf8-abaf-4e67-8c66-c04dab7755d0;a3e64439-c1fa-4645-b93a-2880d8809946;7b8db7fc-3d09-4ec3-85c3-1e1d2d5aa664;กาญจนา;ใต้ศาลพระภูมิมีรอยแตกปูน ทำให้ลวดโผล่ออกมาเป็นสนิม;https://xhkjaeapzuzvequgdode.supabase.co/storage/v1/object/public/repair-images/8137c5d0-65e4-461a-b094-5c5f0dbbed04/1784252386624_438722.jpg;completed;2600fa0f-deae-4983-a9a4-a6253f0f8ad0;0c4b9136-172d-4a37-82e6-5ee810cf0fe9;2026-07-18 07:27:28.547+00;https://xhkjaeapzuzvequgdode.supabase.co/storage/v1/object/public/repair-images/2600fa0f-deae-4983-a9a4-a6253f0f8ad0/done_1784517943056_1000016140.jpg;2026-07-20 03:25:49.939+00;2026-07-20 03:35:40.326+00;;2026-07-17 01:39:46.028561+00;2026-07-20 03:35:40.425324+00;แก้ไขเสร็จแล้วครับ;[];110;;;;false;
ea9c1c14-8dd5-4329-9c27-2d68e02a4be8;260713007;521a9c93-4039-465c-8f7a-1c0137efc8ef;dd98b2b3-c0ed-48b6-b3f4-139b89c539c7;0b3d47a4-fb51-4039-80a6-e37387b5b088;eff7f6d4-7e23-4904-ac64-0c9c33a91e11;ศศิธร;วันที่เบิ้ล;;completed;bd10cd0f-07af-4f58-87d9-595a76cd55f5;9b15b405-4695-46a4-b384-ee5feb992a7c;2026-07-14 01:06:49.001+00;;2026-07-18 07:30:37.691+00;2026-07-22 03:07:36.533+00;;2026-07-13 09:43:33.156379+00;2026-07-22 03:07:36.82123+00;เปลี่ยนระบบควบคุม การส่งสัญญาณใหม่;"[{""code"":""0401E8-00074 / 007"",""name"":""รีเลย์ MY4N 220 VAC"",""qty"":""2""},{""code"":""0401E8-00074/001"",""name"":""รีเลย์ MY4N 24VDC พร้อมซอกเก็ต OMRON"",""qty"":""3""}]";85;;;;false;
2ff3b9cc-31dc-459a-9735-d12d0822b354;260714002;8137c5d0-65e4-461a-b094-5c5f0dbbed04;755d8bf8-abaf-4e67-8c66-c04dab7755d0;a3e64439-c1fa-4645-b93a-2880d8809946;7b8db7fc-3d09-4ec3-85c3-1e1d2d5aa664;กาญจนา;ที่กดสบู่ชั้น1 และชั้น2 ห้องน้ำหญิง กดสบู่ไม่ออก;https://xhkjaeapzuzvequgdode.supabase.co/storage/v1/object/public/repair-images/8137c5d0-65e4-461a-b094-5c5f0dbbed04/1783996182199_1783996128650.jpg;completed;6fff3037-214c-4188-8332-997730090207;0c4b9136-172d-4a37-82e6-5ee810cf0fe9;2026-07-14 04:25:12.213+00;;2026-07-17 03:19:11.177+00;2026-07-17 04:23:05.894+00;;2026-07-14 02:29:42.714522+00;2026-07-17 04:23:06.139479+00;ไม่สามารถ​ซ่อม​ใช้​งานได้​ เนื่องจากอุปกรณ์​ภายในชำรุดมากเกินไป;[];87;;;;false;
b0626591-ab9d-42e0-a684-6a0fb8501d55;260702002;e9bad159-eaba-4145-9b50-775a5ee635c7;755d8bf8-abaf-4e67-8c66-c04dab7755d0;adb443a5-1888-4830-a0d6-bd78bbc7292b;7dfc60e0-99ed-4aa5-be02-f395912addf7;อาภาศิริ;แอร์มีเสียงดัง;https://xhkjaeapzuzvequgdode.supabase.co/storage/v1/object/public/repair-images/e9bad159-eaba-4145-9b50-775a5ee635c7/1782962582790_IMG_9775.jpeg;completed;6fff3037-214c-4188-8332-997730090207;0c4b9136-172d-4a37-82e6-5ee810cf0fe9;2026-07-02 08:21:46.457+00;;2026-07-11 03:20:21.411+00;2026-07-14 04:32:16.75+00;;2026-07-02 03:23:03.732635+00;2026-07-14 04:32:17.467624+00;เปลี่ยนลูกปืนให้ใหม่ให้เสียงเงียบลงใช้งานราบรื่นตามปกติ;"[{""code"":""0401E2-00059\t001"",""name"":""ตลับลูกปืน 6202 ZZ SKF"",""qty"":""2ลูก""}]";88;;;;false;
7bd9c3d2-7ad5-4841-b43a-31f0891de891;260713001;8137c5d0-65e4-461a-b094-5c5f0dbbed04;755d8bf8-abaf-4e67-8c66-c04dab7755d0;a3e64439-c1fa-4645-b93a-2880d8809946;7b8db7fc-3d09-4ec3-85c3-1e1d2d5aa664;กาญจนา;ขาที่เหลาดินสอหลุด (สินค้าวางที่โต๊ะตั๊กบุคคล);https://xhkjaeapzuzvequgdode.supabase.co/storage/v1/object/public/repair-images/8137c5d0-65e4-461a-b094-5c5f0dbbed04/1783908393649_130769.jpg;completed;6fff3037-214c-4188-8332-997730090207;0c4b9136-172d-4a37-82e6-5ee810cf0fe9;2026-07-14 04:22:34.407+00;;2026-07-16 01:50:42.264+00;2026-07-16 07:17:24.864+00;;2026-07-13 02:06:34.060957+00;2026-07-16 07:17:24.924757+00;ได้ทำการแก้ไขให้เรียบร้อยใช้งานได้ตามปกติ;[];79;;;;false;
9cfc2990-0241-4d0e-abe5-187bf881e03b;260819006;30f1cdf3-6892-4cd6-8a52-882bb331e7be;755d8bf8-abaf-4e67-8c66-c04dab7755d0;d3d2f3c0-857f-4081-b48b-406d75d3f008;aa32635e-d51b-4be1-90b2-a9eea58ac783;ศรีไพ;หลอดไฟ ช็อปช่างผลิตขาดจำนวน  4 หลอด;;completed;6fff3037-214c-4188-8332-997730090207;0c4b9136-172d-4a37-82e6-5ee810cf0fe9;2026-08-20 03:47:52.032+00;;2026-08-21 08:16:26.802+00;2026-08-21 08:59:34.235+00;;2026-08-19 02:19:23.735187+00;2026-08-21 08:59:34.228335+00;แก้ไขเปลี่ยนหลอดไฟให้ใหม่​ ติดตั้งเพิ่มใช้งานได้ตามปกติ;"[{""code"":""1.0401E4-00415\t011"",""name"":""โคมกันน้ำกันฝุ่น 2x36W (เฉพาะโคม)"",""qty"":""1""},{""code"":""2.0401E6-00013\t015"",""name"":""หลอดไฟ Shining นีออน LED Tube T8"",""qty"":""4""}]";311;date;2026-08-19;;false;
1979caf1-a1f6-484e-ae3b-2aa1334093df;260907004;5a5b8e92-7aea-4790-a99a-ba47c443af3d;755d8bf8-abaf-4e67-8c66-c04dab7755d0;345306ff-af94-4a88-8959-3ef69a24ae24;e23ec708-2f30-43c7-a9b8-b770d2c4a0ff;ศกลวรรณ;ซ่อมเครื่องฉีดน้ำค่ะ ใช้งานไม่ได้ค่ะ;;awaiting_review;6fff3037-214c-4188-8332-997730090207;0c4b9136-172d-4a37-82e6-5ee810cf0fe9;2026-09-08 02:01:42.719+00;;2026-09-15 08:13:16.713+00;;;2026-09-07 11:48:55.281365+00;2026-09-15 08:13:18.302923+00;แก้ไขลูกปืนปั้มใหม่ล้างทำความสะอาดเติมน้ำมันปั้มใช้งานตามปกติ;[];437;date;2026-09-14;;false;
7968f9c3-fd1f-4724-86d2-1d6e2d07e580;260724002;a364e18d-2359-42b5-bea7-f3538481f114;dd98b2b3-c0ed-48b6-b3f4-139b89c539c7;cee4bac9-45b4-4d53-9b29-1d4c115720eb;38b273a1-5caa-446a-939f-0e7cd4de0b03;ตะวัน;ท่อลมรั่ว;;completed;bd10cd0f-07af-4f58-87d9-595a76cd55f5;9b15b405-4695-46a4-b384-ee5feb992a7c;2026-07-24 08:19:05.804+00;;2026-07-24 09:52:42.255+00;2026-07-25 07:17:06.223+00;;2026-07-24 02:04:22.424539+00;2026-07-25 07:17:05.746145+00;เปลี่ยนสายลมใหม่;[];146;date;2026-07-24;;false;
a3ae9e06-b5fa-4459-959a-78ca8fe1d469;260724001;b84cdf82-1dd9-4d41-96a9-979f3b625fe3;72e122e2-76e3-44aa-a586-0a3f86291d77;3f463100-d4f4-4b12-a205-54cfabbdd77a;2b68f5fc-ad53-4ab2-b06f-1c0d5edca1ef;ศศิภา;พัดลมเบอร์4 เปิดไม่ติด;;completed;14a61d91-95ef-411a-b313-dae02e0f86a9;618867a9-9f7c-4e77-96cd-3c6be6f2a0ac;2026-07-24 07:44:24.275+00;;2026-07-27 03:06:28.897+00;2026-08-03 03:00:25.253+00;;2026-07-24 01:11:20.055613+00;2026-08-03 03:00:22.474092+00;เปลี่ยนปลั๊กตัวผู้ใหม่;"[{""code"":""0401E4-00026    001"",""name"":""ปลั๊กตัวผู้แบบยาง 3 ขา"",""qty"":""1""}]";145;;;;false;
e07b1f13-fdbb-4c99-8cd2-db3c04708695;260731003;8137c5d0-65e4-461a-b094-5c5f0dbbed04;755d8bf8-abaf-4e67-8c66-c04dab7755d0;a3e64439-c1fa-4645-b93a-2880d8809946;7b8db7fc-3d09-4ec3-85c3-1e1d2d5aa664;กาญจนา;ซ่อมเสาธงหัวบัว 1 หัวเสา;https://xhkjaeapzuzvequgdode.supabase.co/storage/v1/object/public/repair-images/8137c5d0-65e4-461a-b094-5c5f0dbbed04/1785486942280_453547.jpg;completed;2600fa0f-deae-4983-a9a4-a6253f0f8ad0;0c4b9136-172d-4a37-82e6-5ee810cf0fe9;2026-08-06 06:38:47.817+00;https://xhkjaeapzuzvequgdode.supabase.co/storage/v1/object/public/repair-images/2600fa0f-deae-4983-a9a4-a6253f0f8ad0/done_1786067732250_1000017256.jpg;2026-08-07 01:55:32.905+00;2026-08-07 02:00:12.389+00;;2026-07-31 08:35:42.940471+00;2026-08-07 02:00:12.543612+00;ติดตั้งเสร็จแล้วครับเสาธง;[];168;date;2026-08-06;2026-08-10 08:35:42.701+00;false;
5fc5c294-4209-446b-bbe1-d429e85437bd;260904004;5a5b8e92-7aea-4790-a99a-ba47c443af3d;755d8bf8-abaf-4e67-8c66-c04dab7755d0;345306ff-af94-4a88-8959-3ef69a24ae24;e23ec708-2f30-43c7-a9b8-b770d2c4a0ff;ศกลวรรณ;ทาสีเส้นแดงห้องโหลดฝั่งสโตร์ห้องเครื่องค่ะ;;in_progress;6fff3037-214c-4188-8332-997730090207;0c4b9136-172d-4a37-82e6-5ee810cf0fe9;2026-09-04 07:19:18.586+00;;;;;2026-09-04 04:05:47.583012+00;2026-09-04 07:19:18.742719+00;;[];425;date;2026-09-12;;false;
ebe14ed9-31bc-4dec-82a4-a4fa1eda764c;260714004;8d8a3186-6bd4-42c3-9dc2-8553ce10510c;dd98b2b3-c0ed-48b6-b3f4-139b89c539c7;fd0f8f24-436d-437e-9027-f2d749e6701b;dd7126cd-0583-4096-b96c-9940a7f7fb86;มาไลย;ไลน์7-11 มีสายพาน No4และNo.5  ช่วยทำตัวครอบลูกกลิ้งหมุนเพื่อป้องกันไม่ให้เกิดอันตรายหรือจารบีหยดลงพื้นอาจเปื้อนเสื้อผ้าพนักงานที่ไปทำงานใกล้ตรงจุดนั้นได้;https://xhkjaeapzuzvequgdode.supabase.co/storage/v1/object/public/repair-images/8d8a3186-6bd4-42c3-9dc2-8553ce10510c/1784022492162_S__6275204.jpg;completed;bd10cd0f-07af-4f58-87d9-595a76cd55f5;9b15b405-4695-46a4-b384-ee5feb992a7c;2026-07-15 01:04:26.957+00;;2026-07-20 02:28:02.207+00;2026-07-20 03:54:46.853+00;;2026-07-14 09:48:10.416853+00;2026-07-20 03:54:47.383518+00;ทำฝาครอบลูกปืนอัดจาระบี;[];91;;;;false;
2deab1f9-9285-4b5b-846a-1d8308ba2fcd;260713005;b84cdf82-1dd9-4d41-96a9-979f3b625fe3;72e122e2-76e3-44aa-a586-0a3f86291d77;3b9c8b03-1b6b-46a8-91a1-c68f9427058e;c9839d81-c9a1-460a-926b-2d1441b3f5ad;ศศิภา;ลูกปืนแตก;;completed;d115f163-f902-496c-9630-73dee8d85e47;618867a9-9f7c-4e77-96cd-3c6be6f2a0ac;2026-07-14 04:20:08.338+00;;2026-07-20 02:24:32.998+00;2026-07-21 01:16:48.021+00;;2026-07-13 08:18:06.063952+00;2026-07-21 01:16:48.001327+00;ลูกปืนแตกทำการเปลี่ยนใหม่;"[{""code"":""0401e2-00023/001"",""name"":""ตลับลูกปืน UCP 207"",""qty"":""1""}]";83;;;;false;
96c4ad29-56f6-4777-bdd9-a74f9b92b75e;260716006;a364e18d-2359-42b5-bea7-f3538481f114;755d8bf8-abaf-4e67-8c66-c04dab7755d0;4bddcd3a-5051-4595-8a09-3afe48fc8dfc;02fe1b9d-a4d6-4b7a-bc33-d466c33c137b;ตะวัน;หลอดไฟห้องเครื่องแนวตั้งเบอร์ 63เสียหนึ่งดวง (ซ่อมได้หลังจบงาน 19:00);;completed;2600fa0f-deae-4983-a9a4-a6253f0f8ad0;0c4b9136-172d-4a37-82e6-5ee810cf0fe9;2026-07-17 01:23:59+00;;2026-07-22 03:49:27.182+00;2026-07-22 08:59:39.677+00;;2026-07-16 06:44:23.177478+00;2026-07-22 08:59:37.046664+00;เปลี่ยนแล้วครับ 1 หลอด;"[{""code"":""0401E6/0013015"",""name"":""1 หลอด"",""qty"":""1""}]";101;;;;false;
2de10710-c2ec-4867-841f-e782bca43c75;260714001;e3a953a0-5f12-47fe-8c19-d0dabc13076a;72e122e2-76e3-44aa-a586-0a3f86291d77;32ef7fab-ec72-4e78-8d94-67669bb1e558;363b6d55-9c39-49b4-bd6a-ce7051c3cb1c;สำราญ;มอเตอร์ไม่หมุน;;completed;14a61d91-95ef-411a-b313-dae02e0f86a9;618867a9-9f7c-4e77-96cd-3c6be6f2a0ac;2026-07-14 04:20:22.534+00;;2026-07-15 08:41:27.149+00;2026-08-04 10:45:38.363+00;;2026-07-14 01:27:16.05672+00;2026-08-04 10:45:38.867565+00;ทำการเปลี่ยนลูกปืนใหม่;"[{""code"":""0401E2-00089    003"",""name"":""ตลับลูกปืน 6309 Z/C3 SKF"",""qty"":""2""}]";86;;;;false;
16987573-0bf7-463b-a4f9-23dfdb5a0cfc;260715003;26ab14fe-f8cc-4dfa-b1c3-a8c1416320d5;755d8bf8-abaf-4e67-8c66-c04dab7755d0;c721925f-3ae1-4c88-9444-0c0fe6ef1b9f;1fb8d1b0-da80-47da-bb55-c01a4d8432b8;มนชิตา;หัวฝืด ไม่ค่อยเคลื่อน;;completed;6fff3037-214c-4188-8332-997730090207;0c4b9136-172d-4a37-82e6-5ee810cf0fe9;2026-07-16 04:08:07.727+00;;2026-07-23 06:30:30.246+00;2026-07-23 07:20:04.693+00;;2026-07-15 07:03:22.073614+00;2026-07-23 07:20:05.019062+00;เปลี่ยนลูกปืนล้อให้ใหม่ใช้งานตามปกติ;"[{""code"":""0401E2-00034/003"",""name"":""ลูกปืน​6204"",""qty"":""2ลูก""}]";94;;;;false;
86dc8857-4579-4a16-ba6f-2857464d827b;260815003;8137c5d0-65e4-461a-b094-5c5f0dbbed04;755d8bf8-abaf-4e67-8c66-c04dab7755d0;a3e64439-c1fa-4645-b93a-2880d8809946;7b8db7fc-3d09-4ec3-85c3-1e1d2d5aa664;กาญจนา;ห้องน้ำหญิง ชั้น3 ห้องที่1 สายฉีดน้ำค้าง;https://xhkjaeapzuzvequgdode.supabase.co/storage/v1/object/public/repair-images/8137c5d0-65e4-461a-b094-5c5f0dbbed04/1786766365606_472615.jpg;completed;2600fa0f-deae-4983-a9a4-a6253f0f8ad0;0c4b9136-172d-4a37-82e6-5ee810cf0fe9;2026-08-15 06:41:25.396+00;https://xhkjaeapzuzvequgdode.supabase.co/storage/v1/object/public/repair-images/2600fa0f-deae-4983-a9a4-a6253f0f8ad0/done_1786931252271_1000018179.jpg;2026-08-17 01:47:33.832+00;2026-08-17 08:08:30.046+00;;2026-08-15 03:59:26.339959+00;2026-08-17 08:08:30.230272+00;แก้ไขเรียบร้อยแล้วครับ;[];255;date;2026-08-18;2026-08-25 03:59:26.252+00;false;
d4b9dd1f-30cc-4fdd-afed-feffebc36a20;260716001;521a9c93-4039-465c-8f7a-1c0137efc8ef;755d8bf8-abaf-4e67-8c66-c04dab7755d0;4bddcd3a-5051-4595-8a09-3afe48fc8dfc;02fe1b9d-a4d6-4b7a-bc33-d466c33c137b;ศศิธร;แอร์เบอร์19เปิดไม่ติด;;completed;6fff3037-214c-4188-8332-997730090207;0c4b9136-172d-4a37-82e6-5ee810cf0fe9;2026-07-16 04:07:47.086+00;;2026-07-17 01:50:16.112+00;2026-07-17 04:47:31.352+00;;2026-07-16 01:09:44.578864+00;2026-07-17 04:47:31.505089+00;ไม่สามารถซ่อมแซมได้​ เนื่องจากอุปกรณ์​ส่วนต่างๆและสภาพโดยรวมของเครื่องชำรุดมาก;[];95;;;;false;
9b8d30b6-f8f3-4c20-b85c-a1f0099fe056;260810003;252efc88-d4bb-4554-9d6e-8ac27631ddc6;755d8bf8-abaf-4e67-8c66-c04dab7755d0;bf714b82-b7ad-451b-86ce-c9395469f118;4491c361-12cd-4866-af5c-dabb85beb27a;พรสวรรค์;น้ำหยด;;completed;2600fa0f-deae-4983-a9a4-a6253f0f8ad0;0c4b9136-172d-4a37-82e6-5ee810cf0fe9;2026-08-10 07:27:05.956+00;;2026-08-10 09:34:30.38+00;2026-09-02 09:49:42.779+00;;2026-08-10 03:37:50.159197+00;2026-09-02 09:49:42.609697+00;แก้ไขเรียบร้อยแล้วครับ;[];210;date;2026-08-10;;false;
16dce9cc-93d8-4ece-9567-d02f887916cb;260717004;a364e18d-2359-42b5-bea7-f3538481f114;dd98b2b3-c0ed-48b6-b3f4-139b89c539c7;fd0f8f24-436d-437e-9027-f2d749e6701b;dd7126cd-0583-4096-b96c-9940a7f7fb86;ตะวัน;ปุ่มกดหยุด Emergency ตรงจุดห้องเครื่องแนวตั้งชำรุด;https://xhkjaeapzuzvequgdode.supabase.co/storage/v1/object/public/repair-images/a364e18d-2359-42b5-bea7-f3538481f114/1784258608102_Emergency.jpg;completed;aee8cef8-8534-459f-94b8-9de40933bee7;9b15b405-4695-46a4-b384-ee5feb992a7c;2026-07-17 06:09:09.084+00;;2026-08-01 06:48:07.449+00;2026-08-01 06:49:43.376+00;;2026-07-17 03:23:27.441152+00;2026-08-01 06:49:41.505773+00;เปลี่ยนEmergency Switchตัวใหม่;"[{""code"":""0401E8-00083/002"",""name"":""Emergency stop 22mm. 1NC"",""qty"":""1ตัว""}]";112;;;;true;
ab5188f4-3bb5-41e6-91d5-ec460f00b38b;260829010;8d8a3186-6bd4-42c3-9dc2-8553ce10510c;dd98b2b3-c0ed-48b6-b3f4-139b89c539c7;b93b4434-5fe8-41c2-ba79-67512c3c1ad8;943be9ee-ec5a-4b6d-9c34-767cee4bf83c;มาไลย;ทำตัวล็อกเก็บท่อลมรีดซองเพราะต้องใช้รีดอย่างอื่นด้วย;https://xhkjaeapzuzvequgdode.supabase.co/storage/v1/object/public/repair-images/8d8a3186-6bd4-42c3-9dc2-8553ce10510c/1787984786301_IMG_1702.jpeg;completed;aee8cef8-8534-459f-94b8-9de40933bee7;9b15b405-4695-46a4-b384-ee5feb992a7c;2026-08-29 08:04:40.497+00;;2026-09-03 01:02:28.199+00;2026-09-04 06:21:23.178+00;;2026-08-29 06:26:28.545825+00;2026-09-04 06:21:23.407035+00;ใส่สปริงดึงล็อคขาวาล์วไนโตรเจน;[];374;date;2026-09-01;;false;
8a748d67-b477-4e2f-84bc-437eb7b4832a;260716012;48700aa2-591f-4725-85ce-be044298c6be;72e122e2-76e3-44aa-a586-0a3f86291d77;d6968cf7-550a-4991-bad4-638935a88c22;cf7822c0-37a9-4e94-b8be-fbb45e6a2228;สำราญ;แผงแก๊สไม่ติดแก๊สออกแดง;;awaiting_review;18315ef5-0d9a-4c48-836b-d172ad01c347;618867a9-9f7c-4e77-96cd-3c6be6f2a0ac;2026-07-17 01:24:55.048+00;;2026-09-15 08:51:43.147+00;;;2026-07-16 08:57:23.864758+00;2026-09-15 08:51:44.415148+00;เปลี่ยนแผ่นรังผึ้ง91×133×14มิล(ใช้อะไหล่ที่มีอยู่);[];107;;;;false;
00b25659-02f5-484e-b00d-684d74a0aa24;260722004;b84cdf82-1dd9-4d41-96a9-979f3b625fe3;755d8bf8-abaf-4e67-8c66-c04dab7755d0;3f463100-d4f4-4b12-a205-54cfabbdd77a;156e13a6-f108-4e01-ba16-07c8989000a2;ศศิภา;เครื่องฉีดน้ำเบอร์1 ตัวต่อสายยางแตก;;completed;6fff3037-214c-4188-8332-997730090207;0c4b9136-172d-4a37-82e6-5ee810cf0fe9;2026-07-24 07:41:13.259+00;;2026-07-24 09:26:00.417+00;2026-07-24 09:33:59.461+00;;2026-07-22 04:58:55.929461+00;2026-07-24 09:33:58.856709+00;แก้ไขเปลี่ยนจุกต่อน้ำให้ใหม่ใช้งานตามปกติ;[];137;;;;false;
646b5ff9-c7f1-4846-a8fa-0a3dc732c80f;260717003;8d8a3186-6bd4-42c3-9dc2-8553ce10510c;755d8bf8-abaf-4e67-8c66-c04dab7755d0;4bddcd3a-5051-4595-8a09-3afe48fc8dfc;02fe1b9d-a4d6-4b7a-bc33-d466c33c137b;มาไลย;หลอดไฟ No.123(ขาด) No.136และNo.139(หลอดไม่ค่อยสว่าง)ชุดละ 1หลอด;;completed;2600fa0f-deae-4983-a9a4-a6253f0f8ad0;0c4b9136-172d-4a37-82e6-5ee810cf0fe9;2026-07-20 01:58:58.633+00;;2026-07-22 03:46:27.344+00;2026-07-22 08:34:27.616+00;;2026-07-17 03:01:56.539087+00;2026-07-22 08:34:28.027195+00;เปลี่ยนแล้วครับ;"[{""code"":""0401E6-00013015"",""name"":""สั่งหลอดครับ"",""qty"":""2""}]";111;;;;false;
c45ff7a9-dc82-471a-815e-32fa971ce68c;260731001;26ab14fe-f8cc-4dfa-b1c3-a8c1416320d5;dd98b2b3-c0ed-48b6-b3f4-139b89c539c7;60fdb7f3-75ed-46f3-8c68-76cea1818c8c;5acd961a-72e3-4aad-9298-ccb61b5de76c;มนชิตา;ปืนยิงกาวไลน์มือเบอร์ 62 พบปัญหายิงกาวไม่ร้อน / ไลน์มือบรรจุส่งออก;;completed;aee8cef8-8534-459f-94b8-9de40933bee7;9b15b405-4695-46a4-b384-ee5feb992a7c;2026-07-31 07:04:49.557+00;;2026-08-01 07:46:36.09+00;2026-08-03 03:14:49.596+00;;2026-07-31 06:37:37.211087+00;2026-08-03 03:14:47.539815+00;ตัดต่อสายไฟใหม่;[];166;date;2026-08-05;;false;
c02ff7ee-c7c5-4158-b176-87be6151d49b;260814007;a364e18d-2359-42b5-bea7-f3538481f114;755d8bf8-abaf-4e67-8c66-c04dab7755d0;4bddcd3a-5051-4595-8a09-3afe48fc8dfc;02fe1b9d-a4d6-4b7a-bc33-d466c33c137b;ตะวัน;กระจกกั้นห้องเครื่องแนวตั้งตรงบริเวณเครื่อง2Bฟิล์มติดกระจกลอกออก (แก้ได้หลังจบงาน);https://xhkjaeapzuzvequgdode.supabase.co/storage/v1/object/public/repair-images/a364e18d-2359-42b5-bea7-f3538481f114/1786693470458_Marror.jpg;pending_assign;;;;;;;;2026-08-14 07:44:29.160318+00;2026-08-24 08:17:53.068715+00;;[];;within_10_days;;2026-08-24 07:44:30.831+00;false;2026-08-24 08:17:53.068715+00
68aad52a-42b5-4076-984e-ca997705a8c8;260813002;48700aa2-591f-4725-85ce-be044298c6be;72e122e2-76e3-44aa-a586-0a3f86291d77;3f463100-d4f4-4b12-a205-54cfabbdd77a;2b68f5fc-ad53-4ab2-b06f-1c0d5edca1ef;สำราญ;เวอร์เนียร์V-EN-003ชำรุด;;completed;18315ef5-0d9a-4c48-836b-d172ad01c347;618867a9-9f7c-4e77-96cd-3c6be6f2a0ac;2026-08-14 03:01:33.345+00;;2026-08-14 03:51:14.602+00;2026-08-14 04:13:08.994+00;;2026-08-13 03:58:13.426749+00;2026-08-14 04:13:09.868793+00;แก้ไขยึดน๊อตสกรูใช้งานปกติ;[];219;date;2026-08-13;;false;
5b1d7dfd-5a34-46c2-a93e-f11baefa6ade;260715001;8d8a3186-6bd4-42c3-9dc2-8553ce10510c;755d8bf8-abaf-4e67-8c66-c04dab7755d0;4bddcd3a-5051-4595-8a09-3afe48fc8dfc;02fe1b9d-a4d6-4b7a-bc33-d466c33c137b;มาไลย;หลอดไฟชุด No132 หลอดไฟไม่ติด 1หลอด;;completed;6fff3037-214c-4188-8332-997730090207;0c4b9136-172d-4a37-82e6-5ee810cf0fe9;2026-07-16 04:07:56.19+00;;2026-07-17 03:23:39.1+00;2026-07-20 03:53:58.625+00;;2026-07-15 01:38:36.093717+00;2026-07-20 03:53:58.894694+00;เปลี่ยน​หลอด​ไ​ฟให้​ใหม่​ใช้​งานได้​ตามปกติ​;"[{""code"":""0401E6-00013\t015"",""name"":""หลอดไฟ Shining นีออน LED Tube T8"",""qty"":""1​หลอด""}]";92;;;;false;
2774cf2a-59e9-4cc6-b74e-acc2948a6379;260820003;48700aa2-591f-4725-85ce-be044298c6be;72e122e2-76e3-44aa-a586-0a3f86291d77;1d4b301a-55da-462e-83a0-d444bc0ae82d;fdab1cac-b933-4107-a7e3-1d902a9f7951;สำราญ;สายพานชำรุด;;waiting_parts;18315ef5-0d9a-4c48-836b-d172ad01c347;618867a9-9f7c-4e77-96cd-3c6be6f2a0ac;2026-08-20 03:49:12.904+00;;;;;2026-08-20 02:14:42.491282+00;2026-08-20 06:02:46.783537+00;;[];299;date;2026-08-22;;false;
fce7553e-ff6e-48a1-b113-50d3fe65bbfb;260818002;521a9c93-4039-465c-8f7a-1c0137efc8ef;dd98b2b3-c0ed-48b6-b3f4-139b89c539c7;b93b4434-5fe8-41c2-ba79-67512c3c1ad8;e1bda2a5-9f2e-4ada-ad54-2e14d6fccae5;ศศิธร;ทำสีรอบเครื่อง;;waiting_parts;bd10cd0f-07af-4f58-87d9-595a76cd55f5;9b15b405-4695-46a4-b384-ee5feb992a7c;2026-08-18 04:24:32.686+00;;;;;2026-08-18 02:48:53.803105+00;2026-08-21 07:54:59.408596+00;;[];272;date;2026-08-26;;false;
477aa4eb-0262-41ad-9907-1125c4e0d9cb;260713002;03a0cf66-b2be-46e7-b821-283251c576f8;755d8bf8-abaf-4e67-8c66-c04dab7755d0;ed438e9e-f1f6-424c-9024-b0f86509d249;749967f5-c6e1-4141-90c0-400505c5dd2a;วัชราภรณ์;ขอช่างมาเจาะผนังเพื่อติดเทอร์โมมิเตอร์แบบแขวนค่ะ คลังสินค้าบิ๊กวัน ประตู3;https://xhkjaeapzuzvequgdode.supabase.co/storage/v1/object/public/repair-images/03a0cf66-b2be-46e7-b821-283251c576f8/1783910528292_IMG_1469.jpeg;completed;2600fa0f-deae-4983-a9a4-a6253f0f8ad0;0c4b9136-172d-4a37-82e6-5ee810cf0fe9;2026-07-14 04:25:20.792+00;;2026-07-15 07:15:06.225+00;2026-07-17 03:40:23.184+00;;2026-07-13 02:42:11.376521+00;2026-07-17 03:40:21.499602+00;ติดตั้งเสร็จแล้วครับ;[];80;;;;false;
b7da84b1-8f55-4095-b21d-5689fe9fdc45;260703006;03a0cf66-b2be-46e7-b821-283251c576f8;755d8bf8-abaf-4e67-8c66-c04dab7755d0;22a2ca21-54ec-4727-891a-1361d4efe96c;418d4293-c455-48ba-88a3-a9d66b3efe6c;วัชราภรณ์;ล้อ ดอกยางสึก;https://xhkjaeapzuzvequgdode.supabase.co/storage/v1/object/public/repair-images/03a0cf66-b2be-46e7-b821-283251c576f8/1783050825308_S__118972576.jpg;completed;6fff3037-214c-4188-8332-997730090207;0c4b9136-172d-4a37-82e6-5ee810cf0fe9;2026-07-03 04:03:02.782+00;;2026-07-16 02:40:47.068+00;2026-07-17 03:40:27.344+00;;2026-07-03 03:53:41.22049+00;2026-07-17 03:40:25.658188+00;เปลี่ยนยางเส้นใหม่ให้ใช้งานได้ตามปกติ;"[{""code"":""99EXP-00265/003"",""name"":""ยางหลังใหม่ยางตัน600-9ยี้ห้อKomachi"",""qty"":""2""},{""code"":""99EXP-00265/004"",""name"":""ค่าบริการเปลี่ยนยางหลัง​ 2​ เส้น"",""qty"":""1""}]";97;;;;false;
e432ace1-4e25-4792-8db3-f9974e8e8b37;260723001;521a9c93-4039-465c-8f7a-1c0137efc8ef;755d8bf8-abaf-4e67-8c66-c04dab7755d0;99d3232b-2082-4b01-bd08-e740122f52cf;d463560f-a466-42c7-8e1e-4a8f31d6702f;ศศิธร;น้ำหยด;;completed;2600fa0f-deae-4983-a9a4-a6253f0f8ad0;0c4b9136-172d-4a37-82e6-5ee810cf0fe9;2026-07-25 08:37:15.371+00;https://xhkjaeapzuzvequgdode.supabase.co/storage/v1/object/public/repair-images/2600fa0f-deae-4983-a9a4-a6253f0f8ad0/done_1785123114466_1000016637.jpg;2026-07-27 03:31:55.634+00;2026-07-28 01:35:35.882+00;;2026-07-23 01:28:21.147161+00;2026-07-28 01:35:36.150063+00;แก้ไขเสร็จแล้วครับ;[];142;date;2026-07-28;;false;
981bac7a-6fca-42df-af09-32d6135a1480;260721003;b84cdf82-1dd9-4d41-96a9-979f3b625fe3;755d8bf8-abaf-4e67-8c66-c04dab7755d0;3f463100-d4f4-4b12-a205-54cfabbdd77a;156e13a6-f108-4e01-ba16-07c8989000a2;ศศิภา;ก๊อกน้ำอ่างล้างมือฝั่งเครื่องยิงเสีย;;completed;2600fa0f-deae-4983-a9a4-a6253f0f8ad0;0c4b9136-172d-4a37-82e6-5ee810cf0fe9;2026-07-21 04:52:27.963+00;https://xhkjaeapzuzvequgdode.supabase.co/storage/v1/object/public/repair-images/2600fa0f-deae-4983-a9a4-a6253f0f8ad0/done_1784691791558_1000016273.jpg;2026-07-22 03:43:15.595+00;2026-07-22 04:59:08.773+00;;2026-07-21 01:16:40.117035+00;2026-07-22 04:59:07.374932+00;แก้ไขเรียบร้อยแล้วครับ;"[{""code"":""0401E7/00054/028"",""name"":""จำนวน 1 ครับ"",""qty"":""1""}]";127;;;;false;
944cfa8e-d05a-4327-a085-c71140338eaf;260721006;26ab14fe-f8cc-4dfa-b1c3-a8c1416320d5;dd98b2b3-c0ed-48b6-b3f4-139b89c539c7;60fdb7f3-75ed-46f3-8c68-76cea1818c8c;5acd961a-72e3-4aad-9298-ccb61b5de76c;มนชิตา;ปืนยิงกาวเบอร์ 56 /ไลน์มือบรรจุส่งออก กาวไม่ร้อน;https://xhkjaeapzuzvequgdode.supabase.co/storage/v1/object/public/repair-images/26ab14fe-f8cc-4dfa-b1c3-a8c1416320d5/1784604618681_IMG_8471.jpeg;completed;aee8cef8-8534-459f-94b8-9de40933bee7;9b15b405-4695-46a4-b384-ee5feb992a7c;2026-07-22 01:05:51.24+00;;2026-07-22 08:17:48.043+00;2026-07-23 03:43:36.483+00;;2026-07-21 03:30:22.073258+00;2026-07-23 03:43:34.79935+00;ตัดต่อสายไฟใหม่;[];133;;;;false;
45a6b4bd-37da-453d-8b9f-a7d3f207c0dc;260718001;8137c5d0-65e4-461a-b094-5c5f0dbbed04;755d8bf8-abaf-4e67-8c66-c04dab7755d0;a3e64439-c1fa-4645-b93a-2880d8809946;7b8db7fc-3d09-4ec3-85c3-1e1d2d5aa664;กาญจนา;ท่อน้ำตรงจุดสูบบุหรี่ น้ำรั่ว;https://xhkjaeapzuzvequgdode.supabase.co/storage/v1/object/public/repair-images/8137c5d0-65e4-461a-b094-5c5f0dbbed04/1784363177795_37632.jpg;completed;2600fa0f-deae-4983-a9a4-a6253f0f8ad0;0c4b9136-172d-4a37-82e6-5ee810cf0fe9;2026-07-20 01:58:00.504+00;;2026-07-20 02:04:10.147+00;2026-07-20 02:13:56.1+00;;2026-07-18 08:26:18.501402+00;2026-07-20 02:13:56.199935+00;ซ่อมเรียบร้อยแล้วครับ;[];121;;;;false;
097a5f9c-865d-4675-b79e-abc3d65a164e;260810001;03a0cf66-b2be-46e7-b821-283251c576f8;755d8bf8-abaf-4e67-8c66-c04dab7755d0;ed438e9e-f1f6-424c-9024-b0f86509d249;749967f5-c6e1-4141-90c0-400505c5dd2a;วัชราภรณ์;ซ่อมไฟตรงรางสไลด์ ไฟกระพริบ 1 จุด;https://xhkjaeapzuzvequgdode.supabase.co/storage/v1/object/public/repair-images/03a0cf66-b2be-46e7-b821-283251c576f8/1786329691460_S__31875130.jpg;completed;6fff3037-214c-4188-8332-997730090207;0c4b9136-172d-4a37-82e6-5ee810cf0fe9;2026-08-13 03:47:30.074+00;;2026-08-18 04:25:30.026+00;2026-08-25 03:31:09.509+00;;2026-08-10 02:41:24.747663+00;2026-08-25 03:31:00.092364+00;"เปลี่ยนโคมไฟ​ให้​ใหม่​แทน​ของ​เดิม​ที่​ช​ำ​รุด​
0401E4-00415	007	
โคมไฟ HIGHBAY IWACHI GKD 043 150W
จำนวน​ 1​โคม";"[{""code"":""0401E4-00415\t007"",""name"":""โคมไฟ HIGHBAY IWACHI GKD 043 150W"",""qty"":""1""}]";208;date;2026-08-10;2026-08-20 02:41:32.041+00;false;
ae5afd3c-fc23-4498-8b10-09250a2ebb8a;260710001;078c2603-66f6-46f6-b7e5-94af440dc6c7;755d8bf8-abaf-4e67-8c66-c04dab7755d0;5f88d626-bc92-4625-8fb6-10ff8cb5b655;9f07e27d-5a59-4f81-8d60-52b6003158a8;ชานน;ตู้หัก		RD	ประตูตู้;;completed;6fff3037-214c-4188-8332-997730090207;0c4b9136-172d-4a37-82e6-5ee810cf0fe9;2026-07-11 02:09:52.298+00;;2026-07-11 03:00:12.23+00;2026-07-17 06:38:40.17+00;;2026-07-10 01:51:21.503167+00;2026-07-17 06:38:40.208335+00;ติดกาวซ่อมรอยแตกร้าวประตูให้กลับมาใช้งานได้ตามปกติ​;[];62;;;;false;
a9b98062-80b2-427d-93a1-d58e427896d5;260813001;48700aa2-591f-4725-85ce-be044298c6be;72e122e2-76e3-44aa-a586-0a3f86291d77;3f463100-d4f4-4b12-a205-54cfabbdd77a;2b68f5fc-ad53-4ab2-b06f-1c0d5edca1ef;สำราญ;เวอร์เนียร์ V-EN-002 ตัวเลขหายชำรุด;;completed;18315ef5-0d9a-4c48-836b-d172ad01c347;618867a9-9f7c-4e77-96cd-3c6be6f2a0ac;2026-08-14 03:01:45.153+00;;2026-08-14 03:03:38.128+00;2026-08-15 07:33:04.799+00;;2026-08-13 03:53:02.310287+00;2026-08-15 07:33:05.631643+00;ไม่สามารถซ่อมได้เกี่ยวกับความเที่ยงตรง;[];218;date;2026-08-13;;false;
513ddd0a-34e0-453a-a163-a623033a13e6;260721007;26ab14fe-f8cc-4dfa-b1c3-a8c1416320d5;dd98b2b3-c0ed-48b6-b3f4-139b89c539c7;60fdb7f3-75ed-46f3-8c68-76cea1818c8c;5acd961a-72e3-4aad-9298-ccb61b5de76c;มนชิตา;"ปืนยิงกาวเบอร์ 36 / ไลน์มือบรรจุส่งออก
พบปัญหา ยิงกาวไปนานๆ หัวแข็ง กดกาวไม่ค่อยออก";https://xhkjaeapzuzvequgdode.supabase.co/storage/v1/object/public/repair-images/26ab14fe-f8cc-4dfa-b1c3-a8c1416320d5/1784605269235_IMG_8472.jpeg;completed;aee8cef8-8534-459f-94b8-9de40933bee7;9b15b405-4695-46a4-b384-ee5feb992a7c;2026-07-22 01:05:47.889+00;;2026-07-23 04:48:09.253+00;2026-07-23 07:20:27.854+00;;2026-07-21 03:41:12.263968+00;2026-07-23 07:20:28.022951+00;ไม่สามารถซ่อมได้เนื่องจากฮีตเตอร์เสีย;[];125;;;;false;
37859bde-b85e-48e2-9190-94c768ee46c4;260721009;26ab14fe-f8cc-4dfa-b1c3-a8c1416320d5;dd98b2b3-c0ed-48b6-b3f4-139b89c539c7;60fdb7f3-75ed-46f3-8c68-76cea1818c8c;5acd961a-72e3-4aad-9298-ccb61b5de76c;มนชิตา;"ปืนยิงกาวเบอร์ 19 / ไลน์มือบรรจุส่งออก
พบปัญหา ยิงกาวไปนานๆ หัวแข็ง กดกาวไม่ค่อยออก";https://xhkjaeapzuzvequgdode.supabase.co/storage/v1/object/public/repair-images/26ab14fe-f8cc-4dfa-b1c3-a8c1416320d5/1784605389124_IMG_8474.jpeg;completed;aee8cef8-8534-459f-94b8-9de40933bee7;9b15b405-4695-46a4-b384-ee5feb992a7c;2026-07-22 01:05:44.281+00;;2026-07-23 04:48:41.597+00;2026-07-23 07:20:52.562+00;;2026-07-21 03:43:12.985441+00;2026-07-23 07:20:52.923358+00;ไม่สามารถซ่อมได้เนื่องจากฮีตเตอร์เสีย;[];127;;;;false;
25d94f10-2cf8-4fdc-9388-c32bf3111a74;260720002;03a0cf66-b2be-46e7-b821-283251c576f8;755d8bf8-abaf-4e67-8c66-c04dab7755d0;ed438e9e-f1f6-424c-9024-b0f86509d249;749967f5-c6e1-4141-90c0-400505c5dd2a;วัชราภรณ์;ขอให้ช่างทำที่บังลมเครื่องพริ้น หน้าออฟฟิศคลังบิ๊กวันค่ะ;https://xhkjaeapzuzvequgdode.supabase.co/storage/v1/object/public/repair-images/03a0cf66-b2be-46e7-b821-283251c576f8/1784541086747_Screenshot%202026-07-20%20165107.png;completed;6fff3037-214c-4188-8332-997730090207;0c4b9136-172d-4a37-82e6-5ee810cf0fe9;2026-07-24 07:42:09.222+00;;2026-08-25 02:45:53.302+00;2026-08-25 03:31:13.469+00;;2026-07-20 09:51:24.064691+00;2026-08-25 03:31:04.052641+00;จัดทำที่กั้นสำหรับเครื่องปริ้นให้ใหม่สะดวกต่อการใช้งงาน​ ใช้งานได้ตามปกติ;[];124;;;;false;
c8d81a2e-4e51-4e7b-80af-122c3b4c5afc;260825012;30f1cdf3-6892-4cd6-8a52-882bb331e7be;755d8bf8-abaf-4e67-8c66-c04dab7755d0;d3d2f3c0-857f-4081-b48b-406d75d3f008;aa32635e-d51b-4be1-90b2-a9eea58ac783;ศรีไพ;"แจ้งซ่อมถังดับที่เก่าและเติมน้ำยาไม่ได้ 3 รายการ 
1.ถังดับเพลิงเคมีแห้งจำนวน   7 ถัง
3.ถังดับเพลิง C02  จำนวน 5 ถัง
3.ถังดับเพลิงชนิดโฟม ขนาด 9 ลิตร จำนวน 3 ถัง";https://xhkjaeapzuzvequgdode.supabase.co/storage/v1/object/public/repair-images/30f1cdf3-6892-4cd6-8a52-882bb331e7be/1787645070579_448899.jpg;in_progress;6fff3037-214c-4188-8332-997730090207;0c4b9136-172d-4a37-82e6-5ee810cf0fe9;2026-08-29 01:29:48.23+00;;;;;2026-08-25 08:04:31.656347+00;2026-08-29 01:29:48.298492+00;;[];338;date;2026-08-29;;false;
269fb199-5fcb-4d00-8048-eb459a673f70;260717009;26ab14fe-f8cc-4dfa-b1c3-a8c1416320d5;dd98b2b3-c0ed-48b6-b3f4-139b89c539c7;60fdb7f3-75ed-46f3-8c68-76cea1818c8c;5acd961a-72e3-4aad-9298-ccb61b5de76c;มนชิตา;เบอร์ 58  สายไฟไหม้;;completed;aee8cef8-8534-459f-94b8-9de40933bee7;9b15b405-4695-46a4-b384-ee5feb992a7c;2026-07-17 06:39:49.383+00;;2026-07-20 01:47:15.812+00;2026-07-21 03:30:47.513+00;;2026-07-17 06:38:09.230714+00;2026-07-21 03:30:47.839346+00;ตัดต่อสายไฟใหม่;[];119;;;;false;
b1a02c89-98e6-4d23-9888-ecbbc388864e;260717010;078c2603-66f6-46f6-b7e5-94af440dc6c7;755d8bf8-abaf-4e67-8c66-c04dab7755d0;5f88d626-bc92-4625-8fb6-10ff8cb5b655;9f07e27d-5a59-4f81-8d60-52b6003158a8;ชานน;แอร์เบอร์ 29 ไม่เย็น (จากตอนซ่อมครั้งล่าสุด ร้อนขึ้นเรื่อยๆ);;completed;2600fa0f-deae-4983-a9a4-a6253f0f8ad0;0c4b9136-172d-4a37-82e6-5ee810cf0fe9;2026-07-18 07:29:25.617+00;https://xhkjaeapzuzvequgdode.supabase.co/storage/v1/object/public/repair-images/2600fa0f-deae-4983-a9a4-a6253f0f8ad0/done_1784514158561_1000016139.jpg;2026-07-20 02:22:39.976+00;2026-07-21 08:59:24.58+00;;2026-07-17 06:38:32.684571+00;2026-07-21 08:59:24.691137+00;เติมน้ำยา29,;"[{""code"":""0401E4-00348/003"",""name"":""น้ำยา"",""qty"":""1""}]";118;;;;false;
9e1440cc-eb93-4ba6-ba94-39e608fb9a5d;260715002;b84cdf82-1dd9-4d41-96a9-979f3b625fe3;755d8bf8-abaf-4e67-8c66-c04dab7755d0;3f463100-d4f4-4b12-a205-54cfabbdd77a;156e13a6-f108-4e01-ba16-07c8989000a2;ศศิภา;ไฟดักแมลงเบอร์5 หน้าลานซักล้าง ไม่ติด;;completed;6fff3037-214c-4188-8332-997730090207;0c4b9136-172d-4a37-82e6-5ee810cf0fe9;2026-07-17 01:23:38.169+00;https://xhkjaeapzuzvequgdode.supabase.co/storage/v1/object/public/repair-images/6fff3037-214c-4188-8332-997730090207/done_1784603517679_46554_0.jpg;2026-07-21 03:11:58.461+00;2026-07-21 07:15:02.198+00;;2026-07-15 02:03:10.496805+00;2026-07-21 07:15:01.170214+00;เปลี่ยนหลอดไฟใหม่;"[{""code"":""0401E4-00456/006"",""name"":""หลอดไฟดักแมลงเบล็คไลท์ t-8/18W"",""qty"":""1 หลอด""},{""code"":""0401E4-00039/003"",""name"":""บาลาส 18w"",""qty"":""2 ea""}]";93;;;;false;
4ec94c34-adc2-4876-b891-2bfc1af910fd;260710002;b84cdf82-1dd9-4d41-96a9-979f3b625fe3;755d8bf8-abaf-4e67-8c66-c04dab7755d0;3f463100-d4f4-4b12-a205-54cfabbdd77a;156e13a6-f108-4e01-ba16-07c8989000a2;ศศิภา;พัดลมเบอร์8 ลมเบา;;completed;6fff3037-214c-4188-8332-997730090207;0c4b9136-172d-4a37-82e6-5ee810cf0fe9;2026-07-11 02:10:44.395+00;;2026-07-22 02:02:55.06+00;2026-07-22 04:59:41.581+00;;2026-07-10 08:09:37.6199+00;2026-07-22 04:59:40.168284+00;ไม่สามารถซ่อมแซมได้เนื่องจากสภาพโดยรวมชำรุดมาก;[];72;;;;false;
c0544c95-6c8b-4070-8eb0-4a42ffb82f5b;260720001;48700aa2-591f-4725-85ce-be044298c6be;72e122e2-76e3-44aa-a586-0a3f86291d77;d6968cf7-550a-4991-bad4-638935a88c22;cf7822c0-37a9-4e94-b8be-fbb45e6a2228;สำราญ;ชุดตัดใบมีดหัว1ไม่ตัด;;completed;18315ef5-0d9a-4c48-836b-d172ad01c347;618867a9-9f7c-4e77-96cd-3c6be6f2a0ac;2026-07-21 04:54:31.714+00;;2026-07-21 08:39:00.96+00;2026-07-22 07:03:57.515+00;;2026-07-20 07:56:42.272275+00;2026-07-22 07:03:58.68644+00;ชุดลูกปืนและเฟืองติดด้านในจึงเปลี่ยนชุดเบรค-ครัชใหม่;"[{""code"":""0401E7-00300/003"",""name"":""ชุดเบรคเครื่องเวเฟอร์\""pei-Ei,\""Brand electromagnetic Brake dc24v"",""qty"":""1pcs""},{""code"":""0401E7-00300/004"",""name"":""ชุดครัชเครื่องเวเฟอร์\""pei-Ei\""Brand electromagnetic clutch Dc24v"",""qty"":""1pcs""},{""code"":""0401E7-00442/003"",""name"":""กลึงเพลาชุดเบรค-ครัชขนาด16มิลตกปากจี้ร่องยาว96มิล"",""qty"":""1pcs""},{""code"":""0401E2-00059/001"",""name"":""ตลับลูกปืน6202zz skf"",""qty"":""4fla""},{""code"":""0401E2-00123/001"",""name"":""ตลับลูกปืน6001zz skf"",""qty"":""2fla""},{""code"":""0401E7-00245/002"",""name"":""เฟืองตรง(ชุดครัช)ตัวใหญ่60tรูเพลา15มิลลิ่ม4มิลหนา15มิล"",""qty"":""1pcs""},{""code"":""0401E7-00245/003"",""name"":""เฟืองตรง(ชุดครัช)ตัวเล็ก28tรูเพลา15มิลลิ่ม4มิลหนา15มิล"",""qty"":""1pcs""}]";123;;;;false;
99a206ec-93a0-4277-9024-12a652ed2229;260811002;b84cdf82-1dd9-4d41-96a9-979f3b625fe3;72e122e2-76e3-44aa-a586-0a3f86291d77;44847c92-9e77-4588-a88d-276cec5f1b36;26154fb7-a8b3-4010-aaba-a32acdddb6b0;ศศิภา;สวิตช์พัง;;completed;d115f163-f902-496c-9630-73dee8d85e47;618867a9-9f7c-4e77-96cd-3c6be6f2a0ac;2026-08-13 03:48:51.45+00;;2026-08-13 06:09:21.724+00;2026-08-13 08:28:15.948+00;;2026-08-11 04:52:45.252725+00;2026-08-13 08:28:15.6127+00;สวิทลูกศรหัก;"[{""code"":""0401E7-00115/002"",""name"":""สวิทลูกศร 22mm.-ON-OFF E-TEN"",""qty"":""1ตัว""}]";215;date;2026-08-11;;false;
284ca7e2-8ed2-4018-a8a3-005c837d12d6;260721010;8137c5d0-65e4-461a-b094-5c5f0dbbed04;755d8bf8-abaf-4e67-8c66-c04dab7755d0;a3e64439-c1fa-4645-b93a-2880d8809946;7b8db7fc-3d09-4ec3-85c3-1e1d2d5aa664;กาญจนา;โทรศัพย์เครื่อง 1305 (การเงิน) มีเสียงแค๊กๆ เวลาโทร;https://xhkjaeapzuzvequgdode.supabase.co/storage/v1/object/public/repair-images/8137c5d0-65e4-461a-b094-5c5f0dbbed04/1784606763620_1784606744763.jpg;completed;2600fa0f-deae-4983-a9a4-a6253f0f8ad0;0c4b9136-172d-4a37-82e6-5ee810cf0fe9;2026-07-21 04:53:04.562+00;https://xhkjaeapzuzvequgdode.supabase.co/storage/v1/object/public/repair-images/2600fa0f-deae-4983-a9a4-a6253f0f8ad0/done_1784620634504_1000016264.jpg;2026-07-21 07:57:15.909+00;2026-07-21 08:59:19.354+00;;2026-07-21 04:06:04.299544+00;2026-07-21 08:59:19.52651+00;เปลี่ยนสายโทรศัพท์ 1 เส้นครับ;"[{""code"":""0401E-00154/002"",""name"":""ใช้โทรศัพท์ครับ"",""qty"":""1""}]";129;;;;false;
607ccda5-e1c4-478b-9268-a28e41fa619e;260721005;8137c5d0-65e4-461a-b094-5c5f0dbbed04;755d8bf8-abaf-4e67-8c66-c04dab7755d0;a3e64439-c1fa-4645-b93a-2880d8809946;7b8db7fc-3d09-4ec3-85c3-1e1d2d5aa664;กาญจนา;สายโทรศัพท์เครื่อง 1430 (จัดซื้อ)  ชำรุด;https://xhkjaeapzuzvequgdode.supabase.co/storage/v1/object/public/repair-images/8137c5d0-65e4-461a-b094-5c5f0dbbed04/1784601158610_671337.jpg;completed;2600fa0f-deae-4983-a9a4-a6253f0f8ad0;0c4b9136-172d-4a37-82e6-5ee810cf0fe9;2026-07-21 04:53:10.962+00;https://xhkjaeapzuzvequgdode.supabase.co/storage/v1/object/public/repair-images/2600fa0f-deae-4983-a9a4-a6253f0f8ad0/done_1784620836035_1000016265.jpg;2026-07-21 08:00:37.596+00;2026-07-21 08:59:26.401+00;;2026-07-21 02:32:39.260727+00;2026-07-21 08:59:26.542072+00;เปลี่ยนสายโทรศัพท์ 1 เส้นครับ;"[{""code"":""0401E4-00154/002"",""name"":""เปลี่ยนสาย 1 เส้นเปลี่ยนสาย 1 เส้น"",""qty"":""1""}]";124;;;;false;
21096b11-5a16-4f52-a9a6-acce0a370804;260901007;a364e18d-2359-42b5-bea7-f3538481f114;dd98b2b3-c0ed-48b6-b3f4-139b89c539c7;cee4bac9-45b4-4d53-9b29-1d4c115720eb;e17e7d9f-da74-4fa7-985c-9142e771499d;ตะวัน;สาย Cable Tie ที่รัดไว้ในเครื่องตามจุดต่างๆต้องการเปลี่ยนจากพลาสติกเป็นสแตนเลสทุกจุดเพื่อป้องก้นความเสี่ยงและมีโอกาสหลุดไปกับสินค้าได้;;awaiting_review;22275234-5a63-4e64-bdd4-07ec11241b46;9b15b405-4695-46a4-b384-ee5feb992a7c;2026-09-01 10:00:40.028+00;;2026-09-09 06:39:22.031+00;;;2026-09-01 07:49:43.960943+00;2026-09-09 06:39:22.384189+00;เปลี่ยนเคเบิ้ลไทร์พลาสติกเป็นสแตนเลส;"[{""code"":""0401E4-00122/006"",""name"":""\""เคเบิลไท สแตนเลส 8\""\""\"""",""qty"":""15""}]";393;date;2026-09-02;;false;
cd2de896-1aa9-4ca9-8e58-319f7e9aaba9;260819005;e3a953a0-5f12-47fe-8c19-d0dabc13076a;72e122e2-76e3-44aa-a586-0a3f86291d77;32ef7fab-ec72-4e78-8d94-67669bb1e558;cf769a71-f4f1-46e4-a974-b0c62938d6f0;สำราญ;ขอบตะแกรงเครื่องบดไม่เรียบแนบสนิทกับตัวเครื่อง;;in_progress;14a61d91-95ef-411a-b313-dae02e0f86a9;618867a9-9f7c-4e77-96cd-3c6be6f2a0ac;2026-08-20 03:50:12.112+00;;2026-08-21 08:42:55.019+00;;ขอบตะแกรงยังไม่แนบสนิทกับตัวเครื่อง;2026-08-19 02:19:06.872444+00;2026-09-14 06:38:19.12332+00;ทำการแก้ไขน๊อตยึดตัวตะแกรงให้ใหม่;[];293;date;2026-08-19;;false;
5c760d97-5b29-4455-b650-1602b384ad75;260701001;03a0cf66-b2be-46e7-b821-283251c576f8;755d8bf8-abaf-4e67-8c66-c04dab7755d0;ed438e9e-f1f6-424c-9024-b0f86509d249;749967f5-c6e1-4141-90c0-400505c5dd2a;วัชราภรณ์;Rack 1-2-5 ขาชำรุด เปลี่ยนขาRACK (คลังมีสำรอง 4 คู่);;completed;6fff3037-214c-4188-8332-997730090207;0c4b9136-172d-4a37-82e6-5ee810cf0fe9;2026-07-02 01:35:30.991+00;;2026-07-23 06:31:15.601+00;2026-07-23 06:56:55.012+00;;2026-07-01 08:31:19.328283+00;2026-07-23 06:56:51.782785+00;เปลี่ยนขาแล็กให้ใหม่ทดแทนของเดิมที่ชำรุด;[];56;;;;false;
9713554d-b074-4fb0-88b0-163cd3a188e2;260721008;26ab14fe-f8cc-4dfa-b1c3-a8c1416320d5;dd98b2b3-c0ed-48b6-b3f4-139b89c539c7;60fdb7f3-75ed-46f3-8c68-76cea1818c8c;5acd961a-72e3-4aad-9298-ccb61b5de76c;มนชิตา;"ปืนยิงกาวเบอร์ 22 / ไลน์มือบรรจุส่งออก
พบปัญหา ยิงกาวไปนานๆ หัวแข็ง กดกาวไม่ค่อยออก";https://xhkjaeapzuzvequgdode.supabase.co/storage/v1/object/public/repair-images/26ab14fe-f8cc-4dfa-b1c3-a8c1416320d5/1784605329847_IMG_8473.jpeg;completed;aee8cef8-8534-459f-94b8-9de40933bee7;9b15b405-4695-46a4-b384-ee5feb992a7c;2026-07-22 01:06:12.732+00;;2026-07-23 04:47:25.497+00;2026-07-23 07:20:39.514+00;;2026-07-21 03:42:13.265592+00;2026-07-23 07:20:39.708925+00;ดัดสปริงด้ามกดใหม่;[];126;;;;false;
0ca74bd8-1c6a-4fd2-8b75-510acb352601;260717001;8137c5d0-65e4-461a-b094-5c5f0dbbed04;755d8bf8-abaf-4e67-8c66-c04dab7755d0;a3e64439-c1fa-4645-b93a-2880d8809946;7b8db7fc-3d09-4ec3-85c3-1e1d2d5aa664;กาญจนา;ไฟข้างโรงงานบริเวณ ถนนหลัก และไฟด้านหน้าโรงงานบริเวณประตูที่12 ไม่มีไฟ;https://xhkjaeapzuzvequgdode.supabase.co/storage/v1/object/public/repair-images/8137c5d0-65e4-461a-b094-5c5f0dbbed04/1784251928592_1784251654281.jpg;completed;6fff3037-214c-4188-8332-997730090207;0c4b9136-172d-4a37-82e6-5ee810cf0fe9;2026-07-18 07:29:35.594+00;;2026-07-22 02:00:58.672+00;2026-07-22 04:48:39.219+00;;2026-07-17 01:32:08.238676+00;2026-07-22 04:48:39.631607+00;เนื่องจากเบรคเกอร์​ทริปจากการหลวมของสายไฟ​ ทำการขันแน่นสายไฟให้ใช้งานได้ตามปกติ;[];109;;;;false;
c0867a08-0342-4aa1-b31e-7fd81ee1bdd3;260721001;b84cdf82-1dd9-4d41-96a9-979f3b625fe3;755d8bf8-abaf-4e67-8c66-c04dab7755d0;3f463100-d4f4-4b12-a205-54cfabbdd77a;156e13a6-f108-4e01-ba16-07c8989000a2;ศศิภา;พัดลมระบายอากาศเบอร์ 10 ชำรุด;;completed;2600fa0f-deae-4983-a9a4-a6253f0f8ad0;0c4b9136-172d-4a37-82e6-5ee810cf0fe9;2026-07-21 04:53:22.467+00;https://xhkjaeapzuzvequgdode.supabase.co/storage/v1/object/public/repair-images/2600fa0f-deae-4983-a9a4-a6253f0f8ad0/done_1784692092533_1000016372.jpg;2026-07-22 03:48:13.631+00;2026-07-22 04:59:34.005+00;;2026-07-21 01:15:38.051755+00;2026-07-22 04:59:32.605858+00;พัดลมเบอร์ 10 แก้ไขเรียบร้อยแล้วครับ;"[{""code"":""0401E/00109/001"",""name"":""1 เส้น"",""qty"":""1""}]";125;;;;false;
dbb33db2-7f4f-4140-b0da-5ce6cdc44036;260810005;26ab14fe-f8cc-4dfa-b1c3-a8c1416320d5;dd98b2b3-c0ed-48b6-b3f4-139b89c539c7;60fdb7f3-75ed-46f3-8c68-76cea1818c8c;5acd961a-72e3-4aad-9298-ccb61b5de76c;มนชิตา;"ปืนยิงกาวไลน์มือเบอร์ 1  / ไลน์มือบรรจุส่งออก
พบปัญหากาวไม่ร้อน";https://xhkjaeapzuzvequgdode.supabase.co/storage/v1/object/public/repair-images/26ab14fe-f8cc-4dfa-b1c3-a8c1416320d5/1786334016336_IMG_0274.jpeg;completed;bd10cd0f-07af-4f58-87d9-595a76cd55f5;9b15b405-4695-46a4-b384-ee5feb992a7c;2026-08-11 01:24:06.948+00;;2026-08-13 03:19:53.346+00;2026-08-13 04:06:47.439+00;;2026-08-10 03:53:37.689333+00;2026-08-13 04:06:48.158282+00;ไม่สามารถซ่อมได้ เนื่องจากฮิตเตอร์ขาด;[];212;date;2026-08-14;;false;
b0aa00e3-fec4-4d77-ba95-07a0c7d45e49;260722001;5a5b8e92-7aea-4790-a99a-ba47c443af3d;755d8bf8-abaf-4e67-8c66-c04dab7755d0;345306ff-af94-4a88-8959-3ef69a24ae24;e23ec708-2f30-43c7-a9b8-b770d2c4a0ff;ศกลวรรณ;โทรศัพท์บริเวณนอกห้องสโตร์ไม่สามารถกดได้ค่ะ;;completed;6fff3037-214c-4188-8332-997730090207;0c4b9136-172d-4a37-82e6-5ee810cf0fe9;2026-07-24 07:42:30.787+00;;2026-07-24 09:26:41.289+00;2026-07-25 06:54:36.883+00;;2026-07-22 01:56:46.166369+00;2026-07-25 06:54:36.923296+00;แก้ไขใช้งานได้ตามปกติ​ เนื่องจากสายไฟหลุด;[];134;;;;false;
3e63c2cb-5c9e-4832-9ca0-6de7d6fda6dd;260807006;30f1cdf3-6892-4cd6-8a52-882bb331e7be;755d8bf8-abaf-4e67-8c66-c04dab7755d0;b61f2182-e904-4e79-a156-5edb6001a6ff;d744952f-1704-4e0a-b335-df83a2a60518;ศรีไพ;แอร์ไม่เย็นคอยล์เย็นรั่วหลายจุด;;completed;6fff3037-214c-4188-8332-997730090207;0c4b9136-172d-4a37-82e6-5ee810cf0fe9;2026-08-10 07:27:39.524+00;;2026-08-13 02:16:38.502+00;2026-08-13 08:48:12.94+00;;2026-08-07 02:57:25.725292+00;2026-08-13 08:48:11.586945+00;ไม่สามารถ​แก้ไขซ่อมแซมได้เนื่องจากคอยเย็นรั่วหลายจุด;[];201;date;2026-08-08;;false;
37b50293-1a2d-42dc-bb21-adf6ea955de7;260817005;48700aa2-591f-4725-85ce-be044298c6be;72e122e2-76e3-44aa-a586-0a3f86291d77;3f463100-d4f4-4b12-a205-54cfabbdd77a;2b68f5fc-ad53-4ab2-b06f-1c0d5edca1ef;สำราญ;"เครื่องชั่งดิจิตอล 620*0.01g
W-PD-015  no14. แผ่นหน้ากากหลุด";;completed;18315ef5-0d9a-4c48-836b-d172ad01c347;618867a9-9f7c-4e77-96cd-3c6be6f2a0ac;2026-08-20 03:50:46.448+00;;2026-08-20 04:00:02.463+00;2026-08-20 08:02:29.71+00;;2026-08-17 07:23:29.988555+00;2026-08-20 08:02:30.604661+00;แก้ไขใช้กาวติดตามขอบหน้ากากที่ชำรุด;[];269;date;2026-08-17;;false;
8822cc04-328f-4da1-a165-0e4c9b5de246;260721012;a364e18d-2359-42b5-bea7-f3538481f114;dd98b2b3-c0ed-48b6-b3f4-139b89c539c7;6a73ba57-b80f-44cf-abf2-26a628226b4f;f54f7aa2-b568-4766-afcf-e4c509fd7f44;ตะวัน;ต้องการติดตั้งล้อที่ขาด้านหลัง 1 คู่เพื่อสะดวกในการโยกย้าย;https://xhkjaeapzuzvequgdode.supabase.co/storage/v1/object/public/repair-images/a364e18d-2359-42b5-bea7-f3538481f114/1784628237094_005.jpg;completed;22275234-5a63-4e64-bdd4-07ec11241b46;9b15b405-4695-46a4-b384-ee5feb992a7c;2026-07-22 01:05:39.146+00;https://xhkjaeapzuzvequgdode.supabase.co/storage/v1/object/public/repair-images/22275234-5a63-4e64-bdd4-07ec11241b46/done_1785208159931_1000014370.jpg;2026-07-28 03:09:22.789+00;2026-07-28 08:54:08.698+00;;2026-07-21 10:03:57.389569+00;2026-07-28 08:54:07.335854+00;ติดตั้งล้อ;[];130;;;;false;
e89852e2-463d-44db-ac00-272dab045452;260721011;a364e18d-2359-42b5-bea7-f3538481f114;dd98b2b3-c0ed-48b6-b3f4-139b89c539c7;347f4266-d8a3-40ce-8211-08f483372408;93f65ba4-258a-4cc2-ac2b-861006275dbf;ตะวัน;ขั้นบันไดเป็นรอยร้าวตรงรอยเชื่อมต่อ (วันที่ 22/7/2026 ไม่มีแผนเดินงาน);;completed;bd10cd0f-07af-4f58-87d9-595a76cd55f5;9b15b405-4695-46a4-b384-ee5feb992a7c;2026-07-22 01:05:28.808+00;;2026-07-22 08:01:55.99+00;2026-07-23 07:19:10.766+00;;2026-07-21 09:30:53.613398+00;2026-07-23 07:19:09.719495+00;เชื่อมรอยที่แตกใหม่;[];132;;;;false;
6671fcac-def6-4673-ac02-ca142ccee6be;260808003;078c2603-66f6-46f6-b7e5-94af440dc6c7;755d8bf8-abaf-4e67-8c66-c04dab7755d0;bf714b82-b7ad-451b-86ce-c9395469f118;4491c361-12cd-4866-af5c-dabb85beb27a;ชานน;น้ำหยด;;completed;2600fa0f-deae-4983-a9a4-a6253f0f8ad0;0c4b9136-172d-4a37-82e6-5ee810cf0fe9;2026-08-10 02:16:05.193+00;;2026-08-10 03:03:15.07+00;2026-08-10 03:52:00.376+00;;2026-08-08 07:04:43.54891+00;2026-08-10 03:52:00.45761+00;ทำการเคียรท่อระบายน้ำให้แล้ว;[];206;date;2026-08-08;;false;
ead4cd87-dbde-45fc-8943-29e55382aea3;260716011;8137c5d0-65e4-461a-b094-5c5f0dbbed04;755d8bf8-abaf-4e67-8c66-c04dab7755d0;a3e64439-c1fa-4645-b93a-2880d8809946;7b8db7fc-3d09-4ec3-85c3-1e1d2d5aa664;hr62;ที่กดสบู่ชั้น 2 ห้องน้ำผู้หญิง เดินทางประตูเข้าไปที่กดสบู่อันแรก สบู่ไม่ไหลค่ะ;https://xhkjaeapzuzvequgdode.supabase.co/storage/v1/object/public/repair-images/8137c5d0-65e4-461a-b094-5c5f0dbbed04/1784190295018_1784190179693.jpg;completed;6fff3037-214c-4188-8332-997730090207;0c4b9136-172d-4a37-82e6-5ee810cf0fe9;2026-07-18 07:27:46.473+00;;2026-07-24 03:31:10.807+00;2026-07-24 04:09:59.466+00;;2026-07-16 08:24:55.601949+00;2026-07-24 04:09:59.573433+00;ไม่สามารถซ่อมได้เนื่องจากอุปกรณ์​ภายใน​ชำรุด​มาก;[];106;;;;false;
88952257-6a83-45f6-94a8-f30758506d77;260716010;8137c5d0-65e4-461a-b094-5c5f0dbbed04;755d8bf8-abaf-4e67-8c66-c04dab7755d0;a3e64439-c1fa-4645-b93a-2880d8809946;7b8db7fc-3d09-4ec3-85c3-1e1d2d5aa664;กาญจนา;ที่กดสบู่ชั้น 1 ห้องน้ำผู้ชาย สบู่ไม่ไหลค่ะ;https://xhkjaeapzuzvequgdode.supabase.co/storage/v1/object/public/repair-images/8137c5d0-65e4-461a-b094-5c5f0dbbed04/1784190132931_439799.jpg;completed;6fff3037-214c-4188-8332-997730090207;0c4b9136-172d-4a37-82e6-5ee810cf0fe9;2026-07-18 07:27:42.203+00;;2026-07-24 03:30:42.838+00;2026-07-24 04:13:07.242+00;;2026-07-16 08:22:13.537758+00;2026-07-24 04:13:07.570909+00;ไม่สามารถซ่อมได้เนื่องจากอุปกรณ์​ภายใน​ชำรุดมาก;[];105;;;;false;
356fdec0-f930-4eff-ba88-11048773c1d2;260723002;26ab14fe-f8cc-4dfa-b1c3-a8c1416320d5;dd98b2b3-c0ed-48b6-b3f4-139b89c539c7;7110c454-c2ce-46e0-ad17-5c590abf8361;290d41b4-211b-4f38-9aec-dceed7b7884a;มนชิตา;พัดลมระบายความร้อนใช้งานไม่ได้ / ไลน์มือบรรจุส่งออก;;completed;bd10cd0f-07af-4f58-87d9-595a76cd55f5;9b15b405-4695-46a4-b384-ee5feb992a7c;2026-07-23 06:08:52.887+00;;2026-07-24 03:16:00.42+00;2026-07-24 07:29:28.476+00;;2026-07-23 03:43:26.187792+00;2026-07-24 07:29:25.126136+00;เปลี่ยนพัดลมระบานความร้อน;"[{""code"":""260723002"",""name"":""พัดลมตู้คอนโทรน 220V 4นิ้ว"",""qty"":""1""}]";143;;;;false;
526aa93d-1368-46ab-b03b-218397ba3170;260722008;521a9c93-4039-465c-8f7a-1c0137efc8ef;dd98b2b3-c0ed-48b6-b3f4-139b89c539c7;b93b4434-5fe8-41c2-ba79-67512c3c1ad8;c39dc231-73f8-4321-a4bf-67a48a41b980;ศศิธร;ไม่หมุน;;completed;bd10cd0f-07af-4f58-87d9-595a76cd55f5;9b15b405-4695-46a4-b384-ee5feb992a7c;2026-07-23 01:14:48.889+00;;2026-07-23 04:19:06.791+00;2026-07-24 09:55:55.337+00;;2026-07-22 12:59:28.774379+00;2026-07-24 09:55:55.096748+00;เฟืองมอเตอร์หลุด ได้ไส่ยัดเข้าที่เรียบร้อย;[];141;;;;false;
61840d11-fae9-45cc-8eca-886e3cbc2371;260815004;b84cdf82-1dd9-4d41-96a9-979f3b625fe3;72e122e2-76e3-44aa-a586-0a3f86291d77;64830cae-c233-4ec4-ac5c-f79472ba5a3b;667b6adf-7e6b-4b06-8fd1-77d4b52a6a2e;ศศิภา;โซรินอยวาล์วน้ำเข้า;;completed;14a61d91-95ef-411a-b313-dae02e0f86a9;618867a9-9f7c-4e77-96cd-3c6be6f2a0ac;2026-08-17 06:02:32.267+00;;2026-08-21 08:42:20.521+00;2026-08-22 09:51:12.961+00;;2026-08-15 04:03:39.326592+00;2026-08-22 09:51:12.776269+00;เปลี่ยนโซลินอย์วาล์วน้ำเข้าใหม่;"[{""code"":""0401E8-00099\t008"",""name"":""SOLENOD VALVE ทองเหลือง (NC)ขนาด 1/2ไฟ 220W"",""qty"":""1""}]";256;date;2026-08-15;;false;
0feb9c76-7851-41ba-ac81-a53e3c2d1479;260717007;521a9c93-4039-465c-8f7a-1c0137efc8ef;dd98b2b3-c0ed-48b6-b3f4-139b89c539c7;8fb60919-05a3-47e7-9f76-6458062c494a;31d18a44-4545-4b43-b9c9-b54f0b10e83d;ศศิธร;ถาดบังคับซอง ต่อจากเครื่องตรวจจับโลหะแนวนอน;https://xhkjaeapzuzvequgdode.supabase.co/storage/v1/object/public/repair-images/521a9c93-4039-465c-8f7a-1c0137efc8ef/1784263633175_IMG_8118.jpeg;completed;bd10cd0f-07af-4f58-87d9-595a76cd55f5;9b15b405-4695-46a4-b384-ee5feb992a7c;2026-07-17 06:09:41.491+00;;2026-07-27 07:18:24.925+00;2026-08-03 03:10:22.846+00;;2026-07-17 04:47:16.49262+00;2026-08-03 03:10:23.12015+00;ต่อถาดลำเลียงขนมจากเครื่องตรวจจับโลหะ;[];115;;;;false;
1ccfc98a-e605-4d88-93d8-8024272bc9cd;260718002;26ab14fe-f8cc-4dfa-b1c3-a8c1416320d5;755d8bf8-abaf-4e67-8c66-c04dab7755d0;4bddcd3a-5051-4595-8a09-3afe48fc8dfc;02fe1b9d-a4d6-4b7a-bc33-d466c33c137b;มนชิตา;น็อตยึดม่านหลุด ตรงจุดบริการ / ยิงวันที่ / บรรจุ;https://xhkjaeapzuzvequgdode.supabase.co/storage/v1/object/public/repair-images/26ab14fe-f8cc-4dfa-b1c3-a8c1416320d5/1784369115013_S__10166365.jpg;completed;2600fa0f-deae-4983-a9a4-a6253f0f8ad0;0c4b9136-172d-4a37-82e6-5ee810cf0fe9;2026-07-24 07:42:21.31+00;;2026-07-25 08:51:24.285+00;2026-07-25 09:21:43.086+00;;2026-07-18 10:05:13.061827+00;2026-07-25 09:21:37.55181+00;แก้ไขล็อกน็อตขันแน่นม่านให้ใหม่ใช้งานได้ตามปกติ;[];122;;;;false;
54172f27-3e2c-4df5-be70-02360a38c392;260818003;521a9c93-4039-465c-8f7a-1c0137efc8ef;dd98b2b3-c0ed-48b6-b3f4-139b89c539c7;b93b4434-5fe8-41c2-ba79-67512c3c1ad8;0970f26b-4878-4124-b23b-8ce8633ee453;ศศิธร;ทำสีรอบตัวเครื่อง;;waiting_parts;bd10cd0f-07af-4f58-87d9-595a76cd55f5;9b15b405-4695-46a4-b384-ee5feb992a7c;2026-08-18 04:24:37.809+00;;;;;2026-08-18 02:52:03.744557+00;2026-08-21 07:55:01.615993+00;;[];273;date;2026-08-27;;false;
27122fdd-89b7-4547-99b4-b122a2b67a48;260708001;521a9c93-4039-465c-8f7a-1c0137efc8ef;dd98b2b3-c0ed-48b6-b3f4-139b89c539c7;7110c454-c2ce-46e0-ad17-5c590abf8361;4ada91e8-0b25-44a4-8dd6-a0ead2ed21ae;ศศิธร;สายพานขาด;https://xhkjaeapzuzvequgdode.supabase.co/storage/v1/object/public/repair-images/521a9c93-4039-465c-8f7a-1c0137efc8ef/1783496469514_IMG_7990.jpeg;completed;bd10cd0f-07af-4f58-87d9-595a76cd55f5;9b15b405-4695-46a4-b384-ee5feb992a7c;2026-07-08 09:07:42.078+00;;2026-07-25 08:05:05.196+00;2026-07-28 01:38:24.693+00;;2026-07-08 07:41:16.048852+00;2026-07-28 01:38:24.966101+00;เปลี่ยนสายพานเครื่องซริ้งฟิล์ม;"[{""code"":""260708001"",""name"":""\""PTFE MESH CONVEYOR BEIGE 4X4 ' ENDLESS BY BULLNOSE JOINT SIZE 390 MM. X 2,730 MM. WITH EDGE FILM RED 25 MM. X 2 SIDES (ชริงค์เบอร์ 3)\"""",""qty"":""1เส้น""}]";74;;;;false;
06730e3f-dd12-4c95-946b-9855b4010bc6;260915005;5a5b8e92-7aea-4790-a99a-ba47c443af3d;72e122e2-76e3-44aa-a586-0a3f86291d77;ed7e922f-4885-48ca-b212-5e1c4b2bd088;c350af3b-0639-4d72-80ef-91f00c734140;ศกลวรรณ;"ทำตัวรัดสายลมเครื่องร่อนค่ะ

อ้างจากใบแจ้งซ่อม  260904003 แจ้งวันที่ 4/9/26";;pending_assign;;;;;;;;2026-09-15 02:36:15.185193+00;2026-09-15 02:36:17.310381+00;;[];477;date;2026-09-22;;false;
24b9f265-d798-41d3-a4c7-aa441d4563b5;260724004;884605bc-79ae-4186-8c03-c7a927fddef2;755d8bf8-abaf-4e67-8c66-c04dab7755d0;3f463100-d4f4-4b12-a205-54cfabbdd77a;156e13a6-f108-4e01-ba16-07c8989000a2;อภิชัย;พัดลมไลน์ผลิต เบอร์ 2 และ 3 ไม่ปลอดภัย;https://xhkjaeapzuzvequgdode.supabase.co/storage/v1/object/public/repair-images/884605bc-79ae-4186-8c03-c7a927fddef2/1784862114804_1023362_0.jpg;completed;6fff3037-214c-4188-8332-997730090207;0c4b9136-172d-4a37-82e6-5ee810cf0fe9;2026-07-24 07:40:22.083+00;;2026-07-24 09:25:24.273+00;2026-08-13 09:23:33.65+00;;2026-07-24 03:01:53.12832+00;2026-08-13 09:23:16.288246+00;พัดลมเบอร์​2,3ไม่สามารถแก้ไขได้ในส่วนของตะแกรง​ เนื่องจากเป็นพัดลมรุ่นเก่า;[];144;;;;false;
188a4b2a-2cad-4b3e-9a2c-e1520734c3b0;260807001;b84cdf82-1dd9-4d41-96a9-979f3b625fe3;72e122e2-76e3-44aa-a586-0a3f86291d77;3b9c8b03-1b6b-46a8-91a1-c68f9427058e;197b7e53-992a-4a87-ad22-11dc76b9b1dc;ศศิภา;เปลี่ยนอินฟาเรด;;completed;d115f163-f902-496c-9630-73dee8d85e47;618867a9-9f7c-4e77-96cd-3c6be6f2a0ac;2026-08-10 02:15:10.928+00;;2026-08-10 04:12:55.168+00;2026-08-10 04:15:35.065+00;;2026-08-07 01:17:09.18505+00;2026-08-10 04:15:33.965929+00;เปลี่ยนอินฟาเหรดใหม่;"[{""code"":""0401E7-00049/004"",""name"":""อินฟาเรดแนวนอน Hra-17×1000-220-1500 W"",""qty"":""5ตัว""}]";196;date;2026-08-07;;false;
587b4596-1cef-4681-9c39-352de3a679cd;260724011;30f1cdf3-6892-4cd6-8a52-882bb331e7be;755d8bf8-abaf-4e67-8c66-c04dab7755d0;d3d2f3c0-857f-4081-b48b-406d75d3f008;aa32635e-d51b-4be1-90b2-a9eea58ac783;ศรีไพ;เครื่องเชื่อมอาร์กอน;https://xhkjaeapzuzvequgdode.supabase.co/storage/v1/object/public/repair-images/30f1cdf3-6892-4cd6-8a52-882bb331e7be/1784885566963_437996.jpg;completed;6fff3037-214c-4188-8332-997730090207;0c4b9136-172d-4a37-82e6-5ee810cf0fe9;2026-07-24 09:59:46.163+00;;2026-07-27 07:17:03.711+00;2026-07-27 09:57:21.908+00;;2026-07-24 09:32:47.535322+00;2026-07-27 09:57:18.815474+00;ไม่สามารถแก้ไขได้เนื่องจากบรอดสั่งงานเสีย;[];151;date;2026-07-25;;false;
7ae8b037-251f-4e28-9be4-b5116ba571e0;260717005;8d8a3186-6bd4-42c3-9dc2-8553ce10510c;dd98b2b3-c0ed-48b6-b3f4-139b89c539c7;7b7b3967-29cd-4097-8020-01b6e2d82209;569ace53-e1e8-482d-b8ee-e93ab85daf64;มาไลย;ใส่ตัวครอบลูกกลิ้งด้านหน้า เนื่องจากมีเปื้อนจราบีและอาจเกิดอันตรายต่อพนังงานที่ทำงานอยู่ตรงนั้น;;completed;22275234-5a63-4e64-bdd4-07ec11241b46;9b15b405-4695-46a4-b384-ee5feb992a7c;2026-07-17 06:09:20.356+00;https://xhkjaeapzuzvequgdode.supabase.co/storage/v1/object/public/repair-images/22275234-5a63-4e64-bdd4-07ec11241b46/done_1785212970441_1000014369.jpg;2026-07-28 04:29:32.779+00;2026-07-28 04:31:56.717+00;;2026-07-17 03:54:45.017401+00;2026-07-28 04:31:56.948357+00;ทำฝาครอบปิดลูกปืน;[];113;;;;false;
86ed43e9-e1c7-46c1-8a22-7d9d2686fb5e;260721013;a364e18d-2359-42b5-bea7-f3538481f114;dd98b2b3-c0ed-48b6-b3f4-139b89c539c7;6a73ba57-b80f-44cf-abf2-26a628226b4f;6669b11e-9040-4ded-aaa2-98758981ceab;ตะวัน;ต้องการติดตั้งล้อที่ขาด้านหน้า และ หลัง 2 คู่เพื่อสะดวกในการโยกย้าย;https://xhkjaeapzuzvequgdode.supabase.co/storage/v1/object/public/repair-images/a364e18d-2359-42b5-bea7-f3538481f114/1784628321917_006.jpg;completed;22275234-5a63-4e64-bdd4-07ec11241b46;9b15b405-4695-46a4-b384-ee5feb992a7c;2026-07-22 01:05:18.065+00;https://xhkjaeapzuzvequgdode.supabase.co/storage/v1/object/public/repair-images/22275234-5a63-4e64-bdd4-07ec11241b46/done_1785208131285_1000014348.jpg;2026-07-28 03:08:54.912+00;2026-07-28 08:54:07.409+00;;2026-07-21 10:05:22.002245+00;2026-07-28 08:54:06.061881+00;ติดตั้งล้อ;[];131;;;;false;
5c42ba33-48f3-4c5c-94ea-605e0a133e07;260724005;48700aa2-591f-4725-85ce-be044298c6be;72e122e2-76e3-44aa-a586-0a3f86291d77;f15faaa4-ee38-49d8-9a94-24dad95424b2;147155a0-f934-4bac-b4e7-635afd1b0f6d;สำราญ;สายยางวนครีมแข็ง;;completed;18315ef5-0d9a-4c48-836b-d172ad01c347;618867a9-9f7c-4e77-96cd-3c6be6f2a0ac;2026-07-24 07:44:16.563+00;;2026-07-25 07:51:52.275+00;2026-08-03 09:39:18.579+00;;2026-07-24 04:05:19.038495+00;2026-08-03 09:39:19.228303+00;"เปลี่ยนสายยางฟู๊ดเกรด pras-foodขนาด1""ยาว2.5เมตร";"[{""code"":""0401E8-00674/004"",""name"":""สายยางฟู๊ดเกรดpras-foodขนาด1\"""",""qty"":""2.5เมตร""}]";145;;;;false;
09ce7b6c-5044-418f-9935-f60a874cfe14;260815011;26ab14fe-f8cc-4dfa-b1c3-a8c1416320d5;dd98b2b3-c0ed-48b6-b3f4-139b89c539c7;60fdb7f3-75ed-46f3-8c68-76cea1818c8c;5acd961a-72e3-4aad-9298-ccb61b5de76c;มนชิตา;ปืนยิงกาวไลน์มือเบอร์ 13 / ไลน์มือ7-11 พบปัญหาปืนกาวร้อนแต่ยิงไม่ออก;;completed;aee8cef8-8534-459f-94b8-9de40933bee7;9b15b405-4695-46a4-b384-ee5feb992a7c;2026-08-17 01:39:35.433+00;;2026-08-17 07:15:38.582+00;2026-08-17 07:18:01.898+00;;2026-08-15 13:38:04.65739+00;2026-08-17 07:17:57.570371+00;ตัดต่อสายไฟใหม่;[];261;date;2026-08-19;;false;
78a44a1d-3151-429d-ba74-533d9e30f199;260803001;48700aa2-591f-4725-85ce-be044298c6be;72e122e2-76e3-44aa-a586-0a3f86291d77;732c99c8-4958-4577-a947-02704dae8fdc;147f7472-65cb-4327-aaa6-33094657a620;สำราญ;มีเสียงดัง;;completed;18315ef5-0d9a-4c48-836b-d172ad01c347;618867a9-9f7c-4e77-96cd-3c6be6f2a0ac;2026-08-13 03:49:04.626+00;;2026-08-14 02:14:16.038+00;2026-08-14 02:56:21.349+00;;2026-08-03 02:34:56.77646+00;2026-08-14 02:56:22.149645+00;แก้ไขปรับตั้งสายพาน;[];171;date;2026-08-17;2026-08-13 02:34:55.897+00;false;
edaad412-c33c-4459-ab0b-ec7ca51a2aaa;260827006;5a5b8e92-7aea-4790-a99a-ba47c443af3d;755d8bf8-abaf-4e67-8c66-c04dab7755d0;345306ff-af94-4a88-8959-3ef69a24ae24;e23ec708-2f30-43c7-a9b8-b770d2c4a0ff;ศกลวรรณ;เอาตัวล็อกบริเวณเสาร์ออก 2 จุดค่ะ;https://xhkjaeapzuzvequgdode.supabase.co/storage/v1/object/public/repair-images/5a5b8e92-7aea-4790-a99a-ba47c443af3d/1787804933594_LINE_P2026827_112738_new.jpg;completed;6fff3037-214c-4188-8332-997730090207;0c4b9136-172d-4a37-82e6-5ee810cf0fe9;2026-08-29 01:26:10.078+00;;2026-09-08 03:29:21.504+00;2026-09-09 08:07:41.653+00;;2026-08-27 04:28:54.150904+00;2026-09-09 08:07:41.785047+00;รื้อถอนตัวล็อกออกให้ตามประสงค์ผู้แจ้งขอ;[];350;date;2026-09-02;;false;
b2f6309b-0026-4ce4-b196-7392362fb005;260904009;26ab14fe-f8cc-4dfa-b1c3-a8c1416320d5;755d8bf8-abaf-4e67-8c66-c04dab7755d0;4bddcd3a-5051-4595-8a09-3afe48fc8dfc;02fe1b9d-a4d6-4b7a-bc33-d466c33c137b;มนชิตา;พัดลมตัวใหญ่ไลน์มือ No.1 / อะไหล่หน้าปัดพัดลมแตกหัก / ไลน์มือบรรจุส่งออก;https://xhkjaeapzuzvequgdode.supabase.co/storage/v1/object/public/repair-images/26ab14fe-f8cc-4dfa-b1c3-a8c1416320d5/1788512647968_IMG_2305.jpeg;completed;6fff3037-214c-4188-8332-997730090207;0c4b9136-172d-4a37-82e6-5ee810cf0fe9;2026-09-05 09:36:52.772+00;;2026-09-14 09:28:24.867+00;2026-09-15 02:54:02.103+00;;2026-09-04 09:04:09.426328+00;2026-09-15 02:54:01.314585+00;แก้ไขยึดฝาปิดกลับตำแหน่งเดิมให้ใหม่ตามปกติ;[];432;date;2026-09-11;;false;
32e5822c-6818-43e9-9c13-7e5f1b749c2e;260716002;521a9c93-4039-465c-8f7a-1c0137efc8ef;755d8bf8-abaf-4e67-8c66-c04dab7755d0;4bddcd3a-5051-4595-8a09-3afe48fc8dfc;02fe1b9d-a4d6-4b7a-bc33-d466c33c137b;ศศิธร;ประตูม้วน น้ำเข้าเวลาฝนตก;;completed;6fff3037-214c-4188-8332-997730090207;0c4b9136-172d-4a37-82e6-5ee810cf0fe9;2026-07-17 01:23:47.144+00;;2026-08-03 03:13:35.126+00;2026-08-04 09:14:30.163+00;;2026-07-16 01:10:55.649351+00;2026-08-04 09:14:30.390589+00;แก้ไขปิดรอยรั่วตามจุดที่ต่างๆให้ใหม่ตามปกติ;[];96;;;;false;
089ee284-5e09-471f-be95-e6f130065ffe;260801001;b84cdf82-1dd9-4d41-96a9-979f3b625fe3;72e122e2-76e3-44aa-a586-0a3f86291d77;3f463100-d4f4-4b12-a205-54cfabbdd77a;2b68f5fc-ad53-4ab2-b06f-1c0d5edca1ef;ศศิภา;ปลั๊ก ช็อต;;completed;d115f163-f902-496c-9630-73dee8d85e47;618867a9-9f7c-4e77-96cd-3c6be6f2a0ac;2026-08-03 03:26:16.18+00;;2026-08-03 06:10:48.582+00;2026-08-03 07:14:58.302+00;;2026-08-01 09:13:37.955684+00;2026-08-03 07:14:55.803178+00;ปลั๊กซ็อตทำการเปลี่ยนใจหม่;"[{""code"":""0401E4-00551/004"",""name"":""บล็อคยางพร้อมปลั๊กการาวด์ขนาด 4x4ไม่มีสายด 4,,+"",""qty"":""1ชุด""}]";170;date;2026-08-01;;false;
d2af4f3a-6308-4194-8c3f-bc4171c138a4;260803011;48700aa2-591f-4725-85ce-be044298c6be;72e122e2-76e3-44aa-a586-0a3f86291d77;8225183e-fa64-48fd-8d72-27c454e178fb;e3cdf4cf-1964-445a-9413-2b7c0809b6ad;สำราญ;มอเตอร์ไหม้;;completed;18315ef5-0d9a-4c48-836b-d172ad01c347;618867a9-9f7c-4e77-96cd-3c6be6f2a0ac;2026-08-04 04:44:25.267+00;;2026-08-04 06:23:06.685+00;2026-08-05 06:24:12.192+00;;2026-08-03 07:49:29.036456+00;2026-08-05 06:24:12.763369+00;เปลี่ยนมอเตอร์ปั้มสลัดลายใหม่;"[{""code"":""0401E7-00372/001"",""name"":""Water pump \""pedrollo"",""qty"":""1ตัว""}]";182;date;2026-08-03;;false;
bfc5710a-c3e2-4be9-b79c-077b466d7309;260706007;a364e18d-2359-42b5-bea7-f3538481f114;dd98b2b3-c0ed-48b6-b3f4-139b89c539c7;cee4bac9-45b4-4d53-9b29-1d4c115720eb;48162317-9d54-451b-a74d-1ec29ff2ab6d;ตะวัน;เกลียวล็อคซีลกลางเสีย;https://xhkjaeapzuzvequgdode.supabase.co/storage/v1/object/public/repair-images/a364e18d-2359-42b5-bea7-f3538481f114/1783320693242_AUNG09.jpg;completed;22275234-5a63-4e64-bdd4-07ec11241b46;9b15b405-4695-46a4-b384-ee5feb992a7c;2026-07-07 01:16:34.898+00;https://xhkjaeapzuzvequgdode.supabase.co/storage/v1/object/public/repair-images/22275234-5a63-4e64-bdd4-07ec11241b46/done_1785118346135_1000014342.jpg;2026-07-27 02:12:28.958+00;2026-07-27 07:13:42.157+00;;2026-07-06 06:51:35.901782+00;2026-07-27 07:13:37.534096+00;เปลี่ยนไหม่;"[{""code"":""0401E8-00699/001"",""name"":""\""งานบูช (ตามตัวอย่าง) MAT : ทองเหลือง Size : 30 x 12 mm.  บูชทองหลืองตัวล็อกชุดหน้าซีลเครื่องเแนวตั้ง SP01/SP03/SP04\"""",""qty"":""1""}]";65;;;;false;
1459b1cb-c558-4e6b-b6ba-f93d35dbe453;260716007;8d8a3186-6bd4-42c3-9dc2-8553ce10510c;dd98b2b3-c0ed-48b6-b3f4-139b89c539c7;60fdb7f3-75ed-46f3-8c68-76cea1818c8c;5acd961a-72e3-4aad-9298-ccb61b5de76c;มาไลย;ติดตั้งปลั๊กไฟสายพาน No.22ด้านหน้า 2จุดใช้เสียบปืนยิงกาวตามนโยบายไม่ใช้ปลั๊กพ่วงเพื่อความเป็นระเบียบ;;completed;aee8cef8-8534-459f-94b8-9de40933bee7;9b15b405-4695-46a4-b384-ee5feb992a7c;2026-07-16 08:06:23.908+00;;2026-07-27 08:17:37.954+00;2026-07-27 09:08:58.964+00;;2026-07-16 07:01:18.47129+00;2026-07-27 09:08:59.273578+00;ติดตั้งปลั๊กไฟเพิ่ม1จุด;"[{""code"":""0401E4-00551/004"",""name"":""บล๊อคยางพร้อมปลั๊กกราวด์ ขนาด 4x4"",""qty"":""1""},{""code"":""0401E4-00122/003"",""name"":""เคเบิลไท 12\"""",""qty"":""30""}]";104;;;;true;
fac2837f-f221-48b2-a105-6b69c8fd07ff;260722003;8137c5d0-65e4-461a-b094-5c5f0dbbed04;755d8bf8-abaf-4e67-8c66-c04dab7755d0;a3e64439-c1fa-4645-b93a-2880d8809946;7b8db7fc-3d09-4ec3-85c3-1e1d2d5aa664;กาญจนา;หัวเครื่องดูดฝุ่นชำรุด (เครื่องดูดฝุ่นทำความสะอาดรถผู้บริหาร);https://xhkjaeapzuzvequgdode.supabase.co/storage/v1/object/public/repair-images/8137c5d0-65e4-461a-b094-5c5f0dbbed04/1784695412564_444669.jpg;completed;2600fa0f-deae-4983-a9a4-a6253f0f8ad0;0c4b9136-172d-4a37-82e6-5ee810cf0fe9;2026-07-25 08:36:33.563+00;https://xhkjaeapzuzvequgdode.supabase.co/storage/v1/object/public/repair-images/2600fa0f-deae-4983-a9a4-a6253f0f8ad0/done_1785123174076_1000016638.jpg;2026-07-27 03:32:54.937+00;2026-07-28 01:10:13.473+00;;2026-07-22 04:43:33.143535+00;2026-07-28 01:10:13.5894+00;ซ่อมเสร็จแล้วครับ;[];136;date;2026-07-28;;false;
64862cee-1305-4433-88a6-3767ca7720d4;260724009;8d8a3186-6bd4-42c3-9dc2-8553ce10510c;dd98b2b3-c0ed-48b6-b3f4-139b89c539c7;7b7b3967-29cd-4097-8020-01b6e2d82209;13d41e96-52ac-4a42-9d0f-15a128451d70;มาไลย;"ใส่ฝาครอบตรงชุดมอเตอร์หมุนสายพานเนื่องจากฝาครอบไม่มี
กลัวเกิดอุบัติเหตุกับพนักงานที่ทำงานตรงจุดนั้น";https://xhkjaeapzuzvequgdode.supabase.co/storage/v1/object/public/repair-images/8d8a3186-6bd4-42c3-9dc2-8553ce10510c/1784884449990_IMG_1467.jpeg;completed;22275234-5a63-4e64-bdd4-07ec11241b46;9b15b405-4695-46a4-b384-ee5feb992a7c;2026-07-25 07:52:11.342+00;https://xhkjaeapzuzvequgdode.supabase.co/storage/v1/object/public/repair-images/22275234-5a63-4e64-bdd4-07ec11241b46/done_1785150092219_1000014351.jpg;2026-07-27 11:01:34.219+00;2026-07-28 01:36:31.844+00;;2026-07-24 09:14:14.505305+00;2026-07-28 01:36:32.224816+00;หาฝาครอบและน็อตยึดมาใส่ให้ใหม่;[];149;date;2026-07-27;2026-08-03 09:14:14.193+00;false;
d6a69fc5-ac36-4cd2-92ae-3ef5dc09aa29;260724012;26ab14fe-f8cc-4dfa-b1c3-a8c1416320d5;dd98b2b3-c0ed-48b6-b3f4-139b89c539c7;7b7b3967-29cd-4097-8020-01b6e2d82209;392bde1e-be7c-406d-91a0-855316dfea10;มนชิตา;ตัวครอบมอเตอร์หลุด ต้องการยึดให้ติด / ไลน์มือบรรจุส่งออก;https://xhkjaeapzuzvequgdode.supabase.co/storage/v1/object/public/repair-images/26ab14fe-f8cc-4dfa-b1c3-a8c1416320d5/1784885597328_IMG_8773.jpeg;completed;22275234-5a63-4e64-bdd4-07ec11241b46;9b15b405-4695-46a4-b384-ee5feb992a7c;2026-07-25 07:52:20.357+00;https://xhkjaeapzuzvequgdode.supabase.co/storage/v1/object/public/repair-images/22275234-5a63-4e64-bdd4-07ec11241b46/done_1785150016813_1000014350.jpg;2026-07-27 11:00:19.189+00;2026-07-28 02:34:01.731+00;;2026-07-24 09:33:42.361474+00;2026-07-28 02:33:52.221757+00;หาน๊อตยึคฝาครอบมอเตอร์ใหม่;[];152;date;2026-08-03;2026-08-03 09:33:42.132+00;false;
72e4270a-69d9-4577-8dfc-c21403c3ca59;260721004;8137c5d0-65e4-461a-b094-5c5f0dbbed04;755d8bf8-abaf-4e67-8c66-c04dab7755d0;a3e64439-c1fa-4645-b93a-2880d8809946;7b8db7fc-3d09-4ec3-85c3-1e1d2d5aa664;กาญจนา;โทรศัพท์เบอร์ 1182 กดไม่ค่อยได้ รับสายโอนสายก็หลุดบ่อย;https://xhkjaeapzuzvequgdode.supabase.co/storage/v1/object/public/repair-images/8137c5d0-65e4-461a-b094-5c5f0dbbed04/1784598295368_442769.jpg;completed;2600fa0f-deae-4983-a9a4-a6253f0f8ad0;0c4b9136-172d-4a37-82e6-5ee810cf0fe9;2026-07-21 04:53:18.434+00;https://xhkjaeapzuzvequgdode.supabase.co/storage/v1/object/public/repair-images/2600fa0f-deae-4983-a9a4-a6253f0f8ad0/done_1785206527581_1000016718.jpg;2026-07-28 02:42:08.116+00;2026-07-28 03:04:53.051+00;;2026-07-21 01:44:56.100189+00;2026-07-28 03:04:53.296089+00;เปลี่ยนสาย 1 เส้นครับแก้ไขเรียบร้อยแล้วครับ;"[{""code"":""0401E4-00154002"",""name"":""สายโทรสับ"",""qty"":""1""}]";123;;;;false;
45b404f3-8be5-4984-b095-5eb05e151f87;260728003;a364e18d-2359-42b5-bea7-f3538481f114;dd98b2b3-c0ed-48b6-b3f4-139b89c539c7;cee4bac9-45b4-4d53-9b29-1d4c115720eb;e17e7d9f-da74-4fa7-985c-9142e771499d;ตะวัน;บานพับฝาปิดHopperเป็นรอยร้าว (วันที่ 31/7/2026 และ 1/8/2026 ไม่มีแผนเดินงาน);https://xhkjaeapzuzvequgdode.supabase.co/storage/v1/object/public/repair-images/a364e18d-2359-42b5-bea7-f3538481f114/1785230101433_SP-02.jpg;completed;bd10cd0f-07af-4f58-87d9-595a76cd55f5;9b15b405-4695-46a4-b384-ee5feb992a7c;2026-07-31 04:43:55.346+00;;2026-08-01 02:30:46.196+00;2026-08-01 06:49:38.216+00;;2026-07-28 09:15:01.163892+00;2026-08-01 06:49:36.303121+00;เชื่อมบานพับใหม่;"[{""code"":""0401E4-00175/007"",""name"":""บานพับแบบถอดได้สแตนเลส 304 ขนาด 3\"""",""qty"":""2""}]";164;date;2026-07-31;;false;
89a78a6a-e454-44f7-af66-0126ea9f4db5;260818006;521a9c93-4039-465c-8f7a-1c0137efc8ef;dd98b2b3-c0ed-48b6-b3f4-139b89c539c7;b93b4434-5fe8-41c2-ba79-67512c3c1ad8;fbe1db5d-e751-4091-a6d9-bc3ac77abfa8;ศศิธร;ทำสีรอบตัว;;waiting_parts;22275234-5a63-4e64-bdd4-07ec11241b46;9b15b405-4695-46a4-b384-ee5feb992a7c;2026-08-18 04:25:14.133+00;;;;;2026-08-18 02:55:12.920405+00;2026-09-09 01:54:13.960874+00;;[];276;date;2026-08-29;;false;
1a50a923-0dd4-4170-bc0f-7865bf715295;260706006;e3a953a0-5f12-47fe-8c19-d0dabc13076a;755d8bf8-abaf-4e67-8c66-c04dab7755d0;345306ff-af94-4a88-8959-3ef69a24ae24;e23ec708-2f30-43c7-a9b8-b770d2c4a0ff;สำราญ;"คานเหล็กใต้พัดลมเบอร์ 5,6,7 ฝนตกมีน้ำรั่วซึม
นัดชี้จุดก่อนแก้ไข";;completed;6fff3037-214c-4188-8332-997730090207;0c4b9136-172d-4a37-82e6-5ee810cf0fe9;2026-07-07 04:49:06.649+00;;2026-08-03 06:20:36.819+00;2026-08-04 10:45:47.811+00;;2026-07-06 04:07:25.775783+00;2026-08-04 10:45:48.318371+00;ทาน้ำยาปิดรอยรั่วตามจุดต่างๆให้สนิทใช้งานได้ตามปกติ;[];64;;;;false;
bd3dfd1f-1e87-4a71-8bcf-116ce509ad1a;260810006;26ab14fe-f8cc-4dfa-b1c3-a8c1416320d5;dd98b2b3-c0ed-48b6-b3f4-139b89c539c7;60fdb7f3-75ed-46f3-8c68-76cea1818c8c;5acd961a-72e3-4aad-9298-ccb61b5de76c;มนชิตา;"ปืนยิงกาวไลน์มือเบอร์ 58 / ไลน์มือบรรจุส่งออก
พบปัญหาสายไฟไหม้ + สายไฟขาดข้อต่อ";;completed;bd10cd0f-07af-4f58-87d9-595a76cd55f5;9b15b405-4695-46a4-b384-ee5feb992a7c;2026-08-11 01:24:04.82+00;;2026-08-13 03:17:54.429+00;2026-08-13 03:57:01.606+00;;2026-08-10 03:55:38.549832+00;2026-08-13 03:57:02.131362+00;ต่อสายไฟที่ขาด;[];213;date;2026-08-14;;false;
21cc3a88-03ae-4cfe-b8c6-570e3d7674ed;260703003;8137c5d0-65e4-461a-b094-5c5f0dbbed04;755d8bf8-abaf-4e67-8c66-c04dab7755d0;ed438e9e-f1f6-424c-9024-b0f86509d249;749967f5-c6e1-4141-90c0-400505c5dd2a;กาญจนา;หัวบัว หัวเสาธง หน้าบริษัทล่วงตกแตก 1 อัน;;completed;6fff3037-214c-4188-8332-997730090207;0c4b9136-172d-4a37-82e6-5ee810cf0fe9;2026-07-03 03:43:56.056+00;;2026-08-03 06:21:47.377+00;2026-08-03 06:25:00.895+00;;2026-07-03 02:31:44.428783+00;2026-08-03 06:25:01.534791+00;เปลี่ยนอุปกรณ์​ใหม่​แทนที่​ของ​เดิม​ที่​ช​ำ​รุด​;"[{""code"":""99EXP-00310/001"",""name"":""ค่าใช้จ่ายเสาธง​135มม."",""qty"":""1​jop.""}]";178;;;;false;
ba9aebb0-f3d1-4b2a-886b-5a934d814aa2;260731004;8137c5d0-65e4-461a-b094-5c5f0dbbed04;755d8bf8-abaf-4e67-8c66-c04dab7755d0;a3e64439-c1fa-4645-b93a-2880d8809946;7b8db7fc-3d09-4ec3-85c3-1e1d2d5aa664;กาญจนา;กาน้ำร้อน ออฟฟิตเสียบปลั๊กไฟไม่เข้า;https://xhkjaeapzuzvequgdode.supabase.co/storage/v1/object/public/repair-images/8137c5d0-65e4-461a-b094-5c5f0dbbed04/1785487597695_453629.jpg;completed;6fff3037-214c-4188-8332-997730090207;0c4b9136-172d-4a37-82e6-5ee810cf0fe9;2026-08-06 06:38:36.368+00;;2026-08-13 02:17:45.231+00;2026-08-13 04:31:56.957+00;;2026-07-31 08:46:38.145215+00;2026-08-13 04:31:57.578555+00;ไม่สามารถซ่อมแซมได้เนื่องจากอุปกรณ์​ภายใน​ช​ำ​รุด​เสียหาย​;[];169;date;2026-08-17;2026-08-10 08:46:38.043+00;false;
18d94552-68e1-46b6-8aae-f1f58416affd;260803003;26ab14fe-f8cc-4dfa-b1c3-a8c1416320d5;dd98b2b3-c0ed-48b6-b3f4-139b89c539c7;60fdb7f3-75ed-46f3-8c68-76cea1818c8c;5acd961a-72e3-4aad-9298-ccb61b5de76c;มนชิตา;ปืนยิงกาวไลน์มือเบอร์ 8 / ไลน์มือบรรจุส่งออก  พบปัญหากาวไม่ร้อน;https://xhkjaeapzuzvequgdode.supabase.co/storage/v1/object/public/repair-images/26ab14fe-f8cc-4dfa-b1c3-a8c1416320d5/1785727090389_S__11264092.jpg;completed;aee8cef8-8534-459f-94b8-9de40933bee7;9b15b405-4695-46a4-b384-ee5feb992a7c;2026-08-03 06:54:29.966+00;;2026-08-07 11:41:30.709+00;2026-08-10 03:21:45.015+00;;2026-08-03 03:18:08.856935+00;2026-08-10 03:21:40.349811+00;ต่อสายไฟใหม่;[];172;date;2026-08-07;;false;
c8f6ce8b-bb17-4b9b-b99f-1a775cd42e0a;260803008;b84cdf82-1dd9-4d41-96a9-979f3b625fe3;72e122e2-76e3-44aa-a586-0a3f86291d77;64830cae-c233-4ec4-ac5c-f79472ba5a3b;667b6adf-7e6b-4b06-8fd1-77d4b52a6a2e;ศศิภ;ท่อน้้ำมันรั่ว+น้ำรั่ว;;completed;14a61d91-95ef-411a-b313-dae02e0f86a9;618867a9-9f7c-4e77-96cd-3c6be6f2a0ac;2026-08-04 04:44:37.931+00;https://xhkjaeapzuzvequgdode.supabase.co/storage/v1/object/public/repair-images/14a61d91-95ef-411a-b313-dae02e0f86a9/done_1785826511149_IMG_1794.jpeg;2026-08-04 06:55:12.075+00;2026-08-04 09:22:15.132+00;;2026-08-03 07:14:46.78965+00;2026-08-04 09:22:14.68259+00;"เปลี่ยนสายน้ำมันและฟิตติ้งข้อต่อเข้าห้องเกียร์
เปลี่ยนสายไฮโดรลิคน้ำเข้า zone 3";"[{""code"":""0401E8-00586    007"",""name"":""ข้อต่อลม 3 ทาง ตัวที 12 mm SPE-12"",""qty"":""1""},{""code"":""0401E7-00067    004"",""name"":""สายไฮโดรลิก 1/2 x 1 ม. หัวตรง-ตรง"",""qty"":""1""}]";179;date;2026-08-03;;false;
a0081bd9-276c-4190-880a-a70ff190caef;260803009;48700aa2-591f-4725-85ce-be044298c6be;72e122e2-76e3-44aa-a586-0a3f86291d77;8225183e-fa64-48fd-8d72-27c454e178fb;e3cdf4cf-1964-445a-9413-2b7c0809b6ad;สำราญ;สายท่อยางชำรุด;;completed;18315ef5-0d9a-4c48-836b-d172ad01c347;618867a9-9f7c-4e77-96cd-3c6be6f2a0ac;2026-08-04 04:44:31.155+00;;2026-08-05 03:57:28.476+00;2026-08-05 06:24:18.126+00;;2026-08-03 07:27:06.746747+00;2026-08-05 06:24:18.712075+00;เปลี่ยนสายลมpuสีดำ5×8มิลและฟิตติ้งต่อตรง;"[{""code"":""0401E4-00135/020"",""name"":""สายลมสีดำ5×8มิล"",""qty"":""4เมตร""},{""code"":""0401E8-00586/015"",""name"":""ข้อต่อลมเกลียวใน spc f8-02"",""qty"":""2ตัว""}]";180;date;2026-08-03;;false;
e02012c3-f8dd-4f8f-91e1-21b16ced8440;260724010;30f1cdf3-6892-4cd6-8a52-882bb331e7be;755d8bf8-abaf-4e67-8c66-c04dab7755d0;d3d2f3c0-857f-4081-b48b-406d75d3f008;aa32635e-d51b-4be1-90b2-a9eea58ac783;ศรีไพ;กาพ่นสี รุ่นกาบน 400 CC จำนวน 2 ชิ้น;https://xhkjaeapzuzvequgdode.supabase.co/storage/v1/object/public/repair-images/30f1cdf3-6892-4cd6-8a52-882bb331e7be/1784885404692_437993_0.jpg;completed;6fff3037-214c-4188-8332-997730090207;0c4b9136-172d-4a37-82e6-5ee810cf0fe9;2026-07-24 09:59:57.388+00;;2026-08-04 04:28:09.021+00;2026-08-05 09:58:15.334+00;;2026-07-24 09:30:05.352161+00;2026-08-05 09:58:15.182195+00;"ทำการซ่อมแซมทั้ง​ 2​ ตัว​ แก้ไขใช้งานได้ตามปกติ​ จำนวน​ 1​ ตัว
ไม่สามารถใช้งานได้​ จำนวน​ 1​ ตัว";[];150;date;2026-07-25;;false;
60fa1795-1cc8-4291-9e94-0a8596df5f1c;260727002;5a5b8e92-7aea-4790-a99a-ba47c443af3d;755d8bf8-abaf-4e67-8c66-c04dab7755d0;345306ff-af94-4a88-8959-3ef69a24ae24;e23ec708-2f30-43c7-a9b8-b770d2c4a0ff;ศกลวรรณ;แจ้งสร้าง แท่นวางสำหรับให้ซัพยืนบริเวณพื้นด้านล่างสโตร์ระหว่างการลงของค่ะ;;pending_assign;;;;;;;;2026-07-27 03:19:35.758176+00;2026-08-06 03:19:52.9308+00;;[];158;within_10_days;;2026-08-06 03:19:35.381+00;false;2026-08-06 03:19:52.9308+00
d49b061d-94fc-454a-942a-52df869d304f;260724013;8d8a3186-6bd4-42c3-9dc2-8553ce10510c;dd98b2b3-c0ed-48b6-b3f4-139b89c539c7;7b7b3967-29cd-4097-8020-01b6e2d82209;4d81e9cc-e146-4160-9072-84c2a0ebdbc3;มาไลย;ชุดตัวครอบมอเตอร์ด้านหน้าสายพานมีรอยแตกตรงเชื่อมทำให้เกิดมีความคมอาจเกิดอันตรายกับพนักงานได้;https://xhkjaeapzuzvequgdode.supabase.co/storage/v1/object/public/repair-images/8d8a3186-6bd4-42c3-9dc2-8553ce10510c/1784890174001_IMG_1468.jpeg;completed;bd10cd0f-07af-4f58-87d9-595a76cd55f5;9b15b405-4695-46a4-b384-ee5feb992a7c;2026-07-25 07:52:36.1+00;;2026-08-01 08:49:13.817+00;2026-08-03 04:58:10.047+00;;2026-07-24 10:49:36.72139+00;2026-08-03 04:58:07.395002+00;เชื่อมรอยแตก;[];153;date;2026-08-04;2026-08-03 10:49:36.482+00;false;
09630ad8-bb7c-41c0-9493-673d14b9307f;260716008;8d8a3186-6bd4-42c3-9dc2-8553ce10510c;dd98b2b3-c0ed-48b6-b3f4-139b89c539c7;60fdb7f3-75ed-46f3-8c68-76cea1818c8c;5acd961a-72e3-4aad-9298-ccb61b5de76c;มาไลย;ติดตั้งปลั๊กไฟสายพาน No.23 ด้านท้าย 1จุดใช้เสียบปืนยิงกาวและเครื่องรีดตามนโยบายไม่ใช้ปลั๊กพ่วง;;completed;22275234-5a63-4e64-bdd4-07ec11241b46;9b15b405-4695-46a4-b384-ee5feb992a7c;2026-07-16 08:06:22.036+00;https://xhkjaeapzuzvequgdode.supabase.co/storage/v1/object/public/repair-images/22275234-5a63-4e64-bdd4-07ec11241b46/done_1785486723390_1000014479.jpg;2026-07-31 08:32:05.118+00;2026-08-03 04:58:36.791+00;;2026-07-16 07:06:36.900082+00;2026-08-03 04:58:33.052906+00;ติดตั้งปลั๊กไฟเพิ่ม;"[{""code"":""0401E4-00551/004"",""name"":""บล๊อคยางพร้อมปลั๊กกราวด์ ขนาด 4x4"",""qty"":""2""},{""code"":""0401E4-00026 001"",""name"":""ปลั๊กตัวผู้แบบยาง 3 ขา"",""qty"":""1""}]";102;;;;false;
56b05715-d17e-4545-b996-cd44a3c6ec01;260706005;e3a953a0-5f12-47fe-8c19-d0dabc13076a;755d8bf8-abaf-4e67-8c66-c04dab7755d0;345306ff-af94-4a88-8959-3ef69a24ae24;e23ec708-2f30-43c7-a9b8-b770d2c4a0ff;สำราญ;ปิดช่องประตู 7,12 มีน้ำเข้า;;awaiting_review;6fff3037-214c-4188-8332-997730090207;0c4b9136-172d-4a37-82e6-5ee810cf0fe9;2026-07-07 04:49:50.673+00;;2026-09-08 03:37:18.943+00;;น้ำยังเข้าได้อยู่;2026-07-06 04:03:44.001844+00;2026-09-15 06:29:10.051279+00;แก้ไขยางรองกันน้ำติดตั้งเพิ่มเติมให้ใหม่ใช้งานได้ปกติ;[];63;;;;false;
8ddf1935-95a4-4a9a-a634-9fb029b9bf0f;260818011;521a9c93-4039-465c-8f7a-1c0137efc8ef;755d8bf8-abaf-4e67-8c66-c04dab7755d0;4bddcd3a-5051-4595-8a09-3afe48fc8dfc;02fe1b9d-a4d6-4b7a-bc33-d466c33c137b;ศศิธร;ทาสีบริเวณโคมไฟเบอร์ 98,99,100 เพดานสีลอก;https://xhkjaeapzuzvequgdode.supabase.co/storage/v1/object/public/repair-images/521a9c93-4039-465c-8f7a-1c0137efc8ef/1787027680409_IMG_8737.jpeg;completed;2600fa0f-deae-4983-a9a4-a6253f0f8ad0;0c4b9136-172d-4a37-82e6-5ee810cf0fe9;2026-08-18 07:31:54.424+00;https://xhkjaeapzuzvequgdode.supabase.co/storage/v1/object/public/repair-images/2600fa0f-deae-4983-a9a4-a6253f0f8ad0/done_1787188864158_1000018545.jpg;2026-08-20 01:21:06.107+00;2026-09-14 03:18:10.542+00;;2026-08-18 04:34:42.370991+00;2026-09-14 03:18:10.676517+00;ทาสีเก็บรอยหลุดหร่อนเสร็จแล้วครับ;[];281;date;2026-08-20;;false;
113a8dd4-bc3c-4dd5-b940-6f7fc40c4955;260731002;26ab14fe-f8cc-4dfa-b1c3-a8c1416320d5;dd98b2b3-c0ed-48b6-b3f4-139b89c539c7;60fdb7f3-75ed-46f3-8c68-76cea1818c8c;5acd961a-72e3-4aad-9298-ccb61b5de76c;มนชิตา;ปลั๊กพ่วงเสียบใช้งานไม่เข้า / ไลน์มือบรรจุส่งออก;https://xhkjaeapzuzvequgdode.supabase.co/storage/v1/object/public/repair-images/26ab14fe-f8cc-4dfa-b1c3-a8c1416320d5/1785485014086_S__11051143.jpg;completed;22275234-5a63-4e64-bdd4-07ec11241b46;9b15b405-4695-46a4-b384-ee5feb992a7c;2026-08-01 01:10:01.757+00;;2026-08-01 03:30:30.511+00;2026-08-05 01:59:15.186+00;;2026-07-31 08:03:21.186596+00;2026-08-05 01:59:13.600809+00;ตัดต่อสายไฟใหม่;[];167;date;2026-08-06;;false;
1de2d28b-affb-4ab4-88de-0d015c571e08;260806002;48700aa2-591f-4725-85ce-be044298c6be;72e122e2-76e3-44aa-a586-0a3f86291d77;f15faaa4-ee38-49d8-9a94-24dad95424b2;0d5eedf0-9551-4b35-b3d3-e26fee62979c;สำราญ;สายยางวนคนีมแข็งชำรุด;;completed;18315ef5-0d9a-4c48-836b-d172ad01c347;618867a9-9f7c-4e77-96cd-3c6be6f2a0ac;2026-08-06 06:40:02.353+00;;2026-08-07 02:58:57.284+00;2026-08-07 03:31:02.869+00;;2026-08-06 01:45:46.66569+00;2026-08-07 03:31:03.714821+00;"เปลี่ยนสายยางฟู๊ดเกรด1""";"[{""code"":""0401E8-00674/004"",""name"":""สายยางฟู๊ดเกรดpras-foodขนาด1\"""",""qty"":""2.5เมตร""}]";188;date;2026-08-06;;false;
5659c83b-3572-48d6-8fba-acc5caf0b17b;260803004;26ab14fe-f8cc-4dfa-b1c3-a8c1416320d5;dd98b2b3-c0ed-48b6-b3f4-139b89c539c7;60fdb7f3-75ed-46f3-8c68-76cea1818c8c;5acd961a-72e3-4aad-9298-ccb61b5de76c;มนชิตา;ปืนยิงกาวไลน์มือเบอร์ 47 / ไลน์มือบรรจุส่งออก พบปัญหา หัวเสียบปลั๊กหัก;https://xhkjaeapzuzvequgdode.supabase.co/storage/v1/object/public/repair-images/26ab14fe-f8cc-4dfa-b1c3-a8c1416320d5/1785727155813_S__11264093.jpg;completed;aee8cef8-8534-459f-94b8-9de40933bee7;9b15b405-4695-46a4-b384-ee5feb992a7c;2026-08-03 06:54:24.653+00;;2026-08-08 06:20:17.725+00;2026-08-10 03:21:46.117+00;;2026-08-03 03:19:14.093227+00;2026-08-10 03:21:41.444585+00;เปลี่ยนปลั๊กตัวผู้ตัวใหม่;"[{""code"":""0401E4-00026 001"",""name"":""ปลั๊กตัวผู้แบบยาง 3 ขา"",""qty"":""1ตัว""}]";173;date;2026-08-07;;false;
466a64e4-6664-43fe-ab0b-214318894aef;260805002;26ab14fe-f8cc-4dfa-b1c3-a8c1416320d5;dd98b2b3-c0ed-48b6-b3f4-139b89c539c7;60fdb7f3-75ed-46f3-8c68-76cea1818c8c;5acd961a-72e3-4aad-9298-ccb61b5de76c;มนชิตา;ปืนยิงกาวไลน์มือเบอร์ 58 / ไลน์มือบรรจุส่งออก  พบปัญหากาวไม่ร้อน;https://xhkjaeapzuzvequgdode.supabase.co/storage/v1/object/public/repair-images/26ab14fe-f8cc-4dfa-b1c3-a8c1416320d5/1785895301123_S__11329568.jpg;completed;22275234-5a63-4e64-bdd4-07ec11241b46;9b15b405-4695-46a4-b384-ee5feb992a7c;2026-08-05 08:34:44.485+00;;2026-08-08 08:54:12.785+00;2026-08-10 03:54:51.463+00;;2026-08-05 02:01:39.979553+00;2026-08-10 03:54:51.816645+00;ตัดต่อสายไฟ;[];186;date;2026-08-10;;false;
0de4e5ef-30a8-4239-8ecc-290216c55faf;260803010;48700aa2-591f-4725-85ce-be044298c6be;72e122e2-76e3-44aa-a586-0a3f86291d77;8225183e-fa64-48fd-8d72-27c454e178fb;f1c3976e-c759-4ad3-b1ec-46005c55383c;สำราญ;สายท่อยางชำรุด;;completed;18315ef5-0d9a-4c48-836b-d172ad01c347;618867a9-9f7c-4e77-96cd-3c6be6f2a0ac;2026-08-04 04:44:47.475+00;;2026-08-05 04:02:25.681+00;2026-08-05 06:24:15.289+00;;2026-08-03 07:28:23.206141+00;2026-08-05 06:24:15.862181+00;เปลี่ยนสายลมpuสีดำ5×8มิลและฟิตติ้งต่อตรง;"[{""code"":""0401E4-00135/020"",""name"":""สายลมpuสีดำ5×8มิล"",""qty"":""4เมตร""},{""code"":""0401E8-00341/010"",""name"":""ฟิตติ้ง-ต่อตรงเกลียวในspc f8-02"",""qty"":""1ตัว""}]";181;date;2026-08-03;;false;
2485f461-acc9-404e-bee3-aeaca28cc247;260807007;48700aa2-591f-4725-85ce-be044298c6be;72e122e2-76e3-44aa-a586-0a3f86291d77;f15faaa4-ee38-49d8-9a94-24dad95424b2;0d5eedf0-9551-4b35-b3d3-e26fee62979c;สำราญ;สวิทช์ปิดเปิดอุณหภูมิชำรุด;;completed;18315ef5-0d9a-4c48-836b-d172ad01c347;618867a9-9f7c-4e77-96cd-3c6be6f2a0ac;2026-08-10 02:14:58.017+00;;2026-08-10 02:27:46.719+00;2026-08-10 10:12:53.589+00;;2026-08-07 04:06:21.741372+00;2026-08-10 10:12:54.411701+00;เปลี่ยนสวิทลูกศร25mm.;"[{""code"":""0401E7-00115/001"",""name"":""สวิทลูกศร25mm."",""qty"":""1ตัว""}]";202;date;2026-08-07;;false;
3f29c113-44ad-4010-88a1-9ff10f044d96;260806005;5a5b8e92-7aea-4790-a99a-ba47c443af3d;755d8bf8-abaf-4e67-8c66-c04dab7755d0;345306ff-af94-4a88-8959-3ef69a24ae24;e23ec708-2f30-43c7-a9b8-b770d2c4a0ff;ศกลวรรณ;แจ้งสร้าง แท่นวางสำหรับให้ซัพยืนบริเวณพื้นด้านล่างสโตร์ระหว่างการลงของค่ะ;;in_progress;6fff3037-214c-4188-8332-997730090207;0c4b9136-172d-4a37-82e6-5ee810cf0fe9;2026-08-06 06:37:51.105+00;;;;;2026-08-06 03:44:50.402351+00;2026-08-06 06:37:53.278997+00;;[];191;date;2026-08-07;2026-08-16 03:44:51.248+00;false;
0f343ae8-4b06-44f5-b377-d1f0182ab1df;260904008;26ab14fe-f8cc-4dfa-b1c3-a8c1416320d5;dd98b2b3-c0ed-48b6-b3f4-139b89c539c7;60fdb7f3-75ed-46f3-8c68-76cea1818c8c;5acd961a-72e3-4aad-9298-ccb61b5de76c;มนชิตา;เครื่องชั่งดิจิตอล 1.5 kg / No.42 ไลน์มือบรรจุส่งออก พบปัญหาชาร์จไฟไม่เข้า;https://xhkjaeapzuzvequgdode.supabase.co/storage/v1/object/public/repair-images/26ab14fe-f8cc-4dfa-b1c3-a8c1416320d5/1788512445598_IMG_2304.jpeg;external;aee8cef8-8534-459f-94b8-9de40933bee7;9b15b405-4695-46a4-b384-ee5feb992a7c;2026-09-05 01:25:46.448+00;;;;;2026-09-04 09:00:50.311331+00;2026-09-09 09:09:24.819223+00;;[];431;date;2026-09-10;;false;
e9360581-5423-447b-be67-b9e5c9dc9d9e;260807002;30f1cdf3-6892-4cd6-8a52-882bb331e7be;755d8bf8-abaf-4e67-8c66-c04dab7755d0;d3d2f3c0-857f-4081-b48b-406d75d3f008;aa32635e-d51b-4be1-90b2-a9eea58ac783;ศรีไพ;สายดับเพลิง​ที่ขาดชำรุด​;https://xhkjaeapzuzvequgdode.supabase.co/storage/v1/object/public/repair-images/30f1cdf3-6892-4cd6-8a52-882bb331e7be/1786066159968_45779_0.jpg;completed;6fff3037-214c-4188-8332-997730090207;0c4b9136-172d-4a37-82e6-5ee810cf0fe9;2026-08-07 01:31:37.22+00;https://xhkjaeapzuzvequgdode.supabase.co/storage/v1/object/public/repair-images/6fff3037-214c-4188-8332-997730090207/done_1786066454482_45780_0.jpg;2026-08-07 01:34:14.994+00;2026-08-07 01:41:51.174+00;;2026-08-07 01:29:20.48405+00;2026-08-07 01:41:51.280724+00;สายดับเพลิงชำรุด/มีรอยแตกระหว่างสาย ไม่สามารถซ่อมได้;[];197;date;2026-08-08;;false;
a372fee7-74ea-401d-8aa7-9304968d8585;260915006;5a5b8e92-7aea-4790-a99a-ba47c443af3d;72e122e2-76e3-44aa-a586-0a3f86291d77;ed7e922f-4885-48ca-b212-5e1c4b2bd088;de2da03b-8370-4cd3-bf9b-9e5ef38d8f50;ศกลวรรณ;"ทำตัวรัดสายลมเครื่องร่อนค่ะ

อ้างจากใบแจ้งซ่อม  260904003 แจ้งวันที่ 4/9/26";;pending_assign;;;;;;;;2026-09-15 02:36:31.361535+00;2026-09-15 02:36:32.803544+00;;[];478;date;2026-09-22;;false;
101b8d0a-b681-4d60-bc44-8f67c57fb615;260819004;e3a953a0-5f12-47fe-8c19-d0dabc13076a;755d8bf8-abaf-4e67-8c66-c04dab7755d0;345306ff-af94-4a88-8959-3ef69a24ae24;e23ec708-2f30-43c7-a9b8-b770d2c4a0ff;สำราญ;พัดลมเบอร์12เสียเปิดไม่ได้;;completed;6fff3037-214c-4188-8332-997730090207;0c4b9136-172d-4a37-82e6-5ee810cf0fe9;2026-08-20 03:48:10.56+00;;2026-09-01 01:58:27.054+00;2026-09-01 02:24:00.671+00;;2026-08-19 01:54:29.959958+00;2026-09-01 02:24:00.804883+00;เปลี่ยนปลั๊กไฟให้ใหม่ใช้งานได้ตามปกติ;"[{""code"":""0401E4-00026\t001"",""name"":""ปลั๊กตัวผู้แบบยาง 3 ขา"",""qty"":""1""}]";292;date;2026-08-22;2026-08-29 01:54:29.338+00;false;
89fa4836-33b4-4856-bb5d-ae324dc87343;260805001;8137c5d0-65e4-461a-b094-5c5f0dbbed04;755d8bf8-abaf-4e67-8c66-c04dab7755d0;a3e64439-c1fa-4645-b93a-2880d8809946;7b8db7fc-3d09-4ec3-85c3-1e1d2d5aa664;กาญจนา;ที่กดสบู่ ชั้น1 ห้องน้ำหญิง เครื่องที่1 สบู่ไม่ไหล;https://xhkjaeapzuzvequgdode.supabase.co/storage/v1/object/public/repair-images/8137c5d0-65e4-461a-b094-5c5f0dbbed04/1785894895053_459970.jpg;completed;2600fa0f-deae-4983-a9a4-a6253f0f8ad0;0c4b9136-172d-4a37-82e6-5ee810cf0fe9;2026-08-06 06:38:26.337+00;https://xhkjaeapzuzvequgdode.supabase.co/storage/v1/object/public/repair-images/2600fa0f-deae-4983-a9a4-a6253f0f8ad0/done_1786069130468_1000017260.jpg;2026-08-07 02:18:51.014+00;2026-08-07 02:43:52.586+00;;2026-08-05 01:54:55.879751+00;2026-08-07 02:43:52.713147+00;แก้ไขเสร็จแล้วครับสบู่ชั้น 1;[];185;date;2026-08-06;2026-08-15 01:54:55.622+00;false;
b70bf15d-345b-4ecd-a759-b1b1b1d26cf4;260728004;a364e18d-2359-42b5-bea7-f3538481f114;dd98b2b3-c0ed-48b6-b3f4-139b89c539c7;6a73ba57-b80f-44cf-abf2-26a628226b4f;9fb2da1b-d7ac-4f26-aa64-23d91914b8f4;ตะวัน;ต้องการติดตั้งล้อที่ขาด้านหลัง 1 คู่เพื่อสะดวกในการโยกย้าย;https://xhkjaeapzuzvequgdode.supabase.co/storage/v1/object/public/repair-images/a364e18d-2359-42b5-bea7-f3538481f114/1785230291825_SP-02(1).jpg;completed;bd10cd0f-07af-4f58-87d9-595a76cd55f5;9b15b405-4695-46a4-b384-ee5feb992a7c;2026-07-31 04:43:58.515+00;;2026-08-05 06:26:28.501+00;2026-08-07 07:09:38.283+00;;2026-07-28 09:18:10.792328+00;2026-08-07 07:09:37.573681+00;ติดตั้งล้อสายพาน CS 08;"[{""code"":""0401E4-00068/002"",""name"":""ล้อโพลี่ยูริเทน 3 นิ้ว"",""qty"":""2 ตัว""}]";165;date;2026-07-31;;false;
a69457ca-230e-4abe-845f-093b1f22cb5c;260813004;5a5b8e92-7aea-4790-a99a-ba47c443af3d;755d8bf8-abaf-4e67-8c66-c04dab7755d0;345306ff-af94-4a88-8959-3ef69a24ae24;e23ec708-2f30-43c7-a9b8-b770d2c4a0ff;ศกลวรรณ;แจ้งสร้าง แท่นวางสำหรับให้ซัพยืนบริเวณพื้นด้านล่างสโตร์ระหว่างการลงของค่ะ;;in_progress;2600fa0f-deae-4983-a9a4-a6253f0f8ad0;0c4b9136-172d-4a37-82e6-5ee810cf0fe9;2026-08-13 07:35:57.088+00;;;;;2026-08-13 06:16:33.480889+00;2026-08-13 07:35:59.764318+00;;[];224;date;2026-08-20;2026-08-23 06:16:34.016+00;false;
4f6d1743-7638-4e28-920d-e5cd13a8a585;260806001;48700aa2-591f-4725-85ce-be044298c6be;72e122e2-76e3-44aa-a586-0a3f86291d77;cb6b3dfa-c7f7-4c49-b149-fe813e0ac371;f4212c23-b892-41e8-a9a6-b49fafc172c7;สำราญ;สายยางฉีดแป้งแข็งชำรุด;;completed;18315ef5-0d9a-4c48-836b-d172ad01c347;618867a9-9f7c-4e77-96cd-3c6be6f2a0ac;2026-08-06 06:40:06.337+00;;2026-08-08 02:12:08.517+00;2026-08-08 04:00:00.522+00;;2026-08-06 01:11:42.5199+00;2026-08-08 04:00:01.380068+00;เปลี่ยนสายฟู๊ดเกรดToyo food Tfb-12 (12*18mm.);"[{""code"":""0401E8-00674/013"",""name"":""สายยางฟู๊ดเกรดToyo food Tfb-12(12*18mm.)"",""qty"":""5.5เมตร""}]";187;date;2026-08-07;;false;
565c0834-f0ec-4a70-906f-e73b0d8f2076;260803005;26ab14fe-f8cc-4dfa-b1c3-a8c1416320d5;755d8bf8-abaf-4e67-8c66-c04dab7755d0;4bddcd3a-5051-4595-8a09-3afe48fc8dfc;02fe1b9d-a4d6-4b7a-bc33-d466c33c137b;มนชิตา;เก้าอี้สแตนเลส เบอร์3 / ไลน์มือบรรจุส่งออก ขาเก้าอี้ชำรุด;https://xhkjaeapzuzvequgdode.supabase.co/storage/v1/object/public/repair-images/26ab14fe-f8cc-4dfa-b1c3-a8c1416320d5/1785727242189_S__11264094.jpg;completed;6fff3037-214c-4188-8332-997730090207;0c4b9136-172d-4a37-82e6-5ee810cf0fe9;2026-08-03 04:45:43.983+00;;2026-08-06 07:31:35.141+00;2026-08-08 04:10:22.269+00;;2026-08-03 03:20:40.841416+00;2026-08-08 04:10:22.65515+00;แก้ไขเชื่อมโต๊ะให้ใหม่แข็งแรง​ใช้งาน​ตามปกติ​;[];174;date;2026-08-10;;false;
8f237caf-4834-4861-8c4e-f33ba36fbb45;260722005;48700aa2-591f-4725-85ce-be044298c6be;755d8bf8-abaf-4e67-8c66-c04dab7755d0;3f463100-d4f4-4b12-a205-54cfabbdd77a;156e13a6-f108-4e01-ba16-07c8989000a2;สำราญ;ขอบประตูทางเข้าห้องเวเฟอร์ชำรุด;;completed;6fff3037-214c-4188-8332-997730090207;0c4b9136-172d-4a37-82e6-5ee810cf0fe9;2026-08-13 03:47:42.179+00;;2026-08-19 07:29:13.157+00;2026-08-20 01:40:47.366+00;;2026-07-22 07:03:05.687752+00;2026-08-20 01:40:48.228187+00;แก้ไขล็อกยึดขอบประตูกลับตำแหน่งเดิมตามปกติ​ใช้​งานได้​ตามปกติ​;[];138;date;2026-08-17;;false;
5747d456-367d-4101-aaf7-0fcbe160277f;260904003;5a5b8e92-7aea-4790-a99a-ba47c443af3d;755d8bf8-abaf-4e67-8c66-c04dab7755d0;345306ff-af94-4a88-8959-3ef69a24ae24;e23ec708-2f30-43c7-a9b8-b770d2c4a0ff;ศกลวรรณ;ทำตัวรัดสายลมเครื่องบดน้ำตาลทั้ง 2 เครื่อง และตัวรัดเครื่องร่อนค่ะ;;awaiting_review;6fff3037-214c-4188-8332-997730090207;0c4b9136-172d-4a37-82e6-5ee810cf0fe9;2026-09-04 07:19:27.17+00;;2026-09-11 03:28:24.659+00;;เปิดใบแจ้งซ่อมใบใหม่ค่ะ;2026-09-04 04:03:45.483621+00;2026-09-15 08:12:28.280436+00;ให้แจ้งซ่อมมาใหม่ในงานผลิตครับแล้วปิดใบนี้ให้ด้วยครับครับ;[];424;date;2026-09-11;;false;
99a1894a-a195-46d1-88ea-c37c63e15c55;260829012;521a9c93-4039-465c-8f7a-1c0137efc8ef;dd98b2b3-c0ed-48b6-b3f4-139b89c539c7;8fb60919-05a3-47e7-9f76-6458062c494a;4c93d34e-2e80-4988-a46c-67ea41221b41;ศศิธร;ตัวปรับขยายสายพานชำรุด;https://xhkjaeapzuzvequgdode.supabase.co/storage/v1/object/public/repair-images/521a9c93-4039-465c-8f7a-1c0137efc8ef/1787984892943_IMG_8986.jpeg;completed;aee8cef8-8534-459f-94b8-9de40933bee7;9b15b405-4695-46a4-b384-ee5feb992a7c;2026-08-29 08:05:11.578+00;;2026-09-01 07:06:59.381+00;2026-09-02 02:29:11.695+00;;2026-08-29 06:28:14.179818+00;2026-09-02 02:29:11.851454+00;เจาะใส่เหล็กตัวปรับขยายสายพานใหม่;[];376;date;2026-08-31;;false;
d7857c98-00a8-4697-8d1d-65ed6efefc08;260716009;8d8a3186-6bd4-42c3-9dc2-8553ce10510c;dd98b2b3-c0ed-48b6-b3f4-139b89c539c7;60fdb7f3-75ed-46f3-8c68-76cea1818c8c;5acd961a-72e3-4aad-9298-ccb61b5de76c;มาไลย;ติดตั้งปลั๊กไฟกับสายพาน No.13   1จุดใช้เสียบปลั๊กปืนยิงกาวและเครื่องรีด ตามนโยบายไม่ให้ใช้ปลั๊กพ่วงเพื่อความเป็นระเบียบ;;completed;22275234-5a63-4e64-bdd4-07ec11241b46;9b15b405-4695-46a4-b384-ee5feb992a7c;2026-07-16 08:06:19.864+00;;2026-08-08 08:56:22.969+00;2026-08-08 09:13:46.813+00;;2026-07-16 07:10:11.558631+00;2026-08-08 09:13:47.130652+00;ติดตั้งปลั๊ก;"[{""code"":""0401E4-00551/004"",""name"":""บล๊อคยางพร้อมปลั๊กกราวด์ ขนาด 4x4"",""qty"":""2""}]";103;;;;false;
5708f50f-73a0-4506-951c-208ea403f5c6;260716004;8d8a3186-6bd4-42c3-9dc2-8553ce10510c;dd98b2b3-c0ed-48b6-b3f4-139b89c539c7;60fdb7f3-75ed-46f3-8c68-76cea1818c8c;5acd961a-72e3-4aad-9298-ccb61b5de76c;มาไลย;ติดตั้งปลั๊กไฟกับสายพานแนวราบ No.4ด้านหน้า 2จุดและด้านหลัง 2จุด เพื่อใช้เสียบปืนยิงกาวโดยมีนโยบายไม่ให้ใช้ปลั๊กพ่วง;https://xhkjaeapzuzvequgdode.supabase.co/storage/v1/object/public/repair-images/8d8a3186-6bd4-42c3-9dc2-8553ce10510c/1784183910573_IMG_1418.jpeg;completed;bd10cd0f-07af-4f58-87d9-595a76cd55f5;9b15b405-4695-46a4-b384-ee5feb992a7c;2026-07-16 08:06:27.791+00;;2026-08-01 08:53:02.134+00;2026-08-08 09:13:59.989+00;;2026-07-16 06:38:33.657278+00;2026-08-08 09:14:00.296993+00;เดินปลั๊กใหม่;"[{""code"":""0401E4-00551/004"",""name"":""ปลั๊กไฟพร้อมกราว4*4"",""qty"":""4ตัว""}]";99;;;;false;
3a5686e8-012d-4276-ba74-04af96661963;260820006;26ab14fe-f8cc-4dfa-b1c3-a8c1416320d5;dd98b2b3-c0ed-48b6-b3f4-139b89c539c7;60fdb7f3-75ed-46f3-8c68-76cea1818c8c;5acd961a-72e3-4aad-9298-ccb61b5de76c;มนชิตา;ปืนยิงกาวไลน์มือเบอร์ 27 / ไลน์มือ7-11 พบปัญหาหัวปลั๊กเสียบหลุด;https://xhkjaeapzuzvequgdode.supabase.co/storage/v1/object/public/repair-images/26ab14fe-f8cc-4dfa-b1c3-a8c1416320d5/1787218512532_IMG_1022.jpeg;completed;aee8cef8-8534-459f-94b8-9de40933bee7;9b15b405-4695-46a4-b384-ee5feb992a7c;2026-08-21 12:20:08.125+00;;2026-08-22 01:45:31.11+00;2026-08-22 08:03:10.83+00;;2026-08-20 09:35:14.734693+00;2026-08-22 08:03:07.96309+00;ตัดต่อสายไฟเข้าปลั๊กใหม่;[];305;date;2026-08-22;;false;
a56df4f6-5bba-4d3e-a156-f7b024e8b289;260813010;30f1cdf3-6892-4cd6-8a52-882bb331e7be;755d8bf8-abaf-4e67-8c66-c04dab7755d0;d3d2f3c0-857f-4081-b48b-406d75d3f008;aa32635e-d51b-4be1-90b2-a9eea58ac783;ศรีไพ;แจ้งซ่อมรางไฟแผนกผลิตเนื่องจากเสื่อสภาพจากจากใช้งาน;;completed;6fff3037-214c-4188-8332-997730090207;0c4b9136-172d-4a37-82e6-5ee810cf0fe9;2026-08-13 09:46:53.55+00;;2026-08-13 09:51:04.588+00;2026-08-13 09:57:55.475+00;;2026-08-13 09:15:08.748822+00;2026-08-13 09:57:54.067896+00;รางไฟเก่าจากเริ่มก่อตั้งโรงงาน/เนื่องจากไ้มีการปรับปรุงระบบไฟใหม่จึงได้ถอดรางไฟเก่าที่เสื่อมสภาพขึ้นสนิมและเสียรูปทรงออกและเปลี่ยนชุดใหม่ใส่แทน;[];227;date;2026-08-13;;false;
484bf1ca-b9f3-48ca-a512-86a04dfff7ca;260813008;26ab14fe-f8cc-4dfa-b1c3-a8c1416320d5;dd98b2b3-c0ed-48b6-b3f4-139b89c539c7;7110c454-c2ce-46e0-ad17-5c590abf8361;0c89c28e-0ca7-4f56-ae91-350c4c0e3882;มนชิตา;ม่านระบายความร้อนขาด / ไลน์มือบรรจุส่งออก;https://xhkjaeapzuzvequgdode.supabase.co/storage/v1/object/public/repair-images/26ab14fe-f8cc-4dfa-b1c3-a8c1416320d5/1786611388163_IMG_0512.jpeg;completed;22275234-5a63-4e64-bdd4-07ec11241b46;9b15b405-4695-46a4-b384-ee5feb992a7c;2026-08-14 01:05:48.632+00;https://xhkjaeapzuzvequgdode.supabase.co/storage/v1/object/public/repair-images/22275234-5a63-4e64-bdd4-07ec11241b46/done_1787728656643_1000014824.jpg;2026-08-26 07:17:38.321+00;2026-08-26 09:43:01.11+00;ยังไม่ได้รับการแก้ไขตามรูปที่แนบค่ะ;2026-08-13 08:56:30.663219+00;2026-08-26 09:43:01.5486+00;เปลี่ยนผ้าม่าน;[];225;date;2026-08-15;;false;
4272d2f1-9d66-42fb-a42d-66d121d6949a;260814001;30f1cdf3-6892-4cd6-8a52-882bb331e7be;755d8bf8-abaf-4e67-8c66-c04dab7755d0;d3d2f3c0-857f-4081-b48b-406d75d3f008;aa32635e-d51b-4be1-90b2-a9eea58ac783;ศรีไพ;ท่อปะปาที่เชื่อมระหว่างมิเตอร์หน้าโรงงานมายังบ่อเก็บน้ำแตกเสื่อมตามอายุการใช้งาน;;completed;6fff3037-214c-4188-8332-997730090207;0c4b9136-172d-4a37-82e6-5ee810cf0fe9;2026-08-14 02:34:30.775+00;;2026-08-14 02:35:18.92+00;2026-08-14 03:04:14.622+00;;2026-08-14 01:38:46.123305+00;2026-08-14 03:04:12.587405+00;ท่อประปาเก่าหลังจากที่เดินงานประปาด้วยท่อเหล็กเสร็จเรียบร้อยไม่ได้ใช้งาน;[];232;date;2026-08-14;;false;
6153a7c9-a15f-4baf-bc85-f2b915385ed2;260826004;48700aa2-591f-4725-85ce-be044298c6be;755d8bf8-abaf-4e67-8c66-c04dab7755d0;3f463100-d4f4-4b12-a205-54cfabbdd77a;156e13a6-f108-4e01-ba16-07c8989000a2;สำราญ;ลานซักล้างฝั่งเวเฟอร์หลอดไฟไม่สว่าง3ดวง;;completed;2600fa0f-deae-4983-a9a4-a6253f0f8ad0;0c4b9136-172d-4a37-82e6-5ee810cf0fe9;2026-08-29 01:27:33.43+00;;2026-09-09 08:40:09.718+00;2026-09-12 04:33:27.356+00;;2026-08-26 12:12:11.199342+00;2026-09-12 04:33:28.709622+00;เปลี่ยนหลอดไฟให้ใหม่แทนของเดิมที่ชำรุด;"[{""code"":""0401E6-00013\t015"",""name"":""หลอดไฟ Shining นีออน LED Tube T8 SIMGUARD HGH LUMEN 18W"",""qty"":""3หลอด""}]";363;date;2026-08-29;;false;
e460c126-7324-4e1e-bc81-ad97661e7636;260814002;b84cdf82-1dd9-4d41-96a9-979f3b625fe3;72e122e2-76e3-44aa-a586-0a3f86291d77;3b9c8b03-1b6b-46a8-91a1-c68f9427058e;197b7e53-992a-4a87-ad22-11dc76b9b1dc;ศศิภา;สานพายชั้นบนชำรุด;;completed;d115f163-f902-496c-9630-73dee8d85e47;618867a9-9f7c-4e77-96cd-3c6be6f2a0ac;2026-08-14 03:13:12.754+00;;2026-08-14 03:24:41.889+00;2026-08-14 04:08:59.682+00;;2026-08-14 03:09:51.020796+00;2026-08-14 04:08:59.317545+00;เปลี่ยนสายพานใหม่ชั้นบน;[];234;date;2026-08-14;;false;
312afa79-2a94-4d0d-946c-cd104cddc699;260824007;a364e18d-2359-42b5-bea7-f3538481f114;dd98b2b3-c0ed-48b6-b3f4-139b89c539c7;7b7b3967-29cd-4097-8020-01b6e2d82209;b9821b93-0df6-4f79-a4f8-588147aa3146;ตะวัน;ต้องการต่อขาแบบปรับขึ้นลงได้ให้เหมาะกับการใช้งาน;https://xhkjaeapzuzvequgdode.supabase.co/storage/v1/object/public/repair-images/a364e18d-2359-42b5-bea7-f3538481f114/1787561260540_Con-18.jpg;waiting_parts;22275234-5a63-4e64-bdd4-07ec11241b46;9b15b405-4695-46a4-b384-ee5feb992a7c;2026-08-26 02:39:33.918+00;;;;;2026-08-24 08:47:37.437422+00;2026-09-05 02:02:52.623939+00;;[];319;date;2026-08-28;;false;
b60fe686-cd7d-4f68-a638-54e9defaba80;260902020;48700aa2-591f-4725-85ce-be044298c6be;72e122e2-76e3-44aa-a586-0a3f86291d77;3f463100-d4f4-4b12-a205-54cfabbdd77a;2b68f5fc-ad53-4ab2-b06f-1c0d5edca1ef;สำราญ;สายชาร์จเครื่องชั่งดิจิตอล no11ชำรุด;;completed;18315ef5-0d9a-4c48-836b-d172ad01c347;618867a9-9f7c-4e77-96cd-3c6be6f2a0ac;2026-09-04 08:22:57.258+00;;2026-09-05 01:51:06.721+00;2026-09-05 07:14:00.402+00;;2026-09-02 11:17:10.292407+00;2026-09-05 07:14:01.809179+00;แก้ไขเชื่อมต่อสายไฟที่ชำรุด;[];417;date;2026-09-02;;false;
7c4123fa-ae4d-44d3-9f81-5230f4fd263f;260902006;8d8a3186-6bd4-42c3-9dc2-8553ce10510c;dd98b2b3-c0ed-48b6-b3f4-139b89c539c7;60fdb7f3-75ed-46f3-8c68-76cea1818c8c;5acd961a-72e3-4aad-9298-ccb61b5de76c;มาไลย;ปืนยิงกาวNo.9 ตัวกดยิงกาวสปริงหลุดยิงไม่ออก;;completed;aee8cef8-8534-459f-94b8-9de40933bee7;9b15b405-4695-46a4-b384-ee5feb992a7c;2026-09-02 09:30:31.533+00;;2026-09-03 13:46:09.666+00;2026-09-08 04:32:14.062+00;;2026-09-02 03:32:16.907892+00;2026-09-08 04:32:14.354354+00;ดัดสปริงใส่ด้ามกดใหม่;[];404;date;2026-09-03;;false;
e06f17a1-cde3-4e3e-b128-adc77071152d;260725001;521a9c93-4039-465c-8f7a-1c0137efc8ef;dd98b2b3-c0ed-48b6-b3f4-139b89c539c7;7b7b3967-29cd-4097-8020-01b6e2d82209;20bf2bb8-e617-4e54-9452-a17974fecb1f;ศศิธร;สายพานขาด;https://xhkjaeapzuzvequgdode.supabase.co/storage/v1/object/public/repair-images/521a9c93-4039-465c-8f7a-1c0137efc8ef/1784956874255_IMG_8238.jpeg;completed;aee8cef8-8534-459f-94b8-9de40933bee7;9b15b405-4695-46a4-b384-ee5feb992a7c;2026-07-25 07:52:38.701+00;;2026-08-14 02:47:44.64+00;2026-08-14 07:32:35.492+00;;2026-07-25 05:21:21.229407+00;2026-08-14 07:32:35.751527+00;เปลี่ยนสายพานเส้นใหม่;"[{""code"":""0401E1-00056/017"",""name"":""สายพาน PU สีขาว ต่อกลม หนา 2 มิล- กว้าง49cm.-ยาว440cm."",""qty"":""1เส้น""}]";154;date;2026-07-31;2026-08-04 05:21:20.743+00;true;
cff5f97c-3cdc-4193-8fa9-f5d3fef0875f;260911002;0467a743-3607-4742-8211-392043ef896e;72e122e2-76e3-44aa-a586-0a3f86291d77;32ef7fab-ec72-4e78-8d94-67669bb1e558;cf769a71-f4f1-46e4-a974-b0c62938d6f0;ศศิธร โพธิ์รักษา;ซิลิโคนขาด;https://xhkjaeapzuzvequgdode.supabase.co/storage/v1/object/public/repair-images/0467a743-3607-4742-8211-392043ef896e/1789092921861_420119.jpg;completed;14a61d91-95ef-411a-b313-dae02e0f86a9;618867a9-9f7c-4e77-96cd-3c6be6f2a0ac;2026-09-11 08:49:17.137+00;https://xhkjaeapzuzvequgdode.supabase.co/storage/v1/object/public/repair-images/14a61d91-95ef-411a-b313-dae02e0f86a9/done_1789350837331_IMG_2271.jpeg;2026-09-14 01:53:58.117+00;2026-09-15 02:59:13.344+00;;2026-09-11 02:15:15.743157+00;2026-09-15 02:58:58.659373+00;ทำการเปลี่ยนซิลิโคนเส้นใหม่;"[{""code"":""0401E8-00674    014"",""name"":""Silicone Tube Food Gard Beer Ljne สายยางชิลิโคนแบบใส ท่อชิลิโคนสายเบียร์ เกรดอาหาร ขนาด 4*6  ยาว 1ม. (เบิกเป็นเมตร)"",""qty"":""1.2 เมตร""}]";459;date;2026-09-11;;false;
b37fda2f-e51c-4bb4-b5b3-10bb4a6ff6e6;260814013;8d8a3186-6bd4-42c3-9dc2-8553ce10510c;755d8bf8-abaf-4e67-8c66-c04dab7755d0;4bddcd3a-5051-4595-8a09-3afe48fc8dfc;02fe1b9d-a4d6-4b7a-bc33-d466c33c137b;มาไลย;หลอดไฟชุดที่129ห้องไลน์มือ7-11 ขาด 2หลอด;;completed;2600fa0f-deae-4983-a9a4-a6253f0f8ad0;0c4b9136-172d-4a37-82e6-5ee810cf0fe9;2026-08-15 01:44:51.125+00;;2026-08-18 07:30:00.01+00;2026-08-22 02:24:42.73+00;;2026-08-14 09:07:31.599905+00;2026-08-22 02:24:42.918395+00;"หลอดไฟ​ Shining นีออน​LED​Tube​T8
0401E6-00013​/015
จำนวน​ 2​ หลอด";"[{""code"":""0401E6-00013​/015"",""name"":""หลอดไฟ​ Shining นีออน​LED​Tube​T8"",""qty"":""2""}]";244;date;2026-08-15;;false;
7f935b76-a2fa-4d0b-8f30-68a3a8c173a0;260810004;26ab14fe-f8cc-4dfa-b1c3-a8c1416320d5;dd98b2b3-c0ed-48b6-b3f4-139b89c539c7;60fdb7f3-75ed-46f3-8c68-76cea1818c8c;5acd961a-72e3-4aad-9298-ccb61b5de76c;มนชิตา;"ปืนยิงกาวไลน์มือเบอร์ 60 / ไลน์มือบรรจุส่งออก
พบปัญหาสายไฟไหม้";https://xhkjaeapzuzvequgdode.supabase.co/storage/v1/object/public/repair-images/26ab14fe-f8cc-4dfa-b1c3-a8c1416320d5/1786333970264_IMG_0273.jpeg;completed;bd10cd0f-07af-4f58-87d9-595a76cd55f5;9b15b405-4695-46a4-b384-ee5feb992a7c;2026-08-11 01:24:08.403+00;;2026-08-13 03:20:15.866+00;2026-08-13 03:57:07.666+00;;2026-08-10 03:52:52.099001+00;2026-08-13 03:57:08.007949+00;ต่อสายไฟที่ขาด;[];211;date;2026-08-14;;false;
142d6efa-9d2f-457e-9625-50f3884ed9e1;260804001;8137c5d0-65e4-461a-b094-5c5f0dbbed04;755d8bf8-abaf-4e67-8c66-c04dab7755d0;a3e64439-c1fa-4645-b93a-2880d8809946;7b8db7fc-3d09-4ec3-85c3-1e1d2d5aa664;กาญจนา;เครื่องโทรศัพท์ 1182 (คุณโอ๋ บุคคล) มีเสียงไฟช็อต เสียงดังกุกกัก;https://xhkjaeapzuzvequgdode.supabase.co/storage/v1/object/public/repair-images/8137c5d0-65e4-461a-b094-5c5f0dbbed04/1785823538816_442769.jpg;completed;2600fa0f-deae-4983-a9a4-a6253f0f8ad0;0c4b9136-172d-4a37-82e6-5ee810cf0fe9;2026-08-06 06:38:18.888+00;;2026-08-10 03:01:19.711+00;2026-08-10 03:02:04.003+00;เครื่องยังใช้งานไม่ได้ ยังมีเสียงกุกกัง เสียงเหมือนไฟช็อต;2026-08-04 06:05:39.862223+00;2026-08-10 03:02:04.073437+00;ไม่สามารถซ่อมได้ครับ อายุการใช้งานนานตัวเครื่องเหลือง;[];183;date;2026-08-14;2026-08-14 06:05:39.651+00;false;
15a8bfc7-c1c4-4ed0-954e-44c6a984fbcf;260813003;5a5b8e92-7aea-4790-a99a-ba47c443af3d;755d8bf8-abaf-4e67-8c66-c04dab7755d0;345306ff-af94-4a88-8959-3ef69a24ae24;e23ec708-2f30-43c7-a9b8-b770d2c4a0ff;ศกลวรรณ;แจ้งสร้าง แท่นวางสำหรับให้ซัพยืนบริเวณพื้นด้านล่างสโตร์ระหว่างการลงของค่ะ;;pending_assign;;;;;;;;2026-08-13 06:16:16.885872+00;2026-08-24 01:36:33.847319+00;;[];;within_10_days;;2026-08-23 06:16:17.384+00;false;2026-08-24 01:36:33.847319+00
2dc115bb-4b49-41df-8467-12433f137edc;260727004;0467a743-3607-4742-8211-392043ef896e;72e122e2-76e3-44aa-a586-0a3f86291d77;32ef7fab-ec72-4e78-8d94-67669bb1e558;363b6d55-9c39-49b4-bd6a-ce7051c3cb1c;ศศิธร โพธิ์รักษา;กรองมีลักษณะยุ้ย อาจหลุดและปนเปื้อนได้ รบกวนแก้ไขเร่งด่วน;https://xhkjaeapzuzvequgdode.supabase.co/storage/v1/object/public/repair-images/0467a743-3607-4742-8211-392043ef896e/1785123107454_1785123078951.jpg;completed;14a61d91-95ef-411a-b313-dae02e0f86a9;618867a9-9f7c-4e77-96cd-3c6be6f2a0ac;2026-08-05 01:29:18.126+00;https://xhkjaeapzuzvequgdode.supabase.co/storage/v1/object/public/repair-images/14a61d91-95ef-411a-b313-dae02e0f86a9/done_1786155809585_IMG_1886.jpeg;2026-08-08 02:23:30.326+00;2026-08-13 02:00:29.592+00;;2026-07-27 03:31:37.201784+00;2026-08-13 02:00:24.112825+00;เปลี่ยนเป็นตะแกรงสแตนเลสเรียบร้อย;[];160;date;2026-08-05;2026-08-06 03:31:48.338+00;false;
2f2c5e0c-43dd-4692-8c9d-85d5b78e2b7c;260806003;b84cdf82-1dd9-4d41-96a9-979f3b625fe3;755d8bf8-abaf-4e67-8c66-c04dab7755d0;3f463100-d4f4-4b12-a205-54cfabbdd77a;156e13a6-f108-4e01-ba16-07c8989000a2;ศศิภา;ไฟดักแมลงเบอร์4 ไม่ติดตั้งแต่ 4/8/26 แจ้งพี่เม้าไปตั้งแต่วันนั้นแล้วค่ะ;;completed;2600fa0f-deae-4983-a9a4-a6253f0f8ad0;0c4b9136-172d-4a37-82e6-5ee810cf0fe9;2026-08-06 06:38:02.209+00;https://xhkjaeapzuzvequgdode.supabase.co/storage/v1/object/public/repair-images/2600fa0f-deae-4983-a9a4-a6253f0f8ad0/done_1786091308042_1000017284.jpg;2026-08-07 08:28:30.199+00;2026-08-10 04:08:27.968+00;;2026-08-06 01:54:35.632208+00;2026-08-10 04:08:26.883954+00;ไฟดักแมลงเบอร์ 4 เสร็จแล้วครับ;[];189;date;2026-08-06;;false;
3efe59c2-b936-41f8-a858-2a22a1cb561b;260807005;b84cdf82-1dd9-4d41-96a9-979f3b625fe3;72e122e2-76e3-44aa-a586-0a3f86291d77;c8eb35d4-590a-4933-a62e-bb37e07870ef;4b049875-d765-4487-a1e5-bd4dd9a2d3ea;ศศิภ;โซ่โอ่งคลุกหลุด;;completed;d115f163-f902-496c-9630-73dee8d85e47;618867a9-9f7c-4e77-96cd-3c6be6f2a0ac;2026-08-10 02:15:05.897+00;;2026-08-10 04:10:01.958+00;2026-08-10 04:15:33.769+00;;2026-08-07 02:51:58.19162+00;2026-08-10 04:15:32.665306+00;เกียร์ชำรุดทำการเปลี่ยนใหม่;"[{""code"":""0401E7-00140/020"",""name"":""Worm Gear cpg รุ่น pa15(60)Rat"",""qty"":""1 ตัว""}]";200;date;2026-08-07;;false;
1abef48f-6362-46df-90cf-039055537ed4;260810002;03a0cf66-b2be-46e7-b821-283251c576f8;755d8bf8-abaf-4e67-8c66-c04dab7755d0;ed438e9e-f1f6-424c-9024-b0f86509d249;749967f5-c6e1-4141-90c0-400505c5dd2a;วัชราภรณ์;เต้าปลั้กไฟหลวม ตรงจุดประตู1;https://xhkjaeapzuzvequgdode.supabase.co/storage/v1/object/public/repair-images/03a0cf66-b2be-46e7-b821-283251c576f8/1786329750140_S__31875131.jpg;completed;2600fa0f-deae-4983-a9a4-a6253f0f8ad0;0c4b9136-172d-4a37-82e6-5ee810cf0fe9;2026-08-10 07:27:14.612+00;https://xhkjaeapzuzvequgdode.supabase.co/storage/v1/object/public/repair-images/2600fa0f-deae-4983-a9a4-a6253f0f8ad0/done_1786355791038_1000017460.jpg;2026-08-10 09:56:32.937+00;2026-08-10 10:00:36.234+00;;2026-08-10 02:42:23.481793+00;2026-08-10 10:00:28.886004+00;แก้ไขเรียบร้อยแล้วครับปัก 1 ตัวครับ;[];209;date;2026-08-11;2026-08-20 02:42:30.654+00;false;
aa6c099e-353e-435c-aa30-678ed2ea51f4;260808001;48700aa2-591f-4725-85ce-be044298c6be;72e122e2-76e3-44aa-a586-0a3f86291d77;cb6b3dfa-c7f7-4c49-b149-fe813e0ac371;b48f1fc1-fd06-4c67-82ac-93af7c9e0198;สำราญ;ฉีดออกมาเป็นจุดดำ;;completed;18315ef5-0d9a-4c48-836b-d172ad01c347;618867a9-9f7c-4e77-96cd-3c6be6f2a0ac;2026-08-10 02:14:52.025+00;;2026-08-10 02:32:18.405+00;2026-08-10 10:12:50.096+00;;2026-08-08 03:59:46.781581+00;2026-08-10 10:12:50.920167+00;เปลี่ยนปั้มเฟืองยี่ห้อkoshin GB-13;"[{""code"":""0401E7-00386/001"",""name"":""ปั้มเฟืองยี่ห้อkoshinรุ่นGB-13"",""qty"":""1ตัว""}]";204;date;2026-08-10;;false;
b0c246e2-86aa-47da-8c11-28901573edda;260807004;8137c5d0-65e4-461a-b094-5c5f0dbbed04;755d8bf8-abaf-4e67-8c66-c04dab7755d0;a3e64439-c1fa-4645-b93a-2880d8809946;7b8db7fc-3d09-4ec3-85c3-1e1d2d5aa664;กาญจนา;เครื่องคิดเลขของเจ้าหน้าที่บัญชีกดไม่ติด;https://xhkjaeapzuzvequgdode.supabase.co/storage/v1/object/public/repair-images/8137c5d0-65e4-461a-b094-5c5f0dbbed04/1786070269178_462476.jpg;completed;2600fa0f-deae-4983-a9a4-a6253f0f8ad0;0c4b9136-172d-4a37-82e6-5ee810cf0fe9;2026-08-10 07:27:27.244+00;https://xhkjaeapzuzvequgdode.supabase.co/storage/v1/object/public/repair-images/2600fa0f-deae-4983-a9a4-a6253f0f8ad0/done_1786354349637_1000017459.jpg;2026-08-10 09:32:31.431+00;2026-08-11 06:34:59.634+00;;2026-08-07 02:37:49.840709+00;2026-08-11 06:34:59.809817+00;ซ่อมเสร็จแล้วครับเครื่องคิดเลข;[];199;date;2026-08-14;2026-08-17 02:37:49.606+00;false;
47417f50-ae45-4341-a631-343f5f12699f;260727001;0467a743-3607-4742-8211-392043ef896e;72e122e2-76e3-44aa-a586-0a3f86291d77;32ef7fab-ec72-4e78-8d94-67669bb1e558;cf769a71-f4f1-46e4-a974-b0c62938d6f0;ศศิธร โพธิ์รักษา;"ช่องกรอง ด้านหน้า ไม่มีแผ่นกรอง ทำให้เวลาบดน้ำตาลกระเด็นออกมาได้ 
ขอซ่อมด่วนนะคะ เนื่องจากวัตถุดิบกระเด็นเสียหายคะ";https://xhkjaeapzuzvequgdode.supabase.co/storage/v1/object/public/repair-images/0467a743-3607-4742-8211-392043ef896e/1785122085318_S__88301581.jpg;completed;14a61d91-95ef-411a-b313-dae02e0f86a9;618867a9-9f7c-4e77-96cd-3c6be6f2a0ac;2026-08-05 01:29:25.173+00;https://xhkjaeapzuzvequgdode.supabase.co/storage/v1/object/public/repair-images/14a61d91-95ef-411a-b313-dae02e0f86a9/done_1786155872716_IMG_1892.jpeg;2026-08-08 02:24:33.708+00;2026-08-13 02:00:44.592+00;;2026-07-27 03:14:34.362059+00;2026-08-13 02:00:39.088723+00;ทำการใส่ตะแกรงสแตนเลส เรียบร้อย;[];157;date;2026-08-05;2026-08-06 03:14:45.748+00;false;
6246c8fd-0278-45a9-972f-bdbe4cc3fc33;260824001;48700aa2-591f-4725-85ce-be044298c6be;72e122e2-76e3-44aa-a586-0a3f86291d77;d6968cf7-550a-4991-bad4-638935a88c22;0478cc79-34cd-4c66-a511-c6879bc24954;สำราญ;วาล์วน้ำวนลูบแป้งรั่วปิดไม่หยุด;;completed;18315ef5-0d9a-4c48-836b-d172ad01c347;618867a9-9f7c-4e77-96cd-3c6be6f2a0ac;2026-08-25 02:06:05.592+00;;2026-08-25 02:50:26.684+00;2026-08-26 07:53:51.202+00;;2026-08-24 01:37:56.236961+00;2026-08-26 07:53:52.160763+00;"เปลี่ยนบอลวาล์1/4""ทองเหลือง";"[{""code"":""0401E7-00054/007"",""name"":""บอล์วาล์ว1/4\""ทองเหลือง"",""qty"":""1ตัว""}]";329;date;2026-08-24;;false;
0d927541-ec5d-4125-b932-40942a1b6889;260806007;5a5b8e92-7aea-4790-a99a-ba47c443af3d;755d8bf8-abaf-4e67-8c66-c04dab7755d0;345306ff-af94-4a88-8959-3ef69a24ae24;e23ec708-2f30-43c7-a9b8-b770d2c4a0ff;ศกลวรรณ;ขัดสนิม ทาสี และตัดขาออกให้หน่อยค่ะ;https://xhkjaeapzuzvequgdode.supabase.co/storage/v1/object/public/repair-images/5a5b8e92-7aea-4790-a99a-ba47c443af3d/1786020349575_S__4841477_0.jpg;completed;2600fa0f-deae-4983-a9a4-a6253f0f8ad0;0c4b9136-172d-4a37-82e6-5ee810cf0fe9;2026-08-07 02:21:23.666+00;https://xhkjaeapzuzvequgdode.supabase.co/storage/v1/object/public/repair-images/2600fa0f-deae-4983-a9a4-a6253f0f8ad0/done_1786587202288_1000017621.jpg;2026-08-13 02:13:24.001+00;2026-09-15 02:59:14.799+00;;2026-08-06 12:45:49.447976+00;2026-09-15 02:59:14.120068+00;เสร็จแล้วครับ;[];193;date;2026-08-14;;false;
c569b574-2e13-4a1b-8b8e-14b5e107dbd8;260814006;a364e18d-2359-42b5-bea7-f3538481f114;755d8bf8-abaf-4e67-8c66-c04dab7755d0;4bddcd3a-5051-4595-8a09-3afe48fc8dfc;02fe1b9d-a4d6-4b7a-bc33-d466c33c137b;ตะวัน;ต้องการปรับปรุง เพิ่มแผ่นรองตรงกลาง;https://xhkjaeapzuzvequgdode.supabase.co/storage/v1/object/public/repair-images/a364e18d-2359-42b5-bea7-f3538481f114/1786692447063_Kilo.jpg;completed;6fff3037-214c-4188-8332-997730090207;0c4b9136-172d-4a37-82e6-5ee810cf0fe9;2026-08-14 08:10:32.122+00;;2026-08-21 08:32:02.987+00;2026-08-24 10:43:38.959+00;;2026-08-14 07:27:25.865361+00;2026-08-24 10:43:39.005643+00;ตัดเชื่อมเสริมแผ่นรองเครื่องชั่งให้ใหม่แข็งแรง​ใช้งาน​ได้​ตามปกติ​;[];238;date;2026-08-14;;false;
4a0d080f-323b-4bd4-b46e-beb15fccac8d;260811001;48700aa2-591f-4725-85ce-be044298c6be;72e122e2-76e3-44aa-a586-0a3f86291d77;d6968cf7-550a-4991-bad4-638935a88c22;0478cc79-34cd-4c66-a511-c6879bc24954;สำราญ;ชุดตัดหัว1มีเสียงดัง;;completed;18315ef5-0d9a-4c48-836b-d172ad01c347;618867a9-9f7c-4e77-96cd-3c6be6f2a0ac;2026-08-13 03:48:56.227+00;;2026-08-13 06:37:58.75+00;2026-08-14 02:55:34.934+00;;2026-08-11 02:23:06.928067+00;2026-08-14 02:55:42.79178+00;เปลี่ยนชุดตัดเบรค-ครัช;"[{""code"":""0401E7-00300/003"",""name"":""ชุดเบรคเครื่องเวเฟอร์\""pei-ei\""Brand Eletrommaget"",""qty"":""1ชุด""},{""code"":""0401E7-00300/004"",""name"":""ชุดครัชเครื่องเวเฟอร์\""pei-ei\""Brand Electrommaget"",""qty"":""1ชุด""},{""code"":""0401E7-00442/003"",""name"":""กลึงเพลาชุดเบรค-ครัช"",""qty"":""1ตัว""},{""code"":""0401E2-00059/001"",""name"":""ลูกปืน6202zz"",""qty"":""1ตลับ""}]";233;date;2026-08-11;;false;
60953d30-03f7-455b-bfd7-f1c985c29b6d;260806006;b84cdf82-1dd9-4d41-96a9-979f3b625fe3;755d8bf8-abaf-4e67-8c66-c04dab7755d0;3f463100-d4f4-4b12-a205-54cfabbdd77a;156e13a6-f108-4e01-ba16-07c8989000a2;ศศิภา;เครื่องฉีดน้ำมันเบอร์1 เปิดไม่ติด;;completed;6fff3037-214c-4188-8332-997730090207;0c4b9136-172d-4a37-82e6-5ee810cf0fe9;2026-08-07 01:32:08.444+00;https://xhkjaeapzuzvequgdode.supabase.co/storage/v1/object/public/repair-images/6fff3037-214c-4188-8332-997730090207/done_1786675795930_image.jpg;2026-08-14 02:49:59.023+00;2026-08-14 03:10:38.521+00;;2026-08-06 07:00:34.928142+00;2026-08-14 03:10:38.764033+00;ซ่อมเรียบร้อยแล้วเทนการทำง่นแล้ว;[];192;date;2026-08-06;;false;
4d970722-1869-4d1a-9958-77f48f2f828c;260902013;a364e18d-2359-42b5-bea7-f3538481f114;755d8bf8-abaf-4e67-8c66-c04dab7755d0;99d3232b-2082-4b01-bd08-e740122f52cf;69271736-8e9f-4bc5-8bcf-b67a575d0fa4;ตะวัน;หน้าจอขึ้น Error แล้วไม่มีความเย็น (แก้ได้หลังจบงาน 19.00);https://xhkjaeapzuzvequgdode.supabase.co/storage/v1/object/public/repair-images/a364e18d-2359-42b5-bea7-f3538481f114/1788340197719_Air-96.jpg;completed;6fff3037-214c-4188-8332-997730090207;0c4b9136-172d-4a37-82e6-5ee810cf0fe9;2026-09-02 09:51:55.872+00;;2026-09-11 07:54:42.195+00;2026-09-12 06:11:04.21+00;;2026-09-02 09:09:55.894706+00;2026-09-12 06:11:01.927663+00;แก้ไขเซเซอร์ให้ใหม่ รีเซ็ตใช้งานได้ตามปกติ;[];411;date;2026-09-03;;false;
4bcf2d06-2c01-43d7-93c7-954ed3de1687;260814003;30f1cdf3-6892-4cd6-8a52-882bb331e7be;755d8bf8-abaf-4e67-8c66-c04dab7755d0;d3d2f3c0-857f-4081-b48b-406d75d3f008;aa32635e-d51b-4be1-90b2-a9eea58ac783;ศรีไพ;แจ้งซ่อมไซโลให้ทางวิศวกรรมทำการปรับปรุงให้ใช้งานในโรงงาน;https://xhkjaeapzuzvequgdode.supabase.co/storage/v1/object/public/repair-images/30f1cdf3-6892-4cd6-8a52-882bb331e7be/1786677694805_443739.jpg;completed;6fff3037-214c-4188-8332-997730090207;0c4b9136-172d-4a37-82e6-5ee810cf0fe9;2026-08-14 03:51:35.334+00;;2026-08-14 03:54:15.113+00;2026-08-14 03:58:11.971+00;;2026-08-14 03:21:33.310261+00;2026-08-14 03:58:09.953645+00;ไม่สามารถใช้งานได้แล้ว เนื่องจากเปลี่ยนแปลงระบบการผลิตใหม่;[];235;date;2026-08-14;;false;
cb92938f-ef34-4562-86f9-647ddb815f18;260829017;521a9c93-4039-465c-8f7a-1c0137efc8ef;755d8bf8-abaf-4e67-8c66-c04dab7755d0;4bddcd3a-5051-4595-8a09-3afe48fc8dfc;02fe1b9d-a4d6-4b7a-bc33-d466c33c137b;ศศิธร;ล้างโคมไฟเบอร์ 49,48,47,46,45;;completed;2600fa0f-deae-4983-a9a4-a6253f0f8ad0;0c4b9136-172d-4a37-82e6-5ee810cf0fe9;2026-09-01 01:43:04.148+00;https://xhkjaeapzuzvequgdode.supabase.co/storage/v1/object/public/repair-images/2600fa0f-deae-4983-a9a4-a6253f0f8ad0/done_1788761324808_1000020261.jpg;2026-09-02 01:27:22.269+00;2026-09-09 06:26:45.453+00;ยังไม่ได้รับการแก้ไข;2026-08-29 09:47:25.013045+00;2026-09-09 06:26:45.723798+00;เสร็จแล้วครับล้างโคมไฟ;[];380;date;2026-09-01;;false;
e12a7abe-a264-498c-8876-78160d44d09a;260717006;92dee449-f868-4805-b66c-18484187e645;755d8bf8-abaf-4e67-8c66-c04dab7755d0;4bddcd3a-5051-4595-8a09-3afe48fc8dfc;02fe1b9d-a4d6-4b7a-bc33-d466c33c137b;เมาทุย;"แสงสว่าง (ดับชำรุดไม่สว่าง)
ทางเดิน เบอร์ 37/1 36/1 33/1 31/1 29/1 27/1 
ห้อง1 เบอร์ 72/1 77/1 76/2 80/1 101/2 74/1 105/2 140/2  จำนวน 18 หลอด";;completed;2600fa0f-deae-4983-a9a4-a6253f0f8ad0;0c4b9136-172d-4a37-82e6-5ee810cf0fe9;2026-07-18 07:27:22.105+00;;2026-08-14 08:07:27.497+00;2026-08-25 09:59:01.991+00;;2026-07-17 04:14:40.541689+00;2026-08-25 09:59:02.717972+00;เปลี่ยนหลอดใหม่;"[{""code"":""0401E6-00013​/015"",""name"":""หลอดไฟ​ Shining นีออน​LED​Tube​T8"",""qty"":""16หลอด""}]";114;;;;false;
5651175b-c7ac-4050-bfd3-db14192377f5;260908002;252efc88-d4bb-4554-9d6e-8ac27631ddc6;755d8bf8-abaf-4e67-8c66-c04dab7755d0;5f88d626-bc92-4625-8fb6-10ff8cb5b655;9f07e27d-5a59-4f81-8d60-52b6003158a8;พรสวรรค์;เก้าอี้ห้อง Lab RD ชำรุด;https://xhkjaeapzuzvequgdode.supabase.co/storage/v1/object/public/repair-images/252efc88-d4bb-4554-9d6e-8ac27631ddc6/1788834395815_S__106700827_0.jpg;completed;6fff3037-214c-4188-8332-997730090207;0c4b9136-172d-4a37-82e6-5ee810cf0fe9;2026-09-08 03:36:05.327+00;;2026-09-08 07:15:09.798+00;2026-09-15 03:00:52.433+00;;2026-09-08 02:26:34.920385+00;2026-09-15 03:00:52.434941+00;เชื่อมเสริมความแข็งแรงให้แข็งแรงใช้งานได้ตามปกติ;[];440;date;2026-09-08;;false;
03dfe495-0d5e-401e-ac39-36c609d3432c;260707001;8d8a3186-6bd4-42c3-9dc2-8553ce10510c;dd98b2b3-c0ed-48b6-b3f4-139b89c539c7;dcb2c558-a663-4ba3-97b8-95658dc14ffc;b5d5e63b-cae4-4ee9-956f-86df5a64da2e;มาไลย;ตรงรอบใบมีดเทปล่อนลอกล่อนตัดฟิล์มไม่ขาดและตัดออกมาออกมาแตกเป็นบางช่วง;https://xhkjaeapzuzvequgdode.supabase.co/storage/v1/object/public/repair-images/8d8a3186-6bd4-42c3-9dc2-8553ce10510c/1783388048488_image.jpg;completed;aee8cef8-8534-459f-94b8-9de40933bee7;9b15b405-4695-46a4-b384-ee5feb992a7c;2026-07-08 01:23:38.358+00;;2026-08-13 04:20:35.363+00;2026-08-15 06:16:02.03+00;;2026-07-07 01:34:09.730441+00;2026-08-15 06:16:02.276656+00;ส่งใบมีดเคลือบเทปล่อนใหม่;[];67;;;;false;
9b9e78a4-4cdc-45da-ab13-594b41d83e88;260821001;521a9c93-4039-465c-8f7a-1c0137efc8ef;dd98b2b3-c0ed-48b6-b3f4-139b89c539c7;152607f6-38fd-44ca-9acd-7d67412bba06;da2834d4-1e0f-489e-85a3-5b78ae0d5ef5;ศศิธร;ลูกปืนแตก;;completed;bd10cd0f-07af-4f58-87d9-595a76cd55f5;9b15b405-4695-46a4-b384-ee5feb992a7c;2026-08-21 12:20:19.91+00;;2026-08-26 08:03:24.569+00;2026-08-27 11:52:03.04+00;;2026-08-21 01:16:05.871991+00;2026-08-27 11:52:03.251991+00;เปลี่ยนลูกปืนใหม่;"[{""code"":""0401E2-00057/002"",""name"":""ลูกปืน sk004"",""qty"":""2""}]";306;date;2026-08-26;;false;
496b9611-4f74-46ba-bba6-68a400e35e80;260821004;26ab14fe-f8cc-4dfa-b1c3-a8c1416320d5;dd98b2b3-c0ed-48b6-b3f4-139b89c539c7;60fdb7f3-75ed-46f3-8c68-76cea1818c8c;5acd961a-72e3-4aad-9298-ccb61b5de76c;มนชิตา;ปืนยิงกาวไลน์มือเบอร์ 39 และ 40 / ไลน์มือบรรจุส่งออก พบปัญหายิงกาวไม่ค่อยออก สภาพตัวปืนไม่แข็งแรง เสื่อมสภาพตามการใช้งาน  (ปืนอยู่ที่พี่เอ็ม หัวหน้าแผนกบรรจุค่ะ);;completed;aee8cef8-8534-459f-94b8-9de40933bee7;9b15b405-4695-46a4-b384-ee5feb992a7c;2026-08-21 12:21:00.81+00;;2026-08-22 02:05:01.829+00;2026-08-22 08:02:51.029+00;;2026-08-21 04:12:36.984029+00;2026-08-22 08:02:47.977057+00;ไม่สามารถซ่อมได้เนื่องจากตัวปืนแตกชำรุด เสี่ยงเกิดอุบัติเหตุในการใช้งาน;[];309;date;2026-08-25;;false;
373c9745-ba41-4c25-8c03-bdec2db6c566;260813014;5a5b8e92-7aea-4790-a99a-ba47c443af3d;755d8bf8-abaf-4e67-8c66-c04dab7755d0;345306ff-af94-4a88-8959-3ef69a24ae24;e23ec708-2f30-43c7-a9b8-b770d2c4a0ff;ศกลวรรณ;โทรศัพท์ข้างนอกออฟฟิศสโตร์ ไม่ติดค่ะ;;completed;6fff3037-214c-4188-8332-997730090207;0c4b9136-172d-4a37-82e6-5ee810cf0fe9;2026-08-14 02:57:17.81+00;;2026-08-14 04:38:19.514+00;2026-08-24 02:33:06.075+00;;2026-08-13 09:54:08.4334+00;2026-08-24 02:33:06.203896+00;แก้ไขสาย​สัญญาณ​ใหม่ขันแน่น​ ใช้​งานได้​ตามปกติ​;[];231;date;2026-08-20;;false;
a48886a9-cbc3-49e5-a2b3-495c131a6a30;260814009;a364e18d-2359-42b5-bea7-f3538481f114;755d8bf8-abaf-4e67-8c66-c04dab7755d0;4bddcd3a-5051-4595-8a09-3afe48fc8dfc;02fe1b9d-a4d6-4b7a-bc33-d466c33c137b;ตะวัน;ต้องการให้ช่างถอดทำความสะอาด พัดลมระบายอากาศหน้าห้องเครื่องแนวตั้ง2ตัวอยู่หน้าเครื่อง2B เนื่องจากมีฝุ่นเกาะจำนวนมาก;https://xhkjaeapzuzvequgdode.supabase.co/storage/v1/object/public/repair-images/a364e18d-2359-42b5-bea7-f3538481f114/1786696559935_SP-02.2.jpg;completed;2600fa0f-deae-4983-a9a4-a6253f0f8ad0;0c4b9136-172d-4a37-82e6-5ee810cf0fe9;2026-08-15 01:45:44.276+00;;2026-08-26 01:16:37.616+00;2026-08-27 13:26:57.711+00;;2026-08-14 08:35:58.821687+00;2026-08-27 13:26:57.698557+00;ล้างให้แล้วครับเสร็จแล้วครับ;[];240;date;2026-08-16;;false;
8a32fbb1-f62b-4656-90b1-07c4aa265ce6;260814015;a364e18d-2359-42b5-bea7-f3538481f114;dd98b2b3-c0ed-48b6-b3f4-139b89c539c7;cee4bac9-45b4-4d53-9b29-1d4c115720eb;38b273a1-5caa-446a-939f-0e7cd4de0b03;ตะวัน;"ต้องการติดตั้งขาค้ำฝาฮอปเปอร์ =Hopper Cover Prop/Lid Support(เหมือนฝาฮอปเปอร์ของเครื่องSP-04)
***แก้ไค้หลังจบงาน 17.00";https://xhkjaeapzuzvequgdode.supabase.co/storage/v1/object/public/repair-images/a364e18d-2359-42b5-bea7-f3538481f114/1786701232909_SP-04.2.jpg;completed;aee8cef8-8534-459f-94b8-9de40933bee7;9b15b405-4695-46a4-b384-ee5feb992a7c;2026-08-15 01:17:28.784+00;;2026-08-27 11:50:53.781+00;2026-08-27 13:27:12.807+00;;2026-08-14 09:53:51.811204+00;2026-08-27 13:27:12.800155+00;ติดตั้งขาค้ำฝาฮอปเปอร์;[];246;date;2026-08-21;;false;
4d20c5a4-ddf9-4d41-bee4-55e37d6e88c7;260808002;26ab14fe-f8cc-4dfa-b1c3-a8c1416320d5;dd98b2b3-c0ed-48b6-b3f4-139b89c539c7;60fdb7f3-75ed-46f3-8c68-76cea1818c8c;5acd961a-72e3-4aad-9298-ccb61b5de76c;มนชิตา;สายลมที่ต่อกับเครื่องตัดชริ้งเบอร์ 5 / ไลน์มือบรรจุส่งออก พบปัญหาสายลมรั่ว;;completed;aee8cef8-8534-459f-94b8-9de40933bee7;9b15b405-4695-46a4-b384-ee5feb992a7c;2026-08-08 04:57:40.117+00;;2026-08-15 01:21:13.683+00;2026-08-15 01:58:30.698+00;;2026-08-08 04:09:59.172724+00;2026-08-15 01:58:33.160235+00;เปลี่ยนสายลมเส้นใหม่;"[{""code"":""0401E8-00586/012"",""name"":""ต่อตรง ต่อตรง SPU-8"",""qty"":""1ตัว""},{""code"":""0401E4-00135/020"",""name"":""สายลม PU ขนาด 5x8 มม. สีดำ"",""qty"":""10เมตร""}]";254;date;2026-08-10;;false;
4816762e-f82e-4519-8cc2-5524682cd037;260819003;e3a953a0-5f12-47fe-8c19-d0dabc13076a;755d8bf8-abaf-4e67-8c66-c04dab7755d0;345306ff-af94-4a88-8959-3ef69a24ae24;e23ec708-2f30-43c7-a9b8-b770d2c4a0ff;สำราญ;ล้อรถเจ็นชำรุด;https://xhkjaeapzuzvequgdode.supabase.co/storage/v1/object/public/repair-images/e3a953a0-5f12-47fe-8c19-d0dabc13076a/1787104333127_8673.heic;completed;2600fa0f-deae-4983-a9a4-a6253f0f8ad0;0c4b9136-172d-4a37-82e6-5ee810cf0fe9;2026-08-20 03:48:32.192+00;;2026-09-04 07:47:19.386+00;2026-09-14 06:34:57.022+00;;2026-08-19 01:52:15.479836+00;2026-09-14 06:34:56.859517+00;เปลี่ยนล้อใหม่;"[{""code"":""0401E4-00068/012"",""name"":""ล้อ 3นิ้ว"",""qty"":""4""}]";291;date;2026-08-21;2026-08-29 01:52:15.089+00;false;
eeab0f64-3316-44a0-aac5-d9e7f4d9514e;260824006;a364e18d-2359-42b5-bea7-f3538481f114;dd98b2b3-c0ed-48b6-b3f4-139b89c539c7;60fdb7f3-75ed-46f3-8c68-76cea1818c8c;5acd961a-72e3-4aad-9298-ccb61b5de76c;ตะวัน;เครื่องชั่งเบอร์ W-PK-019 ชาร์จแบตไม่เข้า;https://xhkjaeapzuzvequgdode.supabase.co/storage/v1/object/public/repair-images/a364e18d-2359-42b5-bea7-f3538481f114/1787544782454_Kg-30.jpg;completed;22275234-5a63-4e64-bdd4-07ec11241b46;9b15b405-4695-46a4-b384-ee5feb992a7c;2026-08-24 04:25:54.767+00;;2026-08-27 02:53:59.518+00;2026-08-27 13:41:28.062+00;;2026-08-24 04:12:59.61915+00;2026-08-27 13:41:28.188067+00;เปลี่ยนแบตเตอรี่;"[{""code"":""0401E4-00176\t013"",""name"":""แบตเตอรี่แห้ง 6V 1.3AHใบแจ้งซ่อม"",""qty"":""1""}]";317;date;2026-08-24;;false;
786c9f51-5c7a-45a5-9e67-8193bb251892;260817003;faff8cc8-f1b6-42bd-a568-0de91eee0778;755d8bf8-abaf-4e67-8c66-c04dab7755d0;ed438e9e-f1f6-424c-9024-b0f86509d249;749967f5-c6e1-4141-90c0-400505c5dd2a;วิชชุดา;ขาปรั๊กติดในเต้าเสียบ;https://xhkjaeapzuzvequgdode.supabase.co/storage/v1/object/public/repair-images/faff8cc8-f1b6-42bd-a568-0de91eee0778/1786937657091_1000051749.jpg;completed;2600fa0f-deae-4983-a9a4-a6253f0f8ad0;0c4b9136-172d-4a37-82e6-5ee810cf0fe9;2026-08-17 06:22:00.42+00;https://xhkjaeapzuzvequgdode.supabase.co/storage/v1/object/public/repair-images/2600fa0f-deae-4983-a9a4-a6253f0f8ad0/done_1787025438346_1000018302.jpg;2026-08-18 03:57:24.937+00;2026-09-15 02:34:04.142+00;;2026-08-17 03:34:18.586618+00;2026-09-15 02:34:04.312173+00;เสร็จแล้วครับแก้ไขแล้ว;[];266;date;2026-08-17;;false;
f7815016-43e5-4c7f-92f2-db79a07b6de3;260818012;521a9c93-4039-465c-8f7a-1c0137efc8ef;755d8bf8-abaf-4e67-8c66-c04dab7755d0;4bddcd3a-5051-4595-8a09-3afe48fc8dfc;02fe1b9d-a4d6-4b7a-bc33-d466c33c137b;ศศิธร;ม่านทางเข้าห้องหัวหน้าบรรจุผลิต ขาด;https://xhkjaeapzuzvequgdode.supabase.co/storage/v1/object/public/repair-images/521a9c93-4039-465c-8f7a-1c0137efc8ef/1787027839593_IMG_8736.jpeg;completed;6fff3037-214c-4188-8332-997730090207;0c4b9136-172d-4a37-82e6-5ee810cf0fe9;2026-08-18 07:31:44.939+00;;2026-08-24 04:17:32.225+00;2026-08-27 11:52:26.194+00;;2026-08-18 04:37:21.54477+00;2026-08-27 11:52:26.303516+00;แก้ไขม่านให้ใหม่​ ยึดติดตั้งใหม่ใช้งาน​ได้​ตามปกติ​ครับ​;[];282;date;2026-08-27;;false;
f8025cd2-c034-4f5e-abe3-80df943840ef;260814008;a364e18d-2359-42b5-bea7-f3538481f114;755d8bf8-abaf-4e67-8c66-c04dab7755d0;4bddcd3a-5051-4595-8a09-3afe48fc8dfc;02fe1b9d-a4d6-4b7a-bc33-d466c33c137b;ตะวัน;เพดานห้องเครื่องแนวตั้งตรงบริเวณเครื่องSP02 แผ่นสีพองขึ้นและเหมือนจะลอกออกแล้ว (แก้ได้ในวันยุดงาน);https://xhkjaeapzuzvequgdode.supabase.co/storage/v1/object/public/repair-images/a364e18d-2359-42b5-bea7-f3538481f114/1786695835820_SP-02.0.jpg;completed;6fff3037-214c-4188-8332-997730090207;0c4b9136-172d-4a37-82e6-5ee810cf0fe9;2026-08-15 01:45:18.156+00;;2026-08-18 04:17:15.114+00;2026-08-18 09:26:36.085+00;;2026-08-14 08:23:55.101289+00;2026-08-18 09:26:34.676955+00;"แก้ไข​ ทำความสะอาด​คราบสีพองลอก
ทาสีใหม่ใช้งานได้ตามปกติ";[];239;date;2026-08-16;;false;
4b005cd1-9b7a-4640-a04d-6ab54807a9e3;260803007;8137c5d0-65e4-461a-b094-5c5f0dbbed04;755d8bf8-abaf-4e67-8c66-c04dab7755d0;a3e64439-c1fa-4645-b93a-2880d8809946;7b8db7fc-3d09-4ec3-85c3-1e1d2d5aa664;กาญจนา;ห้องน้ำหญิงชั้น4 ห้องที่1  ที่รองนั่งชักโครกน็อตหลุด;https://xhkjaeapzuzvequgdode.supabase.co/storage/v1/object/public/repair-images/8137c5d0-65e4-461a-b094-5c5f0dbbed04/1785737995816_458005.jpg;completed;6fff3037-214c-4188-8332-997730090207;0c4b9136-172d-4a37-82e6-5ee810cf0fe9;2026-08-06 06:38:32.553+00;;2026-09-01 02:04:09.384+00;2026-09-01 02:07:20.092+00;;2026-08-03 06:19:56.320216+00;2026-09-01 02:07:20.147722+00;แก้ไขน๊อตล็อกที่รองนั่งให้ใหม่ใช้งานได้ตามปกติ;[];177;date;2026-08-28;2026-08-13 06:19:56.085+00;false;
9d852433-d477-473a-bd2b-4af2edc88ca9;260902012;a364e18d-2359-42b5-bea7-f3538481f114;755d8bf8-abaf-4e67-8c66-c04dab7755d0;99d3232b-2082-4b01-bd08-e740122f52cf;24582462-b1cb-4569-8713-9130d985b2de;ตะวัน;หน้าจอขึ้น Error แล้วไม่มีความเย็น (แก้ได้หลังจบงาน19.00);https://xhkjaeapzuzvequgdode.supabase.co/storage/v1/object/public/repair-images/a364e18d-2359-42b5-bea7-f3538481f114/1788340119161_Air-96.jpg;completed;6fff3037-214c-4188-8332-997730090207;0c4b9136-172d-4a37-82e6-5ee810cf0fe9;2026-09-02 09:51:59.2+00;;2026-09-11 02:19:38.306+00;2026-09-12 06:11:10.964+00;;2026-09-02 09:08:37.785546+00;2026-09-12 06:11:08.771355+00;แก้ไขตัวเซ็นเซอร์ให้ใหม่..สามารถใช้งานได้ตามปกติ;[];410;date;2026-09-03;;false;
b2cd54c0-0a1b-4108-b47b-b32c5c31b67a;260813009;8137c5d0-65e4-461a-b094-5c5f0dbbed04;755d8bf8-abaf-4e67-8c66-c04dab7755d0;a3e64439-c1fa-4645-b93a-2880d8809946;7b8db7fc-3d09-4ec3-85c3-1e1d2d5aa664;กาญจนา;เครื่องโทรศัพท์ เบอร์ 1423 (คุณแหม่ม ตปท.) ปุ่มเลข 7 ไม่สามารถกดได้ค่ะ (เข้าซ่อมและแก้ไขได้วันหยุดนะคะ);;completed;6fff3037-214c-4188-8332-997730090207;0c4b9136-172d-4a37-82e6-5ee810cf0fe9;2026-08-14 03:04:55.53+00;;2026-08-15 06:43:05.395+00;2026-08-15 07:02:54.242+00;;2026-08-13 09:00:51.195132+00;2026-08-15 07:02:54.376626+00;ไม่สามารถซ่อมได้ต้องซื้อใหม่เนื่องจากเป็นตัวเก่าแล้วปุ่มกดไม่ติดหลายปุ่มแล้ว;[];226;date;2026-08-15;2026-08-23 09:00:50.327+00;false;
ac5494eb-ba72-401e-a267-74461a3035ea;260815012;26ab14fe-f8cc-4dfa-b1c3-a8c1416320d5;dd98b2b3-c0ed-48b6-b3f4-139b89c539c7;60fdb7f3-75ed-46f3-8c68-76cea1818c8c;5acd961a-72e3-4aad-9298-ccb61b5de76c;มนชิตา;ปืนยิงกาวไลน์มือเบอร์ 51 / ไลน์มือ7-11 พบปัญหาด้ามกดกาวไม่ได้;;completed;aee8cef8-8534-459f-94b8-9de40933bee7;9b15b405-4695-46a4-b384-ee5feb992a7c;2026-08-17 01:39:32.881+00;;2026-08-17 07:15:09.246+00;2026-08-17 07:18:02.825+00;;2026-08-15 13:39:15.14895+00;2026-08-17 07:17:58.495247+00;ดัดเหล็กใส่ด้ามกดใหม่;[];262;date;2026-08-19;;false;
86e8bf56-e191-4a08-954b-ff27b8474c83;260814010;30f1cdf3-6892-4cd6-8a52-882bb331e7be;755d8bf8-abaf-4e67-8c66-c04dab7755d0;d3d2f3c0-857f-4081-b48b-406d75d3f008;aa32635e-d51b-4be1-90b2-a9eea58ac783;ศรีไพ;แจ้งซ่อมเตาดายส์(ตู้อบขนม)ให้ทางวิศวกรรมทำการปรับปรุงให้ใช้งานในโรงงาน;https://xhkjaeapzuzvequgdode.supabase.co/storage/v1/object/public/repair-images/30f1cdf3-6892-4cd6-8a52-882bb331e7be/1786697074005_444729.jpg;completed;6fff3037-214c-4188-8332-997730090207;0c4b9136-172d-4a37-82e6-5ee810cf0fe9;2026-08-15 01:45:03.717+00;;2026-08-15 01:47:46.643+00;2026-08-17 02:10:54.01+00;;2026-08-14 08:44:32.727545+00;2026-08-17 02:10:46.921396+00;ไม่สามารถใช้งานได้จากสภาพและไม่ตรงกับการใช้งานปัจจุบัน;[];241;date;2026-08-14;;false;
804e54d6-f043-4827-a485-40ff0d4cc6c6;260815002;26ab14fe-f8cc-4dfa-b1c3-a8c1416320d5;dd98b2b3-c0ed-48b6-b3f4-139b89c539c7;60fdb7f3-75ed-46f3-8c68-76cea1818c8c;5acd961a-72e3-4aad-9298-ccb61b5de76c;มนชิตา;ปุ่มกดเครื่องชั่งดิจิตอลชำรุด / ไลน์มือบรรจุส่งออก;https://xhkjaeapzuzvequgdode.supabase.co/storage/v1/object/public/repair-images/26ab14fe-f8cc-4dfa-b1c3-a8c1416320d5/1786758969515_S__11796560.jpg;completed;aee8cef8-8534-459f-94b8-9de40933bee7;9b15b405-4695-46a4-b384-ee5feb992a7c;2026-08-15 03:00:06.165+00;https://xhkjaeapzuzvequgdode.supabase.co/storage/v1/object/public/repair-images/aee8cef8-8534-459f-94b8-9de40933bee7/done_1786767951155_1000050120.jpg;2026-08-15 04:25:54.235+00;2026-08-17 02:48:21.619+00;;2026-08-15 01:56:08.854399+00;2026-08-17 02:48:18.309113+00;เปลี่ยนสลับกรอบเครื่องชั่งกับตัวเก่าที่ชำรุด;[];253;date;2026-08-24;;false;
22c2d592-102e-4b07-809e-c753446c77ac;260722006;a364e18d-2359-42b5-bea7-f3538481f114;dd98b2b3-c0ed-48b6-b3f4-139b89c539c7;347f4266-d8a3-40ce-8211-08f483372408;93f65ba4-258a-4cc2-ac2b-861006275dbf;ตะวัน;หลอดไฟส่องหน้าซีลชำรุด;;completed;bd10cd0f-07af-4f58-87d9-595a76cd55f5;9b15b405-4695-46a4-b384-ee5feb992a7c;2026-07-22 09:35:47.098+00;;2026-08-17 02:50:45.362+00;2026-08-17 06:55:43.8+00;;2026-07-22 08:45:40.673124+00;2026-08-17 06:55:39.509114+00;เปลี่ยนหลอดไฟ LED;"[{""code"":""0401E6-00013/013"",""name"":""หลอดไฟ LED 220V"",""qty"":""1หลอด""}]";139;;;;true;
a26810ce-5873-44e8-b1c6-4b81e7bf1a2a;260815009;48700aa2-591f-4725-85ce-be044298c6be;72e122e2-76e3-44aa-a586-0a3f86291d77;d6968cf7-550a-4991-bad4-638935a88c22;cf7822c0-37a9-4e94-b8be-fbb45e6a2228;สำราญ;น้ำมันเกียร์หัว1,2บนรั่ว;;completed;18315ef5-0d9a-4c48-836b-d172ad01c347;618867a9-9f7c-4e77-96cd-3c6be6f2a0ac;2026-08-17 06:02:49.698+00;;2026-08-18 01:52:48.552+00;2026-08-18 04:04:32.174+00;;2026-08-15 07:32:57.870519+00;2026-08-18 04:04:33.013461+00;เปลี่ยนซีลกันน้ำมันTc25-42-7;"[{""code"":""0401E7-00341/012"",""name"":""ซีลกันน้ำมันTc25-42-7"",""qty"":""2ตัว""}]";259;date;2026-08-18;;false;
59bb03cf-b28c-47a2-812b-540c9a10f7d7;260814014;a364e18d-2359-42b5-bea7-f3538481f114;dd98b2b3-c0ed-48b6-b3f4-139b89c539c7;347f4266-d8a3-40ce-8211-08f483372408;93f65ba4-258a-4cc2-ac2b-861006275dbf;ตะวัน;"ต้องการติดตั้งขาค้ำฝาฮอปเปอร์ =Hopper Cover Prop/Lid Support(เหมือนฝาฮอปเปอร์ของเครื่องSP-04)
***แก้ไค้หลังจบงาน 17.00";https://xhkjaeapzuzvequgdode.supabase.co/storage/v1/object/public/repair-images/a364e18d-2359-42b5-bea7-f3538481f114/1786701143597_SP-04.2.jpg;completed;aee8cef8-8534-459f-94b8-9de40933bee7;9b15b405-4695-46a4-b384-ee5feb992a7c;2026-08-15 01:17:23.151+00;;2026-08-19 14:01:00.513+00;2026-08-24 10:43:44.87+00;;2026-08-14 09:52:22.199043+00;2026-08-24 10:43:44.918768+00;ติดตั้งขาค้ำฝาฮอปเปอร์;[];245;date;2026-08-19;;false;
b66030ea-edf8-4c67-b0a7-7f5553942612;260815008;48700aa2-591f-4725-85ce-be044298c6be;72e122e2-76e3-44aa-a586-0a3f86291d77;d6968cf7-550a-4991-bad4-638935a88c22;0478cc79-34cd-4c66-a511-c6879bc24954;สำราญ;วาล์วแก๊สรั่ว;;completed;18315ef5-0d9a-4c48-836b-d172ad01c347;618867a9-9f7c-4e77-96cd-3c6be6f2a0ac;2026-08-17 06:02:22.916+00;;2026-08-17 06:11:24.806+00;2026-08-17 07:23:59.623+00;;2026-08-15 07:29:50.340365+00;2026-08-17 07:24:03.710655+00;"เปลี่ยนบอลวาว์ล1/4""";"[{""code"":""0401E7-00054/035"",""name"":""บอลวาล์ว1/4\""ผ.ม.Mi-Bv-4A"",""qty"":""5ตัว""},{""code"":""0401E7-00054/036"",""name"":""บอลวาว์ล1/4\""ม.ม.Mi-Bv-5A"",""qty"":""5ตัว""}]";270;date;2026-08-15;;false;
8ae5706b-c45d-4a92-ac9d-77a9ab5f6607;260818017;a364e18d-2359-42b5-bea7-f3538481f114;dd98b2b3-c0ed-48b6-b3f4-139b89c539c7;7b7b3967-29cd-4097-8020-01b6e2d82209;b9821b93-0df6-4f79-a4f8-588147aa3146;ตะวัน;ต้องการมีฝาปิดครอบตรงช่องว่างหัวมุมสายพาน 2 ฝั่งเพื่อป้องกันซองขนมเลอะติดน้ำยาโซ่ในคณะเดินงาน;https://xhkjaeapzuzvequgdode.supabase.co/storage/v1/object/public/repair-images/a364e18d-2359-42b5-bea7-f3538481f114/1787050233176_Conve-03.jpg;completed;bd10cd0f-07af-4f58-87d9-595a76cd55f5;9b15b405-4695-46a4-b384-ee5feb992a7c;2026-08-19 01:35:07.482+00;https://xhkjaeapzuzvequgdode.supabase.co/storage/v1/object/public/repair-images/bd10cd0f-07af-4f58-87d9-595a76cd55f5/done_1787298891438_1000006930.jpg;2026-08-21 07:54:53.149+00;2026-08-24 10:43:55.75+00;;2026-08-18 10:50:32.572626+00;2026-08-24 10:43:55.800837+00;เชื่อมทำฝาครอบสายพานเบอร์ 18;[];286;date;2026-08-20;;false;
6f660d57-db1c-45cd-ae1d-30422323f9c7;260708002;b84cdf82-1dd9-4d41-96a9-979f3b625fe3;755d8bf8-abaf-4e67-8c66-c04dab7755d0;3f463100-d4f4-4b12-a205-54cfabbdd77a;156e13a6-f108-4e01-ba16-07c8989000a2;ศศิภา;เครื่องฉีดน้ำเบอร์2 เสียรอบ2;;completed;6fff3037-214c-4188-8332-997730090207;0c4b9136-172d-4a37-82e6-5ee810cf0fe9;2026-07-11 02:10:39.035+00;;2026-08-18 07:23:50.83+00;2026-08-19 01:17:46.483+00;;2026-07-08 08:44:05.28303+00;2026-08-19 01:17:48.72541+00;เปลี่ยนอุปกรณ์​ปั้มให้ใหม่แทนที่ของเดิมที่ชำรุด;"[{""code"":""0401E4-00451/020"",""name"":""เช็คเอาท์ข้อต่อทางน้ำเข้า+กิ๊ปเครื่องฉีดน้ำแรงดัน"",""qty"":""1""},{""code"":""0401E4-00451​/019"",""name"":""หัวปั้ม​ 130​ บาร์เครื่องฉีดน้ำ"",""qty"":""1""}]";289;;;;false;
cb7eb309-d6db-4600-8ea7-2c0e78759a8f;260908005;b84cdf82-1dd9-4d41-96a9-979f3b625fe3;755d8bf8-abaf-4e67-8c66-c04dab7755d0;d19cba69-c708-4473-9392-7c3a3be6ee46;b21119d8-c36e-4bb6-addc-237b4be1613e;ศศิภา;น้ำหยดบ่อย;;completed;6fff3037-214c-4188-8332-997730090207;0c4b9136-172d-4a37-82e6-5ee810cf0fe9;2026-09-08 03:35:48.407+00;;2026-09-08 07:14:25.068+00;2026-09-10 02:54:40.424+00;;2026-09-08 03:20:10.204556+00;2026-09-10 02:54:41.075941+00;แก้ไขปรับระดับท่อน้ำทิ้งใหม่ให้ไหลสะดวกตามปกติ;[];443;date;2026-09-08;;false;
a24bf702-ff60-4ac8-8e3e-3564758bd39e;260825008;b84cdf82-1dd9-4d41-96a9-979f3b625fe3;755d8bf8-abaf-4e67-8c66-c04dab7755d0;3f463100-d4f4-4b12-a205-54cfabbdd77a;156e13a6-f108-4e01-ba16-07c8989000a2;ศศิภา;เครื่องฉีดน้ำเบอร์ 2 เปิดไม่ติด;;completed;6fff3037-214c-4188-8332-997730090207;0c4b9136-172d-4a37-82e6-5ee810cf0fe9;2026-08-25 04:52:48.69+00;;2026-09-03 04:05:50.937+00;2026-09-04 09:56:51.425+00;;2026-08-25 03:55:26.764809+00;2026-09-04 09:56:50.966427+00;แก้ไขตัดต่อสายไฟให้ใหม่ขันแน่นสวิท​ต์ปิด​-เปิดใช้​งานได้​ตามปกติ​;[];333;date;2026-08-25;;false;
d322153c-d46d-4fe0-912e-87d0873348c2;260825002;5a5b8e92-7aea-4790-a99a-ba47c443af3d;755d8bf8-abaf-4e67-8c66-c04dab7755d0;55fad102-58b8-4ed2-9a00-8770a0eabf40;7522d146-447a-4ef4-8065-436c8f7530a8;ศกลวรรณ;แฮนด์ลิฟท์กดไม่ค่อยลงค่ะ;;external;6fff3037-214c-4188-8332-997730090207;0c4b9136-172d-4a37-82e6-5ee810cf0fe9;2026-08-25 02:07:34.152+00;;;;;2026-08-25 01:44:07.234884+00;2026-09-11 02:50:56.600523+00;;[];326;date;2026-09-01;;false;
92b57b8f-28f8-473d-a49c-089ee4629fdd;260818013;a364e18d-2359-42b5-bea7-f3538481f114;dd98b2b3-c0ed-48b6-b3f4-139b89c539c7;6a73ba57-b80f-44cf-abf2-26a628226b4f;9fb2da1b-d7ac-4f26-aa64-23d91914b8f4;ตะวัน;ต้องการติดตั้งPower Plugหนึ่งตัวตรงขาด้านหน้าเพื่อใช้เชื่อมต่อกับสายพานแนวราบ;https://xhkjaeapzuzvequgdode.supabase.co/storage/v1/object/public/repair-images/a364e18d-2359-42b5-bea7-f3538481f114/1787042033214_Power-Plug%2008.jpg;completed;22275234-5a63-4e64-bdd4-07ec11241b46;9b15b405-4695-46a4-b384-ee5feb992a7c;2026-08-19 01:34:18.65+00;https://xhkjaeapzuzvequgdode.supabase.co/storage/v1/object/public/repair-images/22275234-5a63-4e64-bdd4-07ec11241b46/done_1788573699719_1000014887.jpg;2026-09-05 02:01:41.329+00;2026-09-07 09:47:25.291+00;;2026-08-18 08:33:52.53166+00;2026-09-07 09:47:21.244381+00;ติดปลั๊กเพาเวอร์;[];283;date;2026-08-28;;false;
41f8b6e7-b8fc-42d0-a045-bc714803cd67;260821003;30f1cdf3-6892-4cd6-8a52-882bb331e7be;755d8bf8-abaf-4e67-8c66-c04dab7755d0;d3d2f3c0-857f-4081-b48b-406d75d3f008;aa32635e-d51b-4be1-90b2-a9eea58ac783;ศรีไพ;"1.รถรถปูน ล้อคู่ 12 นิ้ว ชำรุด เป็นสนิม ตามรูปภาพ
2.พลั่วด้ามเหล็ก ชำรุด จำนวน เป็นสนิม ตามรูปภาพ";https://xhkjaeapzuzvequgdode.supabase.co/storage/v1/object/public/repair-images/30f1cdf3-6892-4cd6-8a52-882bb331e7be/1787283841699_447500.jpg;completed;6fff3037-214c-4188-8332-997730090207;0c4b9136-172d-4a37-82e6-5ee810cf0fe9;2026-08-21 04:44:43.793+00;;2026-08-21 04:45:47.296+00;2026-08-21 06:18:21.129+00;;2026-08-21 03:44:02.665278+00;2026-08-21 06:18:21.135706+00;ไม่สามารถใช้งานได้เนื่องอายุการใช้งาน;[];308;date;2026-08-21;;false;
a28c1d2a-8530-4f86-8332-4abfc8ba68cd;260725003;521a9c93-4039-465c-8f7a-1c0137efc8ef;755d8bf8-abaf-4e67-8c66-c04dab7755d0;4bddcd3a-5051-4595-8a09-3afe48fc8dfc;02fe1b9d-a4d6-4b7a-bc33-d466c33c137b;ศศิธร;หลอดไฟเบอร์ 72 ติดหลอดเดียว;;completed;6fff3037-214c-4188-8332-997730090207;0c4b9136-172d-4a37-82e6-5ee810cf0fe9;2026-07-25 08:35:33.372+00;;2026-08-18 04:20:50.605+00;2026-08-21 07:18:30.673+00;;2026-07-25 06:26:16.19468+00;2026-08-21 07:18:31.005422+00;"เปลี่ยนหลอดไฟ​ให้​ใหม่​แทน​ของ​เดิม​ที่​ช​ำ​รุด
หลอดไฟ​ Shining นีออน​LED​Tube​T8
0401E6-00013​/015
จำนวน​ 1​ หลอด";"[{""code"":""0401E6-00013​/015"",""name"":""หลอดไฟ​ Shining นีออน​LED​Tube​T8"",""qty"":""1""}]";156;date;2026-07-31;2026-08-04 06:26:15.964+00;false;
70efbfad-67ce-4f7f-a2e6-008568ab95b4;260902005;521a9c93-4039-465c-8f7a-1c0137efc8ef;755d8bf8-abaf-4e67-8c66-c04dab7755d0;4bddcd3a-5051-4595-8a09-3afe48fc8dfc;02fe1b9d-a4d6-4b7a-bc33-d466c33c137b;ศศิธร;ทาสี โต๊ะ 6 ตัว;https://xhkjaeapzuzvequgdode.supabase.co/storage/v1/object/public/repair-images/521a9c93-4039-465c-8f7a-1c0137efc8ef/1788315910305_IMG_9089.jpeg;in_progress;6fff3037-214c-4188-8332-997730090207;0c4b9136-172d-4a37-82e6-5ee810cf0fe9;2026-09-02 09:52:07.072+00;;;;;2026-09-02 02:25:14.009751+00;2026-09-02 09:52:07.051237+00;;[];403;date;2026-09-10;;false;
780d84c1-137e-4d5f-b10c-1cd9f60b9bd1;260716005;8d8a3186-6bd4-42c3-9dc2-8553ce10510c;dd98b2b3-c0ed-48b6-b3f4-139b89c539c7;60fdb7f3-75ed-46f3-8c68-76cea1818c8c;5acd961a-72e3-4aad-9298-ccb61b5de76c;มาไลย;ติดตั้งปลั๊กกับสายพาน No.21 ด้านหน้า หน้า 2จุดใช้เสียบปลั๊กปืนยิงกาวตามนโยบายไม่ใช้ปลั๊กพ่วงลากกับพื้นเพื่อความเป็นระเบียบ;;completed;aee8cef8-8534-459f-94b8-9de40933bee7;9b15b405-4695-46a4-b384-ee5feb992a7c;2026-07-16 08:06:25.816+00;;2026-08-17 07:14:00.955+00;2026-08-22 02:24:55.844+00;;2026-07-16 06:43:33.497272+00;2026-08-22 02:24:55.913281+00;ย้านตำแหน่งเต้ารับใหม่ จากตรงกลางสายพานไปด้านหน้าสายพาน;"[{""code"":""0401E3-00063/013"",""name"":""สกรูหัวเหลี่ยม STL M4x30 แหวนสปริง+อีแปะ+ตัว"",""qty"":""8 ตัว""}]";100;;;;true;
e43eccd5-4c69-42e1-ac0e-8f9bf366701a;260808004;e9bad159-eaba-4145-9b50-775a5ee635c7;755d8bf8-abaf-4e67-8c66-c04dab7755d0;8568e49e-eef5-4361-aaf6-76d025693e77;31101fe5-2d24-4aac-9bf3-687eca77dcb7;อาภาศิริ;เก็บสายไฟ และทาสีผนังบริเวณอ่างจุ่มน้ำคิวซีบรรจุ บริเวณหน้าประตูทางเข้า และอ่างจุ่มน้ำบริเวณไลน์บรรจุ(แพ็คมือ) เนื่องจากสีถลอ เปื้อนคราบน้ำยาฉีดซองและคราบดำ;https://xhkjaeapzuzvequgdode.supabase.co/storage/v1/object/public/repair-images/e9bad159-eaba-4145-9b50-775a5ee635c7/1786179294259_64A90BD2-FE90-49C0-9439-4A20D098B579.jpeg;completed;2600fa0f-deae-4983-a9a4-a6253f0f8ad0;0c4b9136-172d-4a37-82e6-5ee810cf0fe9;2026-08-10 02:15:57.169+00;https://xhkjaeapzuzvequgdode.supabase.co/storage/v1/object/public/repair-images/2600fa0f-deae-4983-a9a4-a6253f0f8ad0/done_1786931516590_1000018017.jpg;2026-08-17 01:51:59.021+00;2026-08-26 03:31:58.738+00;;2026-08-08 08:54:55.591247+00;2026-08-26 03:31:59.146235+00;เสร็จแล้วครับ;"[{""code"":""0401E4-00050/008"",""name"":""สีทาผนังครับ"",""qty"":""1""}]";207;date;2026-08-08;;false;
58a30854-6e23-46ae-b92b-392cac4ec412;260813005;0467a743-3607-4742-8211-392043ef896e;755d8bf8-abaf-4e67-8c66-c04dab7755d0;345306ff-af94-4a88-8959-3ef69a24ae24;e23ec708-2f30-43c7-a9b8-b770d2c4a0ff;ศศิธร โพธิ์รักษา;ที่กั้นแลตเพื่อความคุม พื้นที่จัดวางวัตถุดิบสารก่อภูมิแพ้ โดยใช้แผ่นฟิวเจอร์บอร์ด ติดกั้นกับแลตจำนวน 2 ช่องโดยด้านบนสุดติดเกินส่วนบนขึ้นไป 1 เมตร;;external;6fff3037-214c-4188-8332-997730090207;0c4b9136-172d-4a37-82e6-5ee810cf0fe9;2026-08-13 07:35:46.679+00;;;;;2026-08-13 06:22:09.474771+00;2026-09-04 08:19:42.758785+00;;[];220;date;2026-08-16;;false;
3e8cb38d-4da3-4df7-b256-67b39d446663;260825009;b84cdf82-1dd9-4d41-96a9-979f3b625fe3;755d8bf8-abaf-4e67-8c66-c04dab7755d0;3f463100-d4f4-4b12-a205-54cfabbdd77a;156e13a6-f108-4e01-ba16-07c8989000a2;ศศิภา;โคมไฟหน้าเตา 7 ดับ;;completed;6fff3037-214c-4188-8332-997730090207;0c4b9136-172d-4a37-82e6-5ee810cf0fe9;2026-08-25 04:53:42.033+00;;2026-09-08 07:43:44.37+00;2026-09-10 02:54:43.895+00;;2026-08-25 03:55:55.090984+00;2026-09-10 02:54:44.56421+00;เปลี่ยนโคมไฟให้ใหม่แทนของเดิมที่ชำรุด;"[{""code"":""0401E4-00415\t007"",""name"":""โคมไฟ HIGHBAY IWACHI GKD 043 150W"",""qty"":""2โคม""}]";334;date;2026-08-25;2026-09-04 03:55:55.218+00;false;
3b6ab5a7-f048-4fbf-a175-03e23df710b8;260820002;48700aa2-591f-4725-85ce-be044298c6be;72e122e2-76e3-44aa-a586-0a3f86291d77;cb6b3dfa-c7f7-4c49-b149-fe813e0ac371;b48f1fc1-fd06-4c67-82ac-93af7c9e0198;สำราญ;มอเตอร์ไม่มีแรง;;completed;18315ef5-0d9a-4c48-836b-d172ad01c347;618867a9-9f7c-4e77-96cd-3c6be6f2a0ac;2026-08-20 03:50:01.296+00;;2026-08-22 08:11:06.41+00;2026-08-22 08:52:43.254+00;;2026-08-20 01:40:28.098561+00;2026-08-22 08:52:44.075907+00;เปลี่ยนมอเตอร์ที่มีอยู่และล้างปั้มGB-13ใหม่;[];298;date;2026-08-25;;false;
0935f174-8329-4126-af35-aec123ba67da;260818018;a364e18d-2359-42b5-bea7-f3538481f114;dd98b2b3-c0ed-48b6-b3f4-139b89c539c7;7b7b3967-29cd-4097-8020-01b6e2d82209;57e6cad4-f8b9-46aa-80f2-8547d438b458;ตะวัน;ต้องการมีฝาปิดครอบตรงช่องว่างหัวมุมสายพาน 2 ฝั่งเพื่อป้องกันซองขนมเลอะติดน้ำยาโซ่ในคณะเดินงาน;https://xhkjaeapzuzvequgdode.supabase.co/storage/v1/object/public/repair-images/a364e18d-2359-42b5-bea7-f3538481f114/1787050559024_Cornve-16.jpg;completed;bd10cd0f-07af-4f58-87d9-595a76cd55f5;9b15b405-4695-46a4-b384-ee5feb992a7c;2026-08-19 01:35:21.068+00;https://xhkjaeapzuzvequgdode.supabase.co/storage/v1/object/public/repair-images/bd10cd0f-07af-4f58-87d9-595a76cd55f5/done_1787298846287_1000006929.jpg;2026-08-21 07:54:08.715+00;2026-08-24 10:44:00.726+00;;2026-08-18 10:55:58.806126+00;2026-08-24 10:44:00.80094+00;เชื่อมทำฝาครอบสายพาน เบอร์16;[];287;date;2026-08-21;;false;
8cf5dcf8-3112-4a7b-ac24-fc76363c1f66;260829014;521a9c93-4039-465c-8f7a-1c0137efc8ef;dd98b2b3-c0ed-48b6-b3f4-139b89c539c7;8fb60919-05a3-47e7-9f76-6458062c494a;31d18a44-4545-4b43-b9c9-b54f0b10e83d;ศศิธร;เหล็กรองเครื่อง แบบปิดทึบ;https://xhkjaeapzuzvequgdode.supabase.co/storage/v1/object/public/repair-images/521a9c93-4039-465c-8f7a-1c0137efc8ef/1787985040812_IMG_8992.jpeg;completed;bd10cd0f-07af-4f58-87d9-595a76cd55f5;9b15b405-4695-46a4-b384-ee5feb992a7c;2026-08-29 08:05:29.499+00;;2026-09-01 02:46:44.183+00;2026-09-01 04:43:06.595+00;;2026-08-29 06:30:42.247035+00;2026-09-01 04:43:06.878252+00;ปรับระดับขาตั้งใหม่;[];378;date;2026-09-01;;false;
1b4c7a80-5b80-4631-9315-79ec7f188546;260817002;e9bad159-eaba-4145-9b50-775a5ee635c7;755d8bf8-abaf-4e67-8c66-c04dab7755d0;8568e49e-eef5-4361-aaf6-76d025693e77;31101fe5-2d24-4aac-9bf3-687eca77dcb7;อาภาศิริ;ปิดรูมดบริเวณกำแพงข้างพื้นที่อ่างน้ำ QC ฝั่งบรรจุพบมดเข้าออกจากรู 3 จุด ตามรูปภาพค่ะ;https://xhkjaeapzuzvequgdode.supabase.co/storage/v1/object/public/repair-images/e9bad159-eaba-4145-9b50-775a5ee635c7/1786937262241_IMG_2625.jpeg;completed;2600fa0f-deae-4983-a9a4-a6253f0f8ad0;0c4b9136-172d-4a37-82e6-5ee810cf0fe9;2026-08-17 06:22:47.94+00;https://xhkjaeapzuzvequgdode.supabase.co/storage/v1/object/public/repair-images/2600fa0f-deae-4983-a9a4-a6253f0f8ad0/done_1787188915451_1000018528.jpg;2026-08-20 01:22:01.111+00;2026-09-09 03:45:51.338+00;;2026-08-17 03:27:43.022711+00;2026-09-09 03:45:51.45903+00;อุดรูหมดขึ้นเสร็จแล้วครับ;[];265;date;2026-08-17;;false;
5adc5089-df5d-4744-b160-c79896b41ae0;260820004;e3a953a0-5f12-47fe-8c19-d0dabc13076a;755d8bf8-abaf-4e67-8c66-c04dab7755d0;345306ff-af94-4a88-8959-3ef69a24ae24;e23ec708-2f30-43c7-a9b8-b770d2c4a0ff;สำราญ;เพิ่มที่กั้นรถเข็นขยะ1ด้าน;;waiting_parts;6fff3037-214c-4188-8332-997730090207;0c4b9136-172d-4a37-82e6-5ee810cf0fe9;2026-08-20 03:47:35.856+00;;;;;2026-08-20 03:29:42.314907+00;2026-09-09 06:26:23.544635+00;;[];300;date;2026-08-29;;false;
d55c94ac-2bf7-4a1d-8f09-d68e6bb4b4b1;260911006;8137c5d0-65e4-461a-b094-5c5f0dbbed04;755d8bf8-abaf-4e67-8c66-c04dab7755d0;a3e64439-c1fa-4645-b93a-2880d8809946;7b8db7fc-3d09-4ec3-85c3-1e1d2d5aa664;กาญจนา;ที่กดสบู่ห้องน้ำหญิงชั้น 1 อันที่ 1 ติดทางเข้า กดน้ำสบู่ไม่ไหล;https://xhkjaeapzuzvequgdode.supabase.co/storage/v1/object/public/repair-images/8137c5d0-65e4-461a-b094-5c5f0dbbed04/1789113237842_501346.jpg;in_progress;6fff3037-214c-4188-8332-997730090207;0c4b9136-172d-4a37-82e6-5ee810cf0fe9;2026-09-11 08:49:44.32+00;;;;;2026-09-11 07:53:58.681276+00;2026-09-11 08:49:42.871226+00;;[];458;date;2026-09-14;2026-09-21 07:53:58.55+00;false;
10ef0af2-1e7a-4f1d-a06e-ef1920b10ccd;260717008;26ab14fe-f8cc-4dfa-b1c3-a8c1416320d5;dd98b2b3-c0ed-48b6-b3f4-139b89c539c7;7b7b3967-29cd-4097-8020-01b6e2d82209;392bde1e-be7c-406d-91a0-855316dfea10;มนชิตา;สายพานขาด;https://xhkjaeapzuzvequgdode.supabase.co/storage/v1/object/public/repair-images/26ab14fe-f8cc-4dfa-b1c3-a8c1416320d5/1784270241403_13.jpg;completed;aee8cef8-8534-459f-94b8-9de40933bee7;9b15b405-4695-46a4-b384-ee5feb992a7c;2026-07-17 06:39:51.198+00;;2026-08-20 03:33:41.535+00;2026-08-21 04:10:08.529+00;;2026-07-17 06:37:20.523475+00;2026-08-21 04:10:07.192609+00;เปลี่ยนสายพานเส้นใหม่;"[{""code"":""0401E1-00056/018"",""name"":""สายพาน PU สีขาว ต่อกลม หนา 2 มิล-กว้าง 49cm. -ยาว1,010cm."",""qty"":""1เส้น""}]";116;;;;true;
a87d525b-5f9d-42fd-8914-c2e349087f8b;260829002;a364e18d-2359-42b5-bea7-f3538481f114;dd98b2b3-c0ed-48b6-b3f4-139b89c539c7;60fdb7f3-75ed-46f3-8c68-76cea1818c8c;5acd961a-72e3-4aad-9298-ccb61b5de76c;ตะวัน;เครื่องชั่งW-PK-017 น้ำหนักไม่ตรงตามความเป็นจริง ส่งให้QC แคลแล้วขึ้นเออเรอร์;https://xhkjaeapzuzvequgdode.supabase.co/storage/v1/object/public/repair-images/a364e18d-2359-42b5-bea7-f3538481f114/1787974132947_WP-17.jpg;external;aee8cef8-8534-459f-94b8-9de40933bee7;9b15b405-4695-46a4-b384-ee5feb992a7c;2026-08-29 05:01:46.585+00;;;;;2026-08-29 03:28:52.738343+00;2026-09-09 09:09:17.558246+00;;[];366;date;2026-08-29;;false;
571cff91-8d24-4baf-9045-dcdfeb9f75d7;260815010;26ab14fe-f8cc-4dfa-b1c3-a8c1416320d5;dd98b2b3-c0ed-48b6-b3f4-139b89c539c7;60fdb7f3-75ed-46f3-8c68-76cea1818c8c;5acd961a-72e3-4aad-9298-ccb61b5de76c;มนชิตา;ปืนยิงกาวไลน์มือเบอร์ 9 / ไลน์มือ7-11 พบปัญหาปืนกาวร้อนแต่ยิงไม่ออก;;completed;aee8cef8-8534-459f-94b8-9de40933bee7;9b15b405-4695-46a4-b384-ee5feb992a7c;2026-08-17 01:39:30.97+00;;2026-08-17 07:15:58.501+00;2026-08-17 07:18:00.937+00;;2026-08-15 13:36:56.368322+00;2026-08-17 07:17:56.617343+00;ตัดต่อสายไฟใหม่;[];263;date;2026-08-19;;false;
22dc2308-d1b7-490f-a27b-e8b969be4c87;260811003;8137c5d0-65e4-461a-b094-5c5f0dbbed04;755d8bf8-abaf-4e67-8c66-c04dab7755d0;a3e64439-c1fa-4645-b93a-2880d8809946;7b8db7fc-3d09-4ec3-85c3-1e1d2d5aa664;กาญจนา;ห้องน้ำชายชั้น 1 ด้านในห้องที่ 1 สายฉีดชำรุด;https://xhkjaeapzuzvequgdode.supabase.co/storage/v1/object/public/repair-images/8137c5d0-65e4-461a-b094-5c5f0dbbed04/1786430131427_467423.jpg;completed;2600fa0f-deae-4983-a9a4-a6253f0f8ad0;0c4b9136-172d-4a37-82e6-5ee810cf0fe9;2026-08-13 03:47:18.139+00;https://xhkjaeapzuzvequgdode.supabase.co/storage/v1/object/public/repair-images/2600fa0f-deae-4983-a9a4-a6253f0f8ad0/done_1786932226828_1000018181.jpg;2026-08-17 02:03:47.482+00;2026-08-17 08:07:13.59+00;;2026-08-11 06:35:31.989918+00;2026-08-17 08:07:13.780401+00;แก้ไขเรียบร้อยแล้วครับ;"[{""code"":""04014-00281/001"",""name"":""1 เส้น"",""qty"":""1""}]";216;date;2026-08-14;2026-08-21 06:35:31.694+00;false;
14036eab-5b55-48b7-81bd-4a6a123acc77;260813007;8137c5d0-65e4-461a-b094-5c5f0dbbed04;755d8bf8-abaf-4e67-8c66-c04dab7755d0;a3e64439-c1fa-4645-b93a-2880d8809946;7b8db7fc-3d09-4ec3-85c3-1e1d2d5aa664;กาญจนา;สายฉีดห้องน้ำหญิง ชั้น 1 ห้องด้านในสุด หัวสายฉีดค้าง;https://xhkjaeapzuzvequgdode.supabase.co/storage/v1/object/public/repair-images/8137c5d0-65e4-461a-b094-5c5f0dbbed04/1786604359566_470100.jpg;completed;2600fa0f-deae-4983-a9a4-a6253f0f8ad0;0c4b9136-172d-4a37-82e6-5ee810cf0fe9;2026-08-13 07:35:18.896+00;https://xhkjaeapzuzvequgdode.supabase.co/storage/v1/object/public/repair-images/2600fa0f-deae-4983-a9a4-a6253f0f8ad0/done_1786933166275_1000018179.jpg;2026-08-17 02:19:26.992+00;2026-08-17 08:08:23.094+00;;2026-08-13 06:59:20.790984+00;2026-08-17 08:08:23.323964+00;แก้ไขเสร็จแล้วครับ;[];223;date;2026-08-15;2026-08-23 06:59:20.092+00;false;
e96859d1-ef2b-4d92-be9f-525fe9819793;260821002;8d8a3186-6bd4-42c3-9dc2-8553ce10510c;dd98b2b3-c0ed-48b6-b3f4-139b89c539c7;7110c454-c2ce-46e0-ad17-5c590abf8361;fc8ffc18-26d3-4275-8d48-65223f3a9fcc;มาไลย;มีเสียงดังผิดปกติอยู่ข้างใน;;completed;22275234-5a63-4e64-bdd4-07ec11241b46;9b15b405-4695-46a4-b384-ee5feb992a7c;2026-08-21 12:20:27.98+00;;2026-08-22 02:13:52.532+00;2026-08-22 02:24:10.068+00;;2026-08-21 03:17:40.306954+00;2026-08-22 02:24:10.147415+00;เปลี่ยนแม็กเนติก;"[{""code"":""0401E4-00040/014\tMAGNETIC Mitsubishi S-T35 220V\t1"",""name"":""MAGNETIC Mitsubishi S-T35 220V\t1"",""qty"":""1""}]";307;date;2026-08-21;;false;
e71bb0ce-2220-4d90-a08b-bff5ff85397c;260818001;8d8a3186-6bd4-42c3-9dc2-8553ce10510c;dd98b2b3-c0ed-48b6-b3f4-139b89c539c7;7b7b3967-29cd-4097-8020-01b6e2d82209;4d81e9cc-e146-4160-9072-84c2a0ebdbc3;มาไลย;"ตรงตัวสวิชท์เปิด-ปิดและปรับความเร็วสายพาน
มีปัญหาจับหมุนไม่ได้บางครั้งก็หยุดไปเลย";;completed;aee8cef8-8534-459f-94b8-9de40933bee7;9b15b405-4695-46a4-b384-ee5feb992a7c;2026-08-18 04:22:07.085+00;;2026-08-18 07:35:52.139+00;2026-08-22 02:24:23.893+00;;2026-08-18 01:31:53.4533+00;2026-08-22 02:24:23.954618+00;เปลี่ยนสวิตท์ตัวใหม่;"[{""code"":""0401E7-00115/001"",""name"":""สวิทลูกศร 25 mm"",""qty"":""1ตัว""}]";271;date;2026-08-20;;false;
4510b0b4-3f43-4c4b-a5fc-c2ffa4e3419e;260815005;8d8a3186-6bd4-42c3-9dc2-8553ce10510c;dd98b2b3-c0ed-48b6-b3f4-139b89c539c7;60fdb7f3-75ed-46f3-8c68-76cea1818c8c;5acd961a-72e3-4aad-9298-ccb61b5de76c;มาไลย;ปืนยิงกาว No.56 สายไฟช็อตและสายไฟสั้นเกินไปช่วยต่อใหด้วย;;completed;aee8cef8-8534-459f-94b8-9de40933bee7;9b15b405-4695-46a4-b384-ee5feb992a7c;2026-08-15 06:24:17.328+00;;2026-08-18 02:32:01.223+00;2026-08-22 02:24:26.77+00;;2026-08-15 06:15:05.860589+00;2026-08-22 02:24:26.811334+00;เปลี่ยนสายไฟใหม่(ใช้สายไฟจากปืนยิงกาวตัวเก่าที่เสีย);[];257;date;2026-08-17;;false;
3361b1dc-24ae-4f7e-b7d3-e977b594fbca;260806008;5a5b8e92-7aea-4790-a99a-ba47c443af3d;755d8bf8-abaf-4e67-8c66-c04dab7755d0;345306ff-af94-4a88-8959-3ef69a24ae24;e23ec708-2f30-43c7-a9b8-b770d2c4a0ff;ศกลวรรณ;ทาสีบริเวณกำแพงสโตร์ฝั่งวัตถุดิบ 1 ล็อคค่ะ;https://xhkjaeapzuzvequgdode.supabase.co/storage/v1/object/public/repair-images/5a5b8e92-7aea-4790-a99a-ba47c443af3d/1786020419607_S__4841480_0.jpg;completed;2600fa0f-deae-4983-a9a4-a6253f0f8ad0;0c4b9136-172d-4a37-82e6-5ee810cf0fe9;2026-08-07 01:31:51.236+00;https://xhkjaeapzuzvequgdode.supabase.co/storage/v1/object/public/repair-images/2600fa0f-deae-4983-a9a4-a6253f0f8ad0/done_1786931976270_1000018180.jpg;2026-08-17 01:59:38.502+00;2026-08-24 02:33:40.907+00;;2026-08-06 12:46:59.312394+00;2026-08-24 02:33:41.061448+00;ทาสีเสร็จแล้วครับ;"[{""code"":""0401E4-00050/008"",""name"":""สีทาผนัง 1 ล็อค"",""qty"":""1""}]";194;date;2026-08-14;;false;
10dce4d9-e1a8-47d2-bbbf-cb11b8b8a37e;260814016;a364e18d-2359-42b5-bea7-f3538481f114;dd98b2b3-c0ed-48b6-b3f4-139b89c539c7;cee4bac9-45b4-4d53-9b29-1d4c115720eb;e17e7d9f-da74-4fa7-985c-9142e771499d;ตะวัน;"ต้องการติดตั้งขาค้ำฝาฮอปเปอร์ =Hopper Cover Prop/Lid Support(เหมือนฝาฮอปเปอร์ของเครื่องSP-04)
**วันที่ 27/8/2026 ไม่มีแผนเดินงาน";https://xhkjaeapzuzvequgdode.supabase.co/storage/v1/object/public/repair-images/a364e18d-2359-42b5-bea7-f3538481f114/1786701389927_SP-04.2.jpg;completed;bd10cd0f-07af-4f58-87d9-595a76cd55f5;9b15b405-4695-46a4-b384-ee5feb992a7c;2026-08-15 01:17:48.07+00;;2026-08-20 04:28:28.53+00;2026-08-24 10:43:50.183+00;;2026-08-14 09:56:28.924605+00;2026-08-24 10:43:50.231059+00;ทำขาค้ำใส่ Hoper Cower Prop;[];247;date;2026-08-27;;false;
17e48b8d-cf4e-41e4-8c9c-fa9e1ee7f700;260901002;8137c5d0-65e4-461a-b094-5c5f0dbbed04;755d8bf8-abaf-4e67-8c66-c04dab7755d0;a3e64439-c1fa-4645-b93a-2880d8809946;7b8db7fc-3d09-4ec3-85c3-1e1d2d5aa664;กาญจนา;"โทรศัพท์​ที่ป้อม​ รปภ.
ปุ่มกดชำรุดค";https://xhkjaeapzuzvequgdode.supabase.co/storage/v1/object/public/repair-images/8137c5d0-65e4-461a-b094-5c5f0dbbed04/1788233133335_51852_0.jpg;completed;6fff3037-214c-4188-8332-997730090207;0c4b9136-172d-4a37-82e6-5ee810cf0fe9;2026-09-01 06:44:56.493+00;;2026-09-14 02:08:47.431+00;2026-09-14 02:13:11.034+00;;2026-09-01 03:25:34.109284+00;2026-09-14 02:13:11.054534+00;ซ่อมไม่ได้ครับปุ่มกดเสีย(เปลี่ยนเครื่องใหม่);[];388;date;2026-09-03;2026-09-11 03:25:33.9+00;false;
602c98a9-04c6-47b5-a7c6-5952c704bafb;260725002;521a9c93-4039-465c-8f7a-1c0137efc8ef;755d8bf8-abaf-4e67-8c66-c04dab7755d0;4bddcd3a-5051-4595-8a09-3afe48fc8dfc;02fe1b9d-a4d6-4b7a-bc33-d466c33c137b;ศศิธร;โคมไฟ ห้องแนวนอน มัว เหลือง แสงสว่างไม่เพียงพอ;;completed;6fff3037-214c-4188-8332-997730090207;0c4b9136-172d-4a37-82e6-5ee810cf0fe9;2026-07-25 08:35:43.851+00;;2026-08-19 01:13:59.001+00;2026-08-21 07:18:38.109+00;;2026-07-25 06:25:18.353138+00;2026-08-21 07:18:38.47151+00;ล้างทำความสะอาดโคมไฟให้ใหม่.. ใช้งานได้​ตามปกติ​;[];155;date;2026-07-31;2026-08-04 06:25:17.344+00;false;
b46b8e99-5475-4a17-bd21-5e3136999c4f;260728002;8d8a3186-6bd4-42c3-9dc2-8553ce10510c;dd98b2b3-c0ed-48b6-b3f4-139b89c539c7;7b7b3967-29cd-4097-8020-01b6e2d82209;569ace53-e1e8-482d-b8ee-e93ab85daf64;มาไลย;สายพานมีจุดตรงรอยต่อขาดชำรุดตามภาพ;https://xhkjaeapzuzvequgdode.supabase.co/storage/v1/object/public/repair-images/8d8a3186-6bd4-42c3-9dc2-8553ce10510c/1785228135921_IMG_1483.jpeg;completed;22275234-5a63-4e64-bdd4-07ec11241b46;9b15b405-4695-46a4-b384-ee5feb992a7c;2026-07-31 04:43:49.78+00;;2026-08-22 02:25:59.778+00;2026-09-01 03:26:55.303+00;;2026-07-28 08:42:18.501245+00;2026-09-01 03:26:55.516613+00;เปลี่ยนสายพาน;"[{""code"":""0401E1-00056/016"",""name"":""สายพาน PVC สีขาว ต่อกลม หนา 1.5 มิล-กว้าง 54 cm. -ยาว 985cm.  จำนวน 1 เส้น"",""qty"":""1""}]";163;date;2026-08-15;;true;
d229949f-0389-401b-b46f-46f6aff50281;260818010;521a9c93-4039-465c-8f7a-1c0137efc8ef;755d8bf8-abaf-4e67-8c66-c04dab7755d0;4bddcd3a-5051-4595-8a09-3afe48fc8dfc;02fe1b9d-a4d6-4b7a-bc33-d466c33c137b;ศศิธร;หลอดไฟเบอร์ 71,46,66,80,99,77,104 สว่างไม่เท่ากัน เปลี่ยนคู่;;completed;6fff3037-214c-4188-8332-997730090207;0c4b9136-172d-4a37-82e6-5ee810cf0fe9;2026-08-18 07:31:59.832+00;;2026-08-21 07:59:30.888+00;2026-08-27 11:52:16.242+00;;2026-08-18 04:15:43.89914+00;2026-08-27 11:52:16.418351+00;เปลี่ยนหลอดไฟให้ใหม่แทนที่ของเดิมที่ชำรุด;"[{""code"":""0401E6-00013​/015"",""name"":""หลอดไฟ​ Shining นีออน​LED​Tube​T8"",""qty"":""14""}]";280;date;2026-08-20;;false;
1a9c05dc-da5c-4002-8207-04b43dbd124d;260716013;26ab14fe-f8cc-4dfa-b1c3-a8c1416320d5;755d8bf8-abaf-4e67-8c66-c04dab7755d0;4bddcd3a-5051-4595-8a09-3afe48fc8dfc;02fe1b9d-a4d6-4b7a-bc33-d466c33c137b;มนชิตา;รอยแตกตรงผนังทำให้มีมดมาตามทาง / ทางเดินตรงหน้าทางเข้าไลน์มือบรรจุส่งออก;https://xhkjaeapzuzvequgdode.supabase.co/storage/v1/object/public/repair-images/26ab14fe-f8cc-4dfa-b1c3-a8c1416320d5/1784202288076_12.jpg;completed;6fff3037-214c-4188-8332-997730090207;0c4b9136-172d-4a37-82e6-5ee810cf0fe9;2026-07-18 07:29:45.428+00;;2026-08-21 08:29:20.298+00;2026-08-22 08:04:41.158+00;;2026-07-16 11:44:48.57444+00;2026-08-22 08:04:38.09191+00;ปิดรอยแตกร้าวตามจุดต่างๆให้ใหม่เรียบเนียนตามปกติ​;"[{""code"":""0401E4-00612\t008"",""name"":""ปูนฉาบยิปซั่มวินพลาส 1 กก."",""qty"":""2""}]";108;;;;false;
e44183c9-ea50-40c5-96d7-bea95dd61fad;260818009;521a9c93-4039-465c-8f7a-1c0137efc8ef;755d8bf8-abaf-4e67-8c66-c04dab7755d0;4bddcd3a-5051-4595-8a09-3afe48fc8dfc;02fe1b9d-a4d6-4b7a-bc33-d466c33c137b;ศศิธร;โคมไฟเบอร์ 99,100,102,77,76 มัวมีฝุ่น;;completed;6fff3037-214c-4188-8332-997730090207;0c4b9136-172d-4a37-82e6-5ee810cf0fe9;2026-08-18 07:32:08.864+00;;2026-08-21 07:54:14.383+00;2026-08-27 11:52:35.063+00;;2026-08-18 04:12:53.186614+00;2026-08-27 11:52:35.209041+00;ล้างทำ​ความสะอา​ดโคมไฟให้ใหม่สว่างใช้งานได้ตามปกติ;[];279;date;2026-08-20;;false;
e1438498-e774-416d-8c74-a5de22f05d32;260820005;48700aa2-591f-4725-85ce-be044298c6be;72e122e2-76e3-44aa-a586-0a3f86291d77;cb6b3dfa-c7f7-4c49-b149-fe813e0ac371;f7e837c1-3b1e-4fa2-aa0f-91e6d98276d8;สำราญ;ปั้มฉีดแป้งออกมาเป็นก้อนสีเล็กๆ;;completed;18315ef5-0d9a-4c48-836b-d172ad01c347;618867a9-9f7c-4e77-96cd-3c6be6f2a0ac;2026-08-22 02:53:21.125+00;;2026-08-22 08:09:11.216+00;2026-08-22 08:52:40.828+00;;2026-08-20 08:01:43.749566+00;2026-08-22 08:52:41.677483+00;แก้ไขถอดปั้มล้างใหม่;[];304;date;2026-08-22;;false;
b089e9fa-8ea9-48e1-bca9-f9a62cab7ae8;260818008;521a9c93-4039-465c-8f7a-1c0137efc8ef;755d8bf8-abaf-4e67-8c66-c04dab7755d0;4bddcd3a-5051-4595-8a09-3afe48fc8dfc;02fe1b9d-a4d6-4b7a-bc33-d466c33c137b;ศศิธร;โคมไฟ เบอร์ 71,72,73,45,79 มัว มีฝุ่น;;completed;6fff3037-214c-4188-8332-997730090207;0c4b9136-172d-4a37-82e6-5ee810cf0fe9;2026-08-18 07:32:12.344+00;;2026-08-21 07:55:00.465+00;2026-08-27 11:52:40.981+00;;2026-08-18 04:10:59.861098+00;2026-08-27 11:52:41.128824+00;ทำ​ความสะอา​ดโคมไฟให้ใหม่สว่างใช้งานได้ตามปกติ;[];278;date;2026-08-19;;false;
090acd79-a145-46df-b44c-4baf239a8fa2;260818007;521a9c93-4039-465c-8f7a-1c0137efc8ef;755d8bf8-abaf-4e67-8c66-c04dab7755d0;4bddcd3a-5051-4595-8a09-3afe48fc8dfc;02fe1b9d-a4d6-4b7a-bc33-d466c33c137b;ศศิธร;โคมไฟเบอร์ 66,67,68,69,70 มัว;;completed;6fff3037-214c-4188-8332-997730090207;0c4b9136-172d-4a37-82e6-5ee810cf0fe9;2026-08-18 07:32:17.232+00;;2026-08-21 07:55:42.038+00;2026-08-27 11:53:05.748+00;;2026-08-18 04:08:02.57129+00;2026-08-27 11:53:05.918057+00;ทำความสะอาด​โคม​ไฟให้ใหม่สว่างใช้งานได้ตามปกติ;[];277;date;2026-08-19;;false;
6ded1ff5-a658-4c6f-86e6-f005ea0256c2;260828001;8137c5d0-65e4-461a-b094-5c5f0dbbed04;755d8bf8-abaf-4e67-8c66-c04dab7755d0;a3e64439-c1fa-4645-b93a-2880d8809946;7b8db7fc-3d09-4ec3-85c3-1e1d2d5aa664;กาญจนา;แม่กุญแจและลุกที่ล็อคประตูหน้าป้อม รปภ.ชำรุด;https://xhkjaeapzuzvequgdode.supabase.co/storage/v1/object/public/repair-images/8137c5d0-65e4-461a-b094-5c5f0dbbed04/1787882013837_1787881793884.jpg;completed;2600fa0f-deae-4983-a9a4-a6253f0f8ad0;0c4b9136-172d-4a37-82e6-5ee810cf0fe9;2026-08-29 01:25:44.926+00;;2026-09-01 06:46:13.372+00;2026-09-01 08:31:05.447+00;;2026-08-28 01:53:34.504425+00;2026-09-01 08:31:05.637829+00;สามารถใช้ได้ครับสาเหตุเกิดจากคราบสนิม;[];355;date;2026-09-04;2026-09-07 01:53:34.42+00;false;
042fa9d5-8a22-4a60-ac9d-04d6d4359766;260902010;b84cdf82-1dd9-4d41-96a9-979f3b625fe3;72e122e2-76e3-44aa-a586-0a3f86291d77;64830cae-c233-4ec4-ac5c-f79472ba5a3b;667b6adf-7e6b-4b06-8fd1-77d4b52a6a2e;ศศิภา;ลูกปืนแตก;;completed;14a61d91-95ef-411a-b313-dae02e0f86a9;618867a9-9f7c-4e77-96cd-3c6be6f2a0ac;2026-09-04 08:23:01.715+00;;2026-09-07 04:06:45.467+00;2026-09-07 04:53:46.582+00;;2026-09-02 04:30:36.981747+00;2026-09-07 04:53:45.348283+00;เปลี่ยนลูกปืนเทเปอร์เครื่องยิง5 ใหม่;"[{""code"":""1 0401E2-00110/001"",""name"":""ตลับลูกปืน 32209 J2/Q SKF"",""qty"":""1""}]";408;date;2026-09-02;;false;
b93e975f-2000-4864-9fae-0cc94c580469;260818016;a364e18d-2359-42b5-bea7-f3538481f114;755d8bf8-abaf-4e67-8c66-c04dab7755d0;99d3232b-2082-4b01-bd08-e740122f52cf;24582462-b1cb-4569-8713-9130d985b2de;ตะวัน;ฝาปิดรีโมทแอร์ชำรุด;https://xhkjaeapzuzvequgdode.supabase.co/storage/v1/object/public/repair-images/a364e18d-2359-42b5-bea7-f3538481f114/1787043027159_Air-95.jpg;completed;2600fa0f-deae-4983-a9a4-a6253f0f8ad0;0c4b9136-172d-4a37-82e6-5ee810cf0fe9;2026-08-20 03:48:13.688+00;https://xhkjaeapzuzvequgdode.supabase.co/storage/v1/object/public/repair-images/2600fa0f-deae-4983-a9a4-a6253f0f8ad0/done_1787714110989_1000019021.jpg;2026-08-26 03:15:15.107+00;2026-08-27 13:41:39.389+00;;2026-08-18 08:50:26.403955+00;2026-08-27 13:41:39.368842+00;ยึดเสร็จแล้วครับ;[];301;date;2026-08-19;;false;
a5a7cfdd-7459-45ea-b044-17498e2aeaed;260818004;521a9c93-4039-465c-8f7a-1c0137efc8ef;dd98b2b3-c0ed-48b6-b3f4-139b89c539c7;b93b4434-5fe8-41c2-ba79-67512c3c1ad8;8e5b6562-2e01-41df-82da-2ae463baa755;ศศิธร;ทำสีรอบตัวเครื่อง;;waiting_parts;bd10cd0f-07af-4f58-87d9-595a76cd55f5;9b15b405-4695-46a4-b384-ee5feb992a7c;2026-08-18 04:24:41.02+00;;;;;2026-08-18 02:53:12.720658+00;2026-08-21 07:55:08.640446+00;;[];274;date;2026-08-25;;false;
7933a089-3003-4670-a659-9ea2d478dd82;260820001;e3a953a0-5f12-47fe-8c19-d0dabc13076a;755d8bf8-abaf-4e67-8c66-c04dab7755d0;345306ff-af94-4a88-8959-3ef69a24ae24;e23ec708-2f30-43c7-a9b8-b770d2c4a0ff;สำราญ;ที่เก็บสายไฟในห้องโหลดหลุด;;completed;6fff3037-214c-4188-8332-997730090207;0c4b9136-172d-4a37-82e6-5ee810cf0fe9;2026-08-20 03:48:58.184+00;;2026-08-24 04:12:24.049+00;2026-08-31 05:05:08.25+00;;2026-08-20 01:33:53.601165+00;2026-08-31 05:05:08.159291+00;แก้ไขยึดแน่นที่เก็บสายไฟกลับตำแหน่ง​เดิม​แข็งแรง​ใช้งาน​ตามปกติ​;[];297;date;2026-08-22;;false;
9bebfb75-e990-40e3-a79e-cca66714779c;260819001;b84cdf82-1dd9-4d41-96a9-979f3b625fe3;72e122e2-76e3-44aa-a586-0a3f86291d77;3b9c8b03-1b6b-46a8-91a1-c68f9427058e;197b7e53-992a-4a87-ad22-11dc76b9b1dc;ศศิภา;สายพานพัดลม;;completed;d115f163-f902-496c-9630-73dee8d85e47;618867a9-9f7c-4e77-96cd-3c6be6f2a0ac;2026-08-20 03:50:38.022+00;;2026-08-21 01:49:26.9+00;2026-08-21 01:49:38.257+00;;2026-08-19 01:17:39.758845+00;2026-08-21 01:49:37.388921+00;สายพานเก่าชำรุด;"[{""code"":""0401E1-00038/001"",""name"":""สายพาน B-42"",""qty"":""4เส้น""}]";288;date;2026-08-19;;false;
a52b0fd7-74cf-4773-adea-3cd5a088ad73;260829003;8d8a3186-6bd4-42c3-9dc2-8553ce10510c;dd98b2b3-c0ed-48b6-b3f4-139b89c539c7;b93b4434-5fe8-41c2-ba79-67512c3c1ad8;76156c4c-7452-4a45-a7d8-611842756df6;มาไลย;ทำตัวเก็บล็อกท่อเป่าลมของเครื่องรีดนี้ตอนที่รีดไม่ได้ใช้ลมหรือรีดโหล;https://xhkjaeapzuzvequgdode.supabase.co/storage/v1/object/public/repair-images/8d8a3186-6bd4-42c3-9dc2-8553ce10510c/1787983716693_IMG_1702.jpeg;completed;bd10cd0f-07af-4f58-87d9-595a76cd55f5;9b15b405-4695-46a4-b384-ee5feb992a7c;2026-08-29 06:13:10.876+00;;2026-08-31 08:57:58.753+00;2026-09-01 03:28:26.365+00;;2026-08-29 06:08:40.052256+00;2026-09-01 03:28:26.456181+00;ดันตัวล็อก ขาวาวปิดเปิดลม ไนโตรเจน เข้าในเครื่อง;[];367;date;2026-09-01;;false;
db9a0af2-c0c2-412a-9470-6ba67b4801d5;260821005;b84cdf82-1dd9-4d41-96a9-979f3b625fe3;72e122e2-76e3-44aa-a586-0a3f86291d77;64830cae-c233-4ec4-ac5c-f79472ba5a3b;9637d96d-329e-4905-aa52-1997a18217df;ศศิภา;เปลี่ยนสกรู >> ทางช่างแจ้งว่าสกรูหมดอายุการใช้งาน;;completed;14a61d91-95ef-411a-b313-dae02e0f86a9;618867a9-9f7c-4e77-96cd-3c6be6f2a0ac;2026-08-21 08:19:09.476+00;;2026-08-22 02:52:23.556+00;2026-08-22 09:51:07.657+00;;2026-08-21 07:06:55.455554+00;2026-08-22 09:51:12.884407+00;เปลี่ยนเสื้อและสกรูเครื่องยิง3 วันที่17/8/69 พร้อมลูกปืนยกชุด;"[{""code"":""0401E3-00092/002"",""name"":""เสื้อสกรู L-70"",""qty"":""1""},{""code"":""0401E3-00091/002"",""name"":""หัวสกรู L70"",""qty"":""1""},{""code"":""0401E2-00038/005"",""name"":""ลูกปืนกันหลุน51407"",""qty"":""1""},{""code"":""0401E2-00038/006"",""name"":""ลูกปืนกันหลุน51406"",""qty"":""1""},{""code"":""0401E2-00038/007"",""name"":""ลูกปืนกันหลุน51410"",""qty"":""1""},{""code"":""0401E2-00106/001"",""name"":""ลูกปืน30307-J2/QSKF"",""qty"":""1""},{""code"":""0401E2-00107/001"",""name"":""ลูกปืนNJ307-ECP/SK"",""qty"":""1""},{""code"":""0401E2-00105/001"",""name"":""ลูกปืน32212"",""qty"":""1""},{""code"":""0401E2-00149/001"",""name"":""ลูกปืน33209"",""qty"":""1""},{""code"":""0401E2-00110/001"",""name"":""ลูกปืน32202"",""qty"":""1""},{""code"":""0401E7-00341/020"",""name"":""ชฺศชีสกันน้ำมันtc-35*52*8"",""qty"":""2""},{""code"":""0401E4-00559/002"",""name"":""กาวแดง"",""qty"":""1""},{""code"":""0401E8-00305/001"",""name"":""เสปรย์ล้างคอนแท็ค"",""qty"":""1""},{""code"":""0401E2-00158/001"",""name"":""ลูกปืน32211 SKF"",""qty"":""2""}]";314;date;2026-08-21;;false;
19e1289e-6223-4465-bb5d-05a43dd121e0;260829001;e0d0142d-e3a2-4e87-8aab-c27d1e8eb139;755d8bf8-abaf-4e67-8c66-c04dab7755d0;4bddcd3a-5051-4595-8a09-3afe48fc8dfc;02fe1b9d-a4d6-4b7a-bc33-d466c33c137b;ชัชพล;เนื่องจากขอบหลังคาออฟฟิศ(ห้องเวเฟอร์เก่า) มีรอยเลอะเทปกาว-สกปรก ให้ทำการทาสีใหม่(สีขาวแบบน้ำ) 4ด้าน+เสา1ต้นและช่องบันไดด้านบน ตามรูปแนบ (รองรับลูกค้าเยี่ยมชมโรงงาน4/9/26;https://xhkjaeapzuzvequgdode.supabase.co/storage/v1/object/public/repair-images/e0d0142d-e3a2-4e87-8aab-c27d1e8eb139/1787968845840_1787968792270.jpg;completed;2600fa0f-deae-4983-a9a4-a6253f0f8ad0;0c4b9136-172d-4a37-82e6-5ee810cf0fe9;2026-08-29 03:05:52.526+00;https://xhkjaeapzuzvequgdode.supabase.co/storage/v1/object/public/repair-images/2600fa0f-deae-4983-a9a4-a6253f0f8ad0/done_1788141369103_1000019404.jpg;2026-08-31 01:56:12.833+00;2026-09-14 02:28:47.287+00;;2026-08-29 02:00:46.36524+00;2026-09-14 02:28:47.819233+00;ทาสีผนังชั้นลอยเสร็จแล้วครับ;"[{""code"":""0401E4-00050/037"",""name"":""สีน้ำครับ"",""qty"":""1""}]";365;date;2026-08-30;;false;
123a2c32-4a66-431e-b4fe-d7897b328aea;260814018;a364e18d-2359-42b5-bea7-f3538481f114;dd98b2b3-c0ed-48b6-b3f4-139b89c539c7;6a73ba57-b80f-44cf-abf2-26a628226b4f;cbbd3e68-621a-4353-873f-c9d08882b36b;ตะวัน;มีขั้นสายผ่านบางตัวกำลังหลุดออก;https://xhkjaeapzuzvequgdode.supabase.co/storage/v1/object/public/repair-images/a364e18d-2359-42b5-bea7-f3538481f114/1786701983118_Con-03..jpg;completed;22275234-5a63-4e64-bdd4-07ec11241b46;9b15b405-4695-46a4-b384-ee5feb992a7c;2026-08-15 01:17:55.367+00;;2026-08-28 02:38:21.418+00;2026-09-01 07:33:29.702+00;;2026-08-14 10:06:22.426632+00;2026-09-01 07:33:27.952419+00;ติดกาว;"[{""code"":""0401E4-00202\t005"",""name"":""กาวร้อนติดสายพาน 20G   1ชิ้"",""qty"":""1""}]";249;date;2026-08-18;;false;
82c1762b-58a0-4349-a904-a2c0b43a43e3;260815006;8137c5d0-65e4-461a-b094-5c5f0dbbed04;755d8bf8-abaf-4e67-8c66-c04dab7755d0;a3e64439-c1fa-4645-b93a-2880d8809946;7b8db7fc-3d09-4ec3-85c3-1e1d2d5aa664;กาญจนา;อ่างล้างมือห้องน้ำผู้ชาย ชั้น 2  ปุ่มอ่างล้างมือหลุดหาย;https://xhkjaeapzuzvequgdode.supabase.co/storage/v1/object/public/repair-images/8137c5d0-65e4-461a-b094-5c5f0dbbed04/1786777427139_472951.jpg;completed;2600fa0f-deae-4983-a9a4-a6253f0f8ad0;0c4b9136-172d-4a37-82e6-5ee810cf0fe9;2026-08-17 06:23:00.508+00;https://xhkjaeapzuzvequgdode.supabase.co/storage/v1/object/public/repair-images/2600fa0f-deae-4983-a9a4-a6253f0f8ad0/done_1787989374393_1000019254.jpg;2026-08-29 07:42:55.962+00;2026-08-29 08:15:47.996+00;;2026-08-15 07:03:47.750958+00;2026-08-29 08:15:48.220778+00;อ่างล้างมือเสร็จแล้วครับชั้น 2;"[{""code"":""0401E4-00471/002"",""name"":""อ่างล้างมือ"",""qty"":""1""}]";258;date;2026-08-24;2026-08-25 07:03:47.54+00;false;
383f0b39-6a56-4c3c-a34b-c8dd68c736e0;260901003;521a9c93-4039-465c-8f7a-1c0137efc8ef;dd98b2b3-c0ed-48b6-b3f4-139b89c539c7;8fb60919-05a3-47e7-9f76-6458062c494a;4c93d34e-2e80-4988-a46c-67ea41221b41;ศศิธร;ขาวางถาดชำรุด;;completed;bd10cd0f-07af-4f58-87d9-595a76cd55f5;9b15b405-4695-46a4-b384-ee5feb992a7c;2026-09-01 04:54:58.158+00;;2026-09-01 09:30:10.737+00;2026-09-02 02:27:10.034+00;;2026-09-01 04:42:23.991987+00;2026-09-02 02:27:10.224639+00;ทำฐานรองถาดขนม;[];389;date;2026-09-04;;false;
6cf35052-68b7-4362-82ed-0a2061e158e6;260824009;a364e18d-2359-42b5-bea7-f3538481f114;dd98b2b3-c0ed-48b6-b3f4-139b89c539c7;7b7b3967-29cd-4097-8020-01b6e2d82209;57e6cad4-f8b9-46aa-80f2-8547d438b458;ตะวัน;ต้องการแผ่นกั้นตรงมุมสายผานเพื่อช่วยไม่ให้ซองขนมตกลงพื้นได้(แบบถอดออกและปรับเลื่อนตำแหน่งได้);https://xhkjaeapzuzvequgdode.supabase.co/storage/v1/object/public/repair-images/a364e18d-2359-42b5-bea7-f3538481f114/1787561786869_Con-18-Cover.jpg;completed;bd10cd0f-07af-4f58-87d9-595a76cd55f5;9b15b405-4695-46a4-b384-ee5feb992a7c;2026-08-26 02:38:53.419+00;;2026-09-01 09:30:51.807+00;2026-09-02 08:31:47.437+00;;2026-08-24 08:56:23.699708+00;2026-09-02 08:31:45.306695+00;ทำแผ่นกั้นขนมบนสายพาน;[];321;date;2026-08-28;;false;
6a81f5f2-979d-4ffa-b0f8-a4474b1d72e1;260824002;48700aa2-591f-4725-85ce-be044298c6be;72e122e2-76e3-44aa-a586-0a3f86291d77;d6968cf7-550a-4991-bad4-638935a88c22;cf7822c0-37a9-4e94-b8be-fbb45e6a2228;สำราญ;สวิทช์ปุ่มเปิดปิดแป้งชำรุด;;completed;18315ef5-0d9a-4c48-836b-d172ad01c347;618867a9-9f7c-4e77-96cd-3c6be6f2a0ac;2026-08-25 02:06:00.625+00;;2026-08-25 02:54:02.152+00;2026-08-26 07:53:47.738+00;;2026-08-24 03:33:24.491859+00;2026-08-26 07:53:48.72022+00;เปลี่ยนสวิทปิด-เปิดมีไฟ;"[{""code"":""0401E7-00207/003"",""name"":""สวิทpush Buttonปิด-เปิดมีไฟ\""Tend\"" Tend T21 TLสีเหลืองIc220v"",""qty"":""1ตัว""}]";328;date;2026-08-24;;false;
7f929c5b-9bf2-4b38-aabe-bddf02be7b82;260910006;92dee449-f868-4805-b66c-18484187e645;755d8bf8-abaf-4e67-8c66-c04dab7755d0;4bddcd3a-5051-4595-8a09-3afe48fc8dfc;02fe1b9d-a4d6-4b7a-bc33-d466c33c137b;เมาทุย;ก๊อกอ่างล้างมือห้องน้ำชาย ชำรุด;https://xhkjaeapzuzvequgdode.supabase.co/storage/v1/object/public/repair-images/92dee449-f868-4805-b66c-18484187e645/1789031870980_751.jpg;awaiting_review;2600fa0f-deae-4983-a9a4-a6253f0f8ad0;0c4b9136-172d-4a37-82e6-5ee810cf0fe9;2026-09-11 01:24:26.318+00;https://xhkjaeapzuzvequgdode.supabase.co/storage/v1/object/public/repair-images/2600fa0f-deae-4983-a9a4-a6253f0f8ad0/done_1789442644018_1000020911.jpg;2026-09-15 03:24:06.079+00;;;2026-09-10 09:17:50.000498+00;2026-09-15 03:24:06.133482+00;ก๊อกล้างมือห้องผู้ชายเสร็จแล้วครับ;"[{""code"":""0401E4/00267/010"",""name"":""เกาะอ่างล้างมือครับ"",""qty"":""1""}]";451;date;2026-09-12;;false;
298de89a-756f-4d0b-af59-c4a6ddac35f2;260901009;a364e18d-2359-42b5-bea7-f3538481f114;dd98b2b3-c0ed-48b6-b3f4-139b89c539c7;cee4bac9-45b4-4d53-9b29-1d4c115720eb;8a951ec0-6d30-4f9b-b87d-4d0c10374099;ตะวัน;สาย Cable Tie ที่รัดไว้ในเครื่องตามจุดต่างๆต้องการเปลี่ยนจากพลาสติกเป็นสแตนเลสทุกจุดเพื่อป้องก้นความเสี่ยงและมีโอกาสหลุดไปกับสินค้าได้;;awaiting_review;22275234-5a63-4e64-bdd4-07ec11241b46;9b15b405-4695-46a4-b384-ee5feb992a7c;2026-09-01 10:01:27.647+00;;2026-09-09 06:35:31.228+00;;;2026-09-01 07:50:49.01475+00;2026-09-09 06:35:31.738533+00;เปลี่ยนเคเบิ้ลไทร์พลาสติกให้เป็นสแตนเลส;"[{""code"":""0401E4-00122/006"",""name"":""\""เคเบิลไท สแตนเลส 8\""\""\"""",""qty"":""15""}]";395;date;2026-09-02;;false;
cbb7e6a6-312a-4f3f-a47e-c2cdf1a0df8f;260818005;521a9c93-4039-465c-8f7a-1c0137efc8ef;dd98b2b3-c0ed-48b6-b3f4-139b89c539c7;b93b4434-5fe8-41c2-ba79-67512c3c1ad8;c39dc231-73f8-4321-a4bf-67a48a41b980;ศศิธร;ทำสีรอบตัวเครื่อง;;completed;22275234-5a63-4e64-bdd4-07ec11241b46;9b15b405-4695-46a4-b384-ee5feb992a7c;2026-08-18 04:25:12.022+00;https://xhkjaeapzuzvequgdode.supabase.co/storage/v1/object/public/repair-images/22275234-5a63-4e64-bdd4-07ec11241b46/done_1788224638915_1000014887.jpg;2026-09-01 01:04:00.84+00;2026-09-01 04:42:30.151+00;;2026-08-18 02:54:13.04629+00;2026-09-01 04:42:30.525333+00;ติดตั้ง power plug;[];275;date;2026-08-24;;false;
3f273c02-c373-41bf-b443-7c8a980ef747;260901010;a364e18d-2359-42b5-bea7-f3538481f114;dd98b2b3-c0ed-48b6-b3f4-139b89c539c7;347f4266-d8a3-40ce-8211-08f483372408;93f65ba4-258a-4cc2-ac2b-861006275dbf;ตะวัน;สาย Cable Tie ที่รัดไว้ในเครื่องตามจุดต่างๆต้องการเปลี่ยนจากพลาสติกเป็นสแตนเลสทุกจุดเพื่อป้องก้นความเสี่ยงและมีโอกาสหลุดไปกับสินค้าได้;;in_progress;22275234-5a63-4e64-bdd4-07ec11241b46;9b15b405-4695-46a4-b384-ee5feb992a7c;2026-09-01 10:01:48.404+00;;;;;2026-09-01 07:51:06.708945+00;2026-09-01 10:01:48.518921+00;;[];396;date;2026-09-02;;false;
97e19280-f19d-4596-8378-9581774a85fb;260828002;92dee449-f868-4805-b66c-18484187e645;755d8bf8-abaf-4e67-8c66-c04dab7755d0;4bddcd3a-5051-4595-8a09-3afe48fc8dfc;02fe1b9d-a4d6-4b7a-bc33-d466c33c137b;เมาทุย;น้ำไหลไม่หยุตห้องน้ำชาย(สายก๊อกน้ำทำความสะอาด);https://xhkjaeapzuzvequgdode.supabase.co/storage/v1/object/public/repair-images/92dee449-f868-4805-b66c-18484187e645/1787888366711_02.jpg;completed;2600fa0f-deae-4983-a9a4-a6253f0f8ad0;0c4b9136-172d-4a37-82e6-5ee810cf0fe9;2026-08-29 01:25:41.726+00;https://xhkjaeapzuzvequgdode.supabase.co/storage/v1/object/public/repair-images/2600fa0f-deae-4983-a9a4-a6253f0f8ad0/done_1787989256677_1000019255.jpg;2026-08-29 07:41:06.652+00;2026-09-10 09:08:53.602+00;;2026-08-28 03:39:26.053432+00;2026-09-10 09:08:52.110481+00;ห้องน้ำผู้ชายกรอกน้ำเสร็จแล้วครับ;"[{""code"":""0401E4-00267/004"",""name"":""ก๊อกสนาม"",""qty"":""1""}]";356;date;2026-08-30;;false;
45824ae5-ebaf-4929-82ee-1f242330dbb6;260902008;8d8a3186-6bd4-42c3-9dc2-8553ce10510c;dd98b2b3-c0ed-48b6-b3f4-139b89c539c7;60fdb7f3-75ed-46f3-8c68-76cea1818c8c;5acd961a-72e3-4aad-9298-ccb61b5de76c;มาไลย;ชุดย้ำไม้ชุปเปอร์ป็อปสีลอกและเป็นสนิมต้องการทาสีใหม่;https://xhkjaeapzuzvequgdode.supabase.co/storage/v1/object/public/repair-images/8d8a3186-6bd4-42c3-9dc2-8553ce10510c/1788320861798_IMG_1724.jpeg;waiting_parts;aee8cef8-8534-459f-94b8-9de40933bee7;9b15b405-4695-46a4-b384-ee5feb992a7c;2026-09-02 09:33:06.188+00;;;;;2026-09-02 03:47:45.122656+00;2026-09-03 01:03:02.896772+00;;[];406;date;2026-09-12;;false;
5103704f-dc90-47b8-9c1f-2cb3403ae84f;260815007;e9bad159-eaba-4145-9b50-775a5ee635c7;755d8bf8-abaf-4e67-8c66-c04dab7755d0;8568e49e-eef5-4361-aaf6-76d025693e77;31101fe5-2d24-4aac-9bf3-687eca77dcb7;อาภาศิริ;"เพิ่มไฟดักแมลงตามคำแนะนำของซัพกำจัดแมลง 3 จุด
1.เพิ่มไฟดักแมลงบริเวณทางเข้า-ออก ไลน์แพ็คมือต่างประเทศ
2.เพิ่มไฟดักแมลงทางเชื่อมไลน์ผลิตและบรรจุ บริเวณหน้าห้องลูกอม
3.เพิ่มไฟดักแมลงบริเวณลานซักล้างฝั่งผลิต";https://xhkjaeapzuzvequgdode.supabase.co/storage/v1/object/public/repair-images/e9bad159-eaba-4145-9b50-775a5ee635c7/1786778919615_S__37847065.jpg;waiting_parts;6fff3037-214c-4188-8332-997730090207;0c4b9136-172d-4a37-82e6-5ee810cf0fe9;2026-08-20 03:48:24.528+00;;;;;2026-08-15 07:28:39.947686+00;2026-09-11 02:50:14.316181+00;;[];302;date;2026-08-17;;false;
a937b668-4ccc-4a9f-94e0-ed6e7f68d5c3;260819007;a6d0ae35-c044-4855-b1b0-a8b26b3b22f3;755d8bf8-abaf-4e67-8c66-c04dab7755d0;ed438e9e-f1f6-424c-9024-b0f86509d249;749967f5-c6e1-4141-90c0-400505c5dd2a;ภริดา;โทรศัพท์เครื่องพี่แหม่มเสีย เปิดลำโพงเอง;;completed;6fff3037-214c-4188-8332-997730090207;0c4b9136-172d-4a37-82e6-5ee810cf0fe9;2026-08-20 03:48:39.504+00;;2026-09-04 08:47:06.15+00;2026-09-04 09:41:20.141+00;;2026-08-19 03:07:41.273919+00;2026-09-04 09:41:19.92204+00;"ไม่สามารถซ่อมได้เนื่องจากอุปกรณ์​ภายใน
ช​็อชำรุด";[];303;date;2026-08-19;;false;
6bfebcbf-a630-43f2-96be-5b795a310da8;260902011;a364e18d-2359-42b5-bea7-f3538481f114;755d8bf8-abaf-4e67-8c66-c04dab7755d0;99d3232b-2082-4b01-bd08-e740122f52cf;8577fad2-0af8-45b8-83cb-1fe3d119de00;ตะวัน;ต้องการทำความสะอาดเนื่องจาก ตรงใบสวินและตัวพลาสติกกั้นลมมีสิ่งสกปรก;https://xhkjaeapzuzvequgdode.supabase.co/storage/v1/object/public/repair-images/a364e18d-2359-42b5-bea7-f3538481f114/1788338173673_Air-127.jpg;completed;6fff3037-214c-4188-8332-997730090207;0c4b9136-172d-4a37-82e6-5ee810cf0fe9;2026-09-02 09:52:01.864+00;;2026-09-09 08:10:51.382+00;2026-09-12 06:11:23.451+00;;2026-09-02 08:36:12.157679+00;2026-09-12 06:11:21.173906+00;ล้างทำความสะอาดบานสวิง/ที่กั้นลมให้สะอาดตามประสงค์ผู้แจ้งขอ;[];409;date;2026-09-02;;false;
c0fcf9d7-5852-45de-9a44-5a15ff6e69fe;260904007;8d8a3186-6bd4-42c3-9dc2-8553ce10510c;dd98b2b3-c0ed-48b6-b3f4-139b89c539c7;7110c454-c2ce-46e0-ad17-5c590abf8361;4ada91e8-0b25-44a4-8dd6-a0ead2ed21ae;มาไลย;ล้อของเครื่องนี้แตกทำให้ลากยาก;;waiting_parts;22275234-5a63-4e64-bdd4-07ec11241b46;9b15b405-4695-46a4-b384-ee5feb992a7c;2026-09-05 01:24:31.928+00;;;;;2026-09-04 08:27:59.6614+00;2026-09-05 03:04:29.628066+00;;[];430;date;2026-09-05;;false;
1e81c265-a65e-4870-b054-ddbcd532592d;260902007;8d8a3186-6bd4-42c3-9dc2-8553ce10510c;dd98b2b3-c0ed-48b6-b3f4-139b89c539c7;60fdb7f3-75ed-46f3-8c68-76cea1818c8c;5acd961a-72e3-4aad-9298-ccb61b5de76c;มาไลย;ปืนยิงกาว No.11ตัวกดยิงกาวสปริงหลุดทำฝห้ยิงไใ่ออก;;completed;aee8cef8-8534-459f-94b8-9de40933bee7;9b15b405-4695-46a4-b384-ee5feb992a7c;2026-09-02 09:31:26.708+00;;2026-09-03 13:46:38.622+00;2026-09-08 04:32:12.19+00;;2026-09-02 03:34:25.72339+00;2026-09-08 04:32:12.499751+00;ดัดสปริงใส่ด้ามกดใหม่;[];405;date;2026-09-03;;false;
e58b3bfb-6a0f-466b-98aa-06dab2ea58ce;260803006;fa2a24cd-7779-4f83-9d46-0f6c7aaa14eb;755d8bf8-abaf-4e67-8c66-c04dab7755d0;345306ff-af94-4a88-8959-3ef69a24ae24;e23ec708-2f30-43c7-a9b8-b770d2c4a0ff;ธัญจิรา;ปลั๊กพัดลม เบอร์10 หลุด;https://xhkjaeapzuzvequgdode.supabase.co/storage/v1/object/public/repair-images/fa2a24cd-7779-4f83-9d46-0f6c7aaa14eb/1785727737769_1000018468.jpg;completed;6fff3037-214c-4188-8332-997730090207;0c4b9136-172d-4a37-82e6-5ee810cf0fe9;2026-08-04 04:45:18.835+00;;2026-08-07 01:36:41.165+00;2026-09-15 03:33:37.856+00;;2026-08-03 03:28:59.698079+00;2026-09-15 03:33:38.036931+00;ตัดต่อสายไฟใหม่.. เนื่องจากสายไฟหลุดไม่แน่น​ ขันแน่นล็อกสายใหม่ใช้งานได้ตามปกติ;[];176;date;2026-08-03;;false;
916959c2-133c-4648-a0cb-fde368c45e7a;260829009;521a9c93-4039-465c-8f7a-1c0137efc8ef;dd98b2b3-c0ed-48b6-b3f4-139b89c539c7;0b3d47a4-fb51-4039-80a6-e37387b5b088;eff7f6d4-7e23-4904-ac64-0c9c33a91e11;ศศิธร;ปุ่มEmergency ไม่มี;https://xhkjaeapzuzvequgdode.supabase.co/storage/v1/object/public/repair-images/521a9c93-4039-465c-8f7a-1c0137efc8ef/1787984750668_IMG_8987.jpeg;completed;aee8cef8-8534-459f-94b8-9de40933bee7;9b15b405-4695-46a4-b384-ee5feb992a7c;2026-08-29 08:04:35.674+00;https://xhkjaeapzuzvequgdode.supabase.co/storage/v1/object/public/repair-images/aee8cef8-8534-459f-94b8-9de40933bee7/done_1788161275953_1000051918.jpg;2026-08-31 07:27:57.666+00;2026-09-01 04:43:55.603+00;;2026-08-29 06:25:51.433405+00;2026-09-01 04:43:55.939974+00;เปลี่ยนemergency sw.ตัวใหม่;"[{""code"":""0401E8-00083/002"",""name"":""Emergency stop 22mm. 1NC"",""qty"":""1ตัว""}]";373;date;2026-08-31;;false;
e58af28d-2fd8-45f9-adaa-733492063bff;260901008;a364e18d-2359-42b5-bea7-f3538481f114;dd98b2b3-c0ed-48b6-b3f4-139b89c539c7;cee4bac9-45b4-4d53-9b29-1d4c115720eb;48162317-9d54-451b-a74d-1ec29ff2ab6d;ตะวัน;สาย Cable Tie ที่รัดไว้ในเครื่องตามจุดต่างๆต้องการเปลี่ยนจากพลาสติกเป็นสแตนเลสทุกจุดเพื่อป้องก้นความเสี่ยงและมีโอกาสหลุดไปกับสินค้าได้;;in_progress;22275234-5a63-4e64-bdd4-07ec11241b46;9b15b405-4695-46a4-b384-ee5feb992a7c;2026-09-01 10:01:06.037+00;;;;;2026-09-01 07:50:05.842908+00;2026-09-01 10:01:06.098434+00;;[];394;date;2026-09-02;;false;
20e0d14a-1c6d-42cf-a928-cad3b5eccc3a;260722002;26ab14fe-f8cc-4dfa-b1c3-a8c1416320d5;755d8bf8-abaf-4e67-8c66-c04dab7755d0;4bddcd3a-5051-4595-8a09-3afe48fc8dfc;02fe1b9d-a4d6-4b7a-bc33-d466c33c137b;มนชิตา;แนวผนังแตก / หลังห้องไลน์มือบรรจุส่งออก;https://xhkjaeapzuzvequgdode.supabase.co/storage/v1/object/public/repair-images/26ab14fe-f8cc-4dfa-b1c3-a8c1416320d5/1784692217364_IMG_8612.jpeg;completed;2600fa0f-deae-4983-a9a4-a6253f0f8ad0;0c4b9136-172d-4a37-82e6-5ee810cf0fe9;2026-07-24 07:42:38.622+00;;2026-08-26 08:25:14.957+00;2026-08-26 09:46:04.842+00;เนื่องจากยังแก้ไขไม่สมบูรณ์ ยังมีรอยแตกค่ะ;2026-07-22 03:50:18.888106+00;2026-08-26 09:46:05.203562+00;แก้ไขเรียบร้อยแล้วครับ;[];135;;;;false;
222630a7-b45c-4223-87ac-6655abbface3;260828003;92dee449-f868-4805-b66c-18484187e645;755d8bf8-abaf-4e67-8c66-c04dab7755d0;4bddcd3a-5051-4595-8a09-3afe48fc8dfc;02fe1b9d-a4d6-4b7a-bc33-d466c33c137b;เมาทุย;อ่างล้างมือห้องน้ำชาย ท่อน้ำทิ้งตัน น้ำไม่ไหล/น้ำไม่ลง;;completed;6fff3037-214c-4188-8332-997730090207;0c4b9136-172d-4a37-82e6-5ee810cf0fe9;2026-08-29 01:25:34.67+00;;2026-09-04 08:02:11.401+00;2026-09-10 09:10:46.395+00;;2026-08-28 03:42:17.844855+00;2026-09-10 09:10:44.937257+00;แหย่แก้ไขแล้ว ฬส่โซดาไฟ;"[{""code"":""0401E4-00591/001"",""name"":""ผงโซดา"",""qty"":""1 ถุง""}]";357;date;2026-08-28;;false;
9ce04dbc-02c1-49bb-bdc9-3ddeda57d431;260717011;884605bc-79ae-4186-8c03-c7a927fddef2;755d8bf8-abaf-4e67-8c66-c04dab7755d0;3f463100-d4f4-4b12-a205-54cfabbdd77a;156e13a6-f108-4e01-ba16-07c8989000a2;อภิชัย;ฝ้าบริเวณหน้าห้องน้ำในไลน์ผลิตพบการผุชำรุด;;completed;6fff3037-214c-4188-8332-997730090207;0c4b9136-172d-4a37-82e6-5ee810cf0fe9;2026-07-18 07:27:14.091+00;;2026-09-01 02:04:40.375+00;2026-09-12 09:49:20.526+00;;2026-07-17 09:39:35.699379+00;2026-09-12 09:49:14.943762+00;เปลี่ยนแผ่นฝ้าให้ใหม่แทนที่​ของ​เดิม​ที่​ช​ำ​รุด​;[];120;;;;false;
190a1a3a-59ca-49b5-b987-7157cb42c8f8;260831001;8d8a3186-6bd4-42c3-9dc2-8553ce10510c;755d8bf8-abaf-4e67-8c66-c04dab7755d0;4bddcd3a-5051-4595-8a09-3afe48fc8dfc;02fe1b9d-a4d6-4b7a-bc33-d466c33c137b;มาไลย;ผนังห้องมีรอยสีลอกร่อนต้องมาสีใหม่ตรงผนังล็อกข้างนาฬิกาห้องไลน์7-11;https://xhkjaeapzuzvequgdode.supabase.co/storage/v1/object/public/repair-images/8d8a3186-6bd4-42c3-9dc2-8553ce10510c/1788146666966_IMG_1708.jpeg;completed;6fff3037-214c-4188-8332-997730090207;0c4b9136-172d-4a37-82e6-5ee810cf0fe9;2026-09-01 01:42:25.013+00;;2026-09-08 03:28:37.882+00;2026-09-08 04:32:20.403+00;;2026-08-31 03:24:31.285801+00;2026-09-08 04:32:20.793996+00;"ทาสีเก็บรอยหลุดร่อนของผนักออกให้ใหม่
ใช้งานได้ตามปกติ";[];384;date;2026-09-05;;false;
fb283cca-ee5a-461c-a107-7bf34035b78d;260806009;5a5b8e92-7aea-4790-a99a-ba47c443af3d;755d8bf8-abaf-4e67-8c66-c04dab7755d0;345306ff-af94-4a88-8959-3ef69a24ae24;e23ec708-2f30-43c7-a9b8-b770d2c4a0ff;ศกลวรรณ;แจ้งสร้างฐานรองสำหรับช่างถังแก๊สในการรับของใหม่ค่ะ เนื่องจากอันเก่าสนิมขึ้นและฐานเบี้ยว;https://xhkjaeapzuzvequgdode.supabase.co/storage/v1/object/public/repair-images/5a5b8e92-7aea-4790-a99a-ba47c443af3d/1786020514407_S__4841479_0.jpg;completed;2600fa0f-deae-4983-a9a4-a6253f0f8ad0;0c4b9136-172d-4a37-82e6-5ee810cf0fe9;2026-08-07 02:21:59.25+00;https://xhkjaeapzuzvequgdode.supabase.co/storage/v1/object/public/repair-images/2600fa0f-deae-4983-a9a4-a6253f0f8ad0/done_1787732664797_1000019037.jpg;2026-08-26 08:24:29.069+00;2026-08-29 12:29:44.264+00;;2026-08-06 12:48:33.863839+00;2026-08-29 12:29:43.651165+00;ถาดวางกิโลเสร็จแล้วครับ;[];195;date;2026-08-20;;false;
4fcd6dae-d8a6-4a53-8deb-9d003695be8b;260713004;252efc88-d4bb-4554-9d6e-8ac27631ddc6;755d8bf8-abaf-4e67-8c66-c04dab7755d0;5f88d626-bc92-4625-8fb6-10ff8cb5b655;9f07e27d-5a59-4f81-8d60-52b6003158a8;พรสวรรค์;"RD แจ้งสร้างถาดสำหรับตู้อบลมร้อนใน LAB จำนวน 4 ถาด วัสดุสแตนเลส เกรด304 (ขนาด และรายละเอียด
ถาด RD ขอส่งตัวอย่างถาดให้กับทางวิศวกรรม เพื่อไม่ให้เกิดการคาดเคลื่อนของขนาด)";https://xhkjaeapzuzvequgdode.supabase.co/storage/v1/object/public/repair-images/252efc88-d4bb-4554-9d6e-8ac27631ddc6/1783917172310_messageImage_1783917091866.jpg;completed;6fff3037-214c-4188-8332-997730090207;0c4b9136-172d-4a37-82e6-5ee810cf0fe9;2026-07-14 04:21:22.326+00;https://xhkjaeapzuzvequgdode.supabase.co/storage/v1/object/public/repair-images/6fff3037-214c-4188-8332-997730090207/done_1788343380415_169833.jpg;2026-09-02 10:03:01.263+00;2026-09-03 00:56:15.107+00;;2026-07-13 04:32:41.814029+00;2026-09-03 00:56:15.152298+00;ทำใหม่จำนวน 4ถาด;"[{""code"":""0301103-020003/001"",""name"":""ถาดตะแกรงสแตนเลส27.5*39.5 ซม."",""qty"":""4""}]";82;;;;false;
d629fb6f-ea8d-4cb4-993c-7de6c765c72f;260825004;5a5b8e92-7aea-4790-a99a-ba47c443af3d;755d8bf8-abaf-4e67-8c66-c04dab7755d0;345306ff-af94-4a88-8959-3ef69a24ae24;e23ec708-2f30-43c7-a9b8-b770d2c4a0ff;ศกลวรรณ;ปลั๊กไฟไม่มีฝาครอบค่ะ;https://xhkjaeapzuzvequgdode.supabase.co/storage/v1/object/public/repair-images/5a5b8e92-7aea-4790-a99a-ba47c443af3d/1787624741820_56.jpg;completed;6fff3037-214c-4188-8332-997730090207;0c4b9136-172d-4a37-82e6-5ee810cf0fe9;2026-08-25 04:53:05.474+00;;2026-09-03 03:17:41.423+00;2026-09-03 03:26:36.123+00;;2026-08-25 02:25:42.195241+00;2026-09-03 03:26:36.228792+00;แก้ไขปลั๊กไฟ​ให้​ใหม่​ใช้​งานได้​ตามปกติ​;[];330;date;2026-09-01;;false;
c935c4b8-3c93-472d-a08e-77d493e02d0c;260829016;521a9c93-4039-465c-8f7a-1c0137efc8ef;755d8bf8-abaf-4e67-8c66-c04dab7755d0;4bddcd3a-5051-4595-8a09-3afe48fc8dfc;02fe1b9d-a4d6-4b7a-bc33-d466c33c137b;ศศิธร;ล้างโคมไฟเบอร์ 98,81,78,69,70;;completed;6fff3037-214c-4188-8332-997730090207;0c4b9136-172d-4a37-82e6-5ee810cf0fe9;2026-09-01 01:43:08.268+00;;2026-09-08 01:56:06.994+00;2026-09-09 06:26:57.172+00;;2026-08-29 09:46:16.000654+00;2026-09-09 06:26:57.467046+00;ล้างทำโคมไฟให้ใหม่ใช้งานได้ตามปกติ;[];379;date;2026-08-31;;false;
1d338a10-8df0-4cc0-8ecc-562412aa0f49;260829006;8d8a3186-6bd4-42c3-9dc2-8553ce10510c;dd98b2b3-c0ed-48b6-b3f4-139b89c539c7;b93b4434-5fe8-41c2-ba79-67512c3c1ad8;1c153d8e-28bc-4392-bf04-40652b990369;มาไลย;ทำตัวล็อกเก็บท่อใส่รีดลมซองเพราะต้องใช้รีดอย่างอื่นด้วย;;completed;22275234-5a63-4e64-bdd4-07ec11241b46;9b15b405-4695-46a4-b384-ee5feb992a7c;2026-08-29 08:02:08.178+00;;2026-09-04 03:56:54.263+00;2026-09-04 06:21:26.962+00;;2026-08-29 06:20:14.027889+00;2026-09-04 06:21:27.165112+00;ทำตัวกั้น;[];370;date;2026-09-01;;false;
b2d2b78c-79f8-476c-87a4-50939f5985bc;260826003;92dee449-f868-4805-b66c-18484187e645;755d8bf8-abaf-4e67-8c66-c04dab7755d0;4bddcd3a-5051-4595-8a09-3afe48fc8dfc;02fe1b9d-a4d6-4b7a-bc33-d466c33c137b;เมาทุย;ใส่ล้อกันสนิมราวตากผ้า ของแม่บ้าน;https://xhkjaeapzuzvequgdode.supabase.co/storage/v1/object/public/repair-images/92dee449-f868-4805-b66c-18484187e645/1787726261248_02.jpg;completed;2600fa0f-deae-4983-a9a4-a6253f0f8ad0;0c4b9136-172d-4a37-82e6-5ee810cf0fe9;2026-08-29 01:27:40.558+00;https://xhkjaeapzuzvequgdode.supabase.co/storage/v1/object/public/repair-images/2600fa0f-deae-4983-a9a4-a6253f0f8ad0/done_1788164969053_1000019422.jpg;2026-08-31 08:29:34.189+00;2026-09-10 09:08:06.275+00;;2026-08-26 06:37:41.26091+00;2026-09-10 09:08:04.907779+00;ราวตากผ้าเสร็จแล้วครับ;[];345;date;2026-08-28;;false;
15fcaf66-de6f-4f8c-a3fe-98f0af27e7d5;260915007;26ab14fe-f8cc-4dfa-b1c3-a8c1416320d5;dd98b2b3-c0ed-48b6-b3f4-139b89c539c7;7110c454-c2ce-46e0-ad17-5c590abf8361;290d41b4-211b-4f38-9aec-dceed7b7884a;มนชิตา;ช่างเข้ามา PM มีการเปลี่ยนหลอดไฟ / ไลน์มือบรรจุส่งออก;;completed;bd10cd0f-07af-4f58-87d9-595a76cd55f5;9b15b405-4695-46a4-b384-ee5feb992a7c;2026-09-15 03:58:11.446+00;;2026-09-15 04:49:33.37+00;2026-09-15 06:28:13.124+00;;2026-09-15 02:53:53.704369+00;2026-09-15 06:28:13.320893+00;เปลี่ยนหลอดไฟสัญญาณ;"[{""code"":""0401E7-00351/003"",""name"":""หลอดไฟสัญญาณรุ่น AD16-16E Ø16 220V  สีเขียว"",""qty"":""2 หลอด""}]";479;date;2026-09-17;;false;
7fe9995d-aa10-4f9e-b5b5-82f70744c663;260826002;26ab14fe-f8cc-4dfa-b1c3-a8c1416320d5;dd98b2b3-c0ed-48b6-b3f4-139b89c539c7;60fdb7f3-75ed-46f3-8c68-76cea1818c8c;5acd961a-72e3-4aad-9298-ccb61b5de76c;มนชิตา;ปืนยิงกาวไลน์มือเบอร์ 47 ไลน์มือบรรจุส่งออก พบปัญหากาวร้อนแต่ยิงไม่ออก;https://xhkjaeapzuzvequgdode.supabase.co/storage/v1/object/public/repair-images/26ab14fe-f8cc-4dfa-b1c3-a8c1416320d5/1787724874874_IMG_1437.jpeg;completed;aee8cef8-8534-459f-94b8-9de40933bee7;9b15b405-4695-46a4-b384-ee5feb992a7c;2026-08-28 06:06:48.775+00;https://xhkjaeapzuzvequgdode.supabase.co/storage/v1/object/public/repair-images/aee8cef8-8534-459f-94b8-9de40933bee7/done_1788141555308_1000051911.jpg;2026-08-31 01:59:16.647+00;2026-09-02 07:34:22.093+00;;2026-08-26 06:14:37.571304+00;2026-09-02 07:34:21.985208+00;ปืนกาวไม่มีอาการผิดปกติ;[];344;date;2026-09-01;;false;
a559d77e-5688-4abf-9bce-8f6f514164a5;260827002;b84cdf82-1dd9-4d41-96a9-979f3b625fe3;755d8bf8-abaf-4e67-8c66-c04dab7755d0;3f463100-d4f4-4b12-a205-54cfabbdd77a;156e13a6-f108-4e01-ba16-07c8989000a2;ศศิภา;หลอดไฟเบอร์19 ไม่ติด 1หลอด;;completed;2600fa0f-deae-4983-a9a4-a6253f0f8ad0;0c4b9136-172d-4a37-82e6-5ee810cf0fe9;2026-08-29 01:27:02.326+00;https://xhkjaeapzuzvequgdode.supabase.co/storage/v1/object/public/repair-images/2600fa0f-deae-4983-a9a4-a6253f0f8ad0/done_1788771453145_1000020262.jpg;2026-09-07 08:57:35.414+00;2026-09-08 02:13:07.622+00;;2026-08-27 02:06:59.360612+00;2026-09-08 02:13:08.056654+00;เปลี่ยนเสร็จแล้วครับ 19 หลอดไฟ;"[{""code"":""0401E6-00013"",""name"":""หลอดยาวครับ"",""qty"":""1""}]";347;date;2026-08-27;;false;
7fe905b5-81e5-44ef-8cb8-69d2927ae982;260824008;a364e18d-2359-42b5-bea7-f3538481f114;dd98b2b3-c0ed-48b6-b3f4-139b89c539c7;7b7b3967-29cd-4097-8020-01b6e2d82209;b9821b93-0df6-4f79-a4f8-588147aa3146;ตะวัน;ต้องการแผ่นกั้นตรงมุมสายผานเพื่อช่วยไม่ให้ซองขนมตกลงพื้นได้(แบบถอดออกและปรับเลื่อนตำแหน่งได้);https://xhkjaeapzuzvequgdode.supabase.co/storage/v1/object/public/repair-images/a364e18d-2359-42b5-bea7-f3538481f114/1787561952540_Con-18...jpg;completed;bd10cd0f-07af-4f58-87d9-595a76cd55f5;9b15b405-4695-46a4-b384-ee5feb992a7c;2026-08-26 02:38:59.958+00;;2026-09-01 09:31:00.725+00;2026-09-02 08:31:46.638+00;;2026-08-24 08:54:51.134541+00;2026-09-02 08:31:44.509496+00;ทำแผ่นกั้นขนมบนสายพาน;[];320;date;2026-08-28;;false;
7bb5497c-523c-4f09-b58a-707b4c034fdc;260901011;e3a953a0-5f12-47fe-8c19-d0dabc13076a;755d8bf8-abaf-4e67-8c66-c04dab7755d0;345306ff-af94-4a88-8959-3ef69a24ae24;e23ec708-2f30-43c7-a9b8-b770d2c4a0ff;สำราญ;ม่านสั้น;https://xhkjaeapzuzvequgdode.supabase.co/storage/v1/object/public/repair-images/e3a953a0-5f12-47fe-8c19-d0dabc13076a/1788265455982_8889.jpg;completed;2600fa0f-deae-4983-a9a4-a6253f0f8ad0;0c4b9136-172d-4a37-82e6-5ee810cf0fe9;2026-09-02 01:25:05.983+00;https://xhkjaeapzuzvequgdode.supabase.co/storage/v1/object/public/repair-images/2600fa0f-deae-4983-a9a4-a6253f0f8ad0/done_1788492170048_1000019963.jpg;2026-09-04 03:22:51.674+00;2026-09-14 06:34:17.246+00;;2026-09-01 12:24:17.601899+00;2026-09-14 06:34:17.190283+00;เสร็จแล้วครับม่านครับ;[];397;date;2026-09-01;;false;
0562a1ea-d82d-47e8-8242-5ce15c542172;260825003;5a5b8e92-7aea-4790-a99a-ba47c443af3d;755d8bf8-abaf-4e67-8c66-c04dab7755d0;345306ff-af94-4a88-8959-3ef69a24ae24;e23ec708-2f30-43c7-a9b8-b770d2c4a0ff;ศกลวรรณ;ล้อรถเข็นสโตร์ฝั่งห้องเครื่อง;https://xhkjaeapzuzvequgdode.supabase.co/storage/v1/object/public/repair-images/5a5b8e92-7aea-4790-a99a-ba47c443af3d/1787622312653_98.jpg;completed;2600fa0f-deae-4983-a9a4-a6253f0f8ad0;0c4b9136-172d-4a37-82e6-5ee810cf0fe9;2026-08-25 02:06:38.08+00;;2026-08-25 07:10:12.635+00;2026-08-31 04:51:02.447+00;;2026-08-25 01:45:13.021879+00;2026-08-31 04:51:02.539786+00;เปลี่ยนล้อ;"[{""code"":""0401E4-00068/012"",""name"":""ล้อขนาด 3นิ้ว"",""qty"":""4 ล้อ""}]";327;date;2026-09-01;;false;
a2cd5756-37c6-419c-8015-c68f3b76e9e6;260902016;a364e18d-2359-42b5-bea7-f3538481f114;dd98b2b3-c0ed-48b6-b3f4-139b89c539c7;cee4bac9-45b4-4d53-9b29-1d4c115720eb;e17e7d9f-da74-4fa7-985c-9142e771499d;ตะวัน;เครื่องพิมพ์วันที่/โค้ดพบปัญหาเครื่องAlarm ต่อเนื่อง;;in_progress;aee8cef8-8534-459f-94b8-9de40933bee7;9b15b405-4695-46a4-b384-ee5feb992a7c;2026-09-03 01:21:39.755+00;;;;;2026-09-02 10:03:52.333074+00;2026-09-03 01:21:39.836774+00;;[];414;date;2026-09-02;;false;
92de0abc-6225-4b97-b44c-31f694d0a311;260901004;5a5b8e92-7aea-4790-a99a-ba47c443af3d;755d8bf8-abaf-4e67-8c66-c04dab7755d0;345306ff-af94-4a88-8959-3ef69a24ae24;e23ec708-2f30-43c7-a9b8-b770d2c4a0ff;ศกลวรรณ;ประตูตู้เย็นหลุดค่ะ;https://xhkjaeapzuzvequgdode.supabase.co/storage/v1/object/public/repair-images/5a5b8e92-7aea-4790-a99a-ba47c443af3d/1788244915234_S__89825309.jpg;completed;6fff3037-214c-4188-8332-997730090207;0c4b9136-172d-4a37-82e6-5ee810cf0fe9;2026-09-01 06:44:45.958+00;;2026-09-03 02:23:25.929+00;2026-09-03 03:16:52.75+00;;2026-09-01 06:41:55.387906+00;2026-09-03 03:16:52.907497+00;แก้ไขติดตั้งประตูกลับต่ำแหน่งเดิม;[];390;date;2026-09-05;;false;
b741de31-d3af-4ea6-bbf4-ffce89e25f84;260827009;5a5b8e92-7aea-4790-a99a-ba47c443af3d;755d8bf8-abaf-4e67-8c66-c04dab7755d0;345306ff-af94-4a88-8959-3ef69a24ae24;e23ec708-2f30-43c7-a9b8-b770d2c4a0ff;ศกลวรรณ;"ทาสีหลังคาลานโหลด ฝั่งผลิตค่ะ 
** ขอก่อนวันที่ 4/9/26 ** เนื่องจากมีลูกค้ามาค่ะ";;completed;6fff3037-214c-4188-8332-997730090207;0c4b9136-172d-4a37-82e6-5ee810cf0fe9;2026-08-29 01:25:59.478+00;;2026-09-03 02:26:44.241+00;2026-09-03 03:26:32.443+00;;2026-08-27 07:28:32.140664+00;2026-09-03 03:26:32.53178+00;ทำการทาสีให้ใหม่ตามผู้แจ้งขอ;[];353;date;2026-08-31;;false;
8ab60e1d-fe76-4c28-853b-48bf99840dea;260817001;5a5b8e92-7aea-4790-a99a-ba47c443af3d;755d8bf8-abaf-4e67-8c66-c04dab7755d0;345306ff-af94-4a88-8959-3ef69a24ae24;e23ec708-2f30-43c7-a9b8-b770d2c4a0ff;ศกลวรรณ;ทาสีผนักสโตร์ บริเวณหลังเครื่องเครื่องบดน้ำตาล 1 ล็อค;https://xhkjaeapzuzvequgdode.supabase.co/storage/v1/object/public/repair-images/5a5b8e92-7aea-4790-a99a-ba47c443af3d/1786936999902_554.jpg;completed;2600fa0f-deae-4983-a9a4-a6253f0f8ad0;0c4b9136-172d-4a37-82e6-5ee810cf0fe9;2026-08-17 06:22:07.892+00;;2026-08-18 03:53:59.084+00;2026-09-03 03:26:39.395+00;;2026-08-17 03:23:20.853335+00;2026-09-03 03:26:39.491186+00;ทาสีเก็บตามจุดต่างๆเรียบร้อย;[];264;date;2026-08-24;;false;
a30e272f-67c2-4d6d-96b1-54377d53c3e3;260829019;03a0cf66-b2be-46e7-b821-283251c576f8;755d8bf8-abaf-4e67-8c66-c04dab7755d0;ed438e9e-f1f6-424c-9024-b0f86509d249;749967f5-c6e1-4141-90c0-400505c5dd2a;วัชราภรณ์;แจ้งขอทำกันชนในห้องควบคุมอุณหภูมิ เบอร์1-3-4;https://xhkjaeapzuzvequgdode.supabase.co/storage/v1/object/public/repair-images/03a0cf66-b2be-46e7-b821-283251c576f8/1787997303170_Screenshot%202026-08-29%20165348.png;in_progress;6fff3037-214c-4188-8332-997730090207;0c4b9136-172d-4a37-82e6-5ee810cf0fe9;2026-09-01 01:42:53.565+00;;;;;2026-08-29 09:55:03.663925+00;2026-09-01 01:42:53.630871+00;;[];382;date;2026-08-31;;false;
b1c6a0d7-37dc-4fbe-8c89-37c81fece3c6;260829007;8d8a3186-6bd4-42c3-9dc2-8553ce10510c;dd98b2b3-c0ed-48b6-b3f4-139b89c539c7;b93b4434-5fe8-41c2-ba79-67512c3c1ad8;64e9cfe9-a575-4977-bc17-bac961b7e22d;มาไลย;ทำตัวล็อกเก็บท่อใส่ลมรีดซองเพราะต้องใช้รีอย่างอื่นด้วย;https://xhkjaeapzuzvequgdode.supabase.co/storage/v1/object/public/repair-images/8d8a3186-6bd4-42c3-9dc2-8553ce10510c/1787984523870_IMG_1702.jpeg;completed;bd10cd0f-07af-4f58-87d9-595a76cd55f5;9b15b405-4695-46a4-b384-ee5feb992a7c;2026-08-29 08:02:48.24+00;;2026-08-31 08:57:43.769+00;2026-09-01 03:28:19.076+00;;2026-08-29 06:22:05.960076+00;2026-09-01 03:28:19.190305+00;ดันตัวล็อก ขาวาวปิดเปิดลม ไนโตรเจน เข้าในเครื่อง;[];371;date;2026-09-01;;false;
a5db6c95-dc33-4d99-bd88-b3a40205f690;260827001;8d8a3186-6bd4-42c3-9dc2-8553ce10510c;755d8bf8-abaf-4e67-8c66-c04dab7755d0;4bddcd3a-5051-4595-8a09-3afe48fc8dfc;02fe1b9d-a4d6-4b7a-bc33-d466c33c137b;มาไลย;ช่วยปิดรูตรงผนังตรงที่ประตูเลื่อนเปิด-ปิดออกไปข้างนอกสโตร์;https://xhkjaeapzuzvequgdode.supabase.co/storage/v1/object/public/repair-images/8d8a3186-6bd4-42c3-9dc2-8553ce10510c/1787794257598_IMG_1691.jpeg;completed;2600fa0f-deae-4983-a9a4-a6253f0f8ad0;0c4b9136-172d-4a37-82e6-5ee810cf0fe9;2026-08-29 01:27:30.67+00;https://xhkjaeapzuzvequgdode.supabase.co/storage/v1/object/public/repair-images/2600fa0f-deae-4983-a9a4-a6253f0f8ad0/done_1788146515420_1000019410.jpg;2026-08-31 03:21:59.402+00;2026-09-01 03:36:39.033+00;;2026-08-27 01:31:02.510199+00;2026-09-01 03:36:39.280973+00;อุดรูเสร็จแล้วครับ;"[{""code"":""0401E4-00612/008"",""name"":""ปูนฉาบสีขาวผนัง"",""qty"":""1""}]";362;date;2026-08-29;;false;
98418f0a-fb1a-4d6c-981e-1a9de8df171c;260722007;a364e18d-2359-42b5-bea7-f3538481f114;755d8bf8-abaf-4e67-8c66-c04dab7755d0;4bddcd3a-5051-4595-8a09-3afe48fc8dfc;02fe1b9d-a4d6-4b7a-bc33-d466c33c137b;ตะวัน;ต้องการที่วางเครื่องชั่งน้ำหนักตัวเล็ก 1.4กก จำนวน 1 ตัวใช้สำหรับเครื่องแนวตั้งห้อง4(แบบตัวกาวที่มีอยู่แล้วในห้อง 2 );https://xhkjaeapzuzvequgdode.supabase.co/storage/v1/object/public/repair-images/a364e18d-2359-42b5-bea7-f3538481f114/1784711145709_05.jpg;completed;6fff3037-214c-4188-8332-997730090207;0c4b9136-172d-4a37-82e6-5ee810cf0fe9;2026-07-25 08:45:15.611+00;;2026-08-19 01:20:50.032+00;2026-08-24 10:43:20.958+00;;2026-07-22 09:05:43.708897+00;2026-08-24 10:43:21.009502+00;จัดทำที่วางเครื่องชั่งให้ใหม่ตามประสงค์​ผู้​แจ้ง​ขอ;"[{""code"":""0401E4-00146\t004"",""name"":""\""ยางรองขาโต๊ะสี่เหลี่ยม 1\""\""\"""",""qty"":""4""}]";140;date;2026-07-28;;false;
30679445-a303-4d90-b531-e7dcd0424a52;260814005;a364e18d-2359-42b5-bea7-f3538481f114;dd98b2b3-c0ed-48b6-b3f4-139b89c539c7;cee4bac9-45b4-4d53-9b29-1d4c115720eb;38b273a1-5caa-446a-939f-0e7cd4de0b03;ตะวัน;กรวยที่ใช้กับ Bag Former 320 ต้องการให้ยาวกว่าเดิม(ตามความเหมาะสม)  เนื่องจากระหว่างเครื่องตรวจจับโลหะกับกรวยมีช่องว่างค่อนข้างมากเลยทำให้ระหว่างขนมลงBagบางจังหวะมีขนมบางส่วนกระเด็นออกจากกรวยทำให้น้ำหนักไม่ครบหลุดไป;https://xhkjaeapzuzvequgdode.supabase.co/storage/v1/object/public/repair-images/a364e18d-2359-42b5-bea7-f3538481f114/1786690623308_SP01.jpg;completed;bd10cd0f-07af-4f58-87d9-595a76cd55f5;9b15b405-4695-46a4-b384-ee5feb992a7c;2026-08-14 07:16:24.81+00;;2026-08-20 04:34:59.224+00;2026-08-24 10:43:28.134+00;;2026-08-14 06:57:02.336103+00;2026-08-24 10:43:28.199351+00;นำแผ่นสแตนเลสมาม้วนทำกรวยใหม่;[];237;date;2026-08-17;;false;
7f3b7d19-41d8-42e2-98a6-6b249ae0bbd6;260818014;a364e18d-2359-42b5-bea7-f3538481f114;dd98b2b3-c0ed-48b6-b3f4-139b89c539c7;6a73ba57-b80f-44cf-abf2-26a628226b4f;6669b11e-9040-4ded-aaa2-98758981ceab;ตะวัน;ต้องการติดตั้งPower Plugหนึ่งตัวตรงขาด้านหน้าเพื่อใช้เชื่อมต่อกับสายพานแนวราบ;https://xhkjaeapzuzvequgdode.supabase.co/storage/v1/object/public/repair-images/a364e18d-2359-42b5-bea7-f3538481f114/1787042133661_Power-Plug%2007.jpg;completed;22275234-5a63-4e64-bdd4-07ec11241b46;9b15b405-4695-46a4-b384-ee5feb992a7c;2026-08-19 01:34:24.426+00;https://xhkjaeapzuzvequgdode.supabase.co/storage/v1/object/public/repair-images/22275234-5a63-4e64-bdd4-07ec11241b46/done_1788224524312_1000014849.jpg;2026-09-01 01:02:11.695+00;2026-09-01 07:33:25.078+00;;2026-08-18 08:35:32.852914+00;2026-09-01 07:33:23.3828+00;ติดตั้งปลั๊กเพาเวอร์;[];284;date;2026-08-28;;false;
29413c77-75f7-4ff2-852a-59599ebd9513;260831002;078c2603-66f6-46f6-b7e5-94af440dc6c7;755d8bf8-abaf-4e67-8c66-c04dab7755d0;bf714b82-b7ad-451b-86ce-c9395469f118;4491c361-12cd-4866-af5c-dabb85beb27a;ชานน;ไม่เย็น;;completed;6fff3037-214c-4188-8332-997730090207;0c4b9136-172d-4a37-82e6-5ee810cf0fe9;2026-09-01 01:42:20.413+00;;2026-09-04 07:57:44.928+00;2026-09-04 09:18:52.019+00;;2026-08-31 04:59:18.787665+00;2026-09-04 09:18:52.260996+00;แก้ไขวาววล์ ศร;"[{""code"":""0401E4-00348/001"",""name"":""นำ้ยาR22"",""qty"":""60 ปอนด์""}]";385;date;2026-08-31;;false;
918131cb-beef-462a-8086-13d5bb31a7b7;260824011;a364e18d-2359-42b5-bea7-f3538481f114;755d8bf8-abaf-4e67-8c66-c04dab7755d0;4bddcd3a-5051-4595-8a09-3afe48fc8dfc;02fe1b9d-a4d6-4b7a-bc33-d466c33c137b;ตะวัน;"ต้องการติดตั้งไฟฉุกเฉินห้องเครื่องแนวตั้งห้อง 2 
-ตรงมุมสายพานระหว่างห้อง  2กับ 3 จำนวน 1 ดวง";https://xhkjaeapzuzvequgdode.supabase.co/storage/v1/object/public/repair-images/a364e18d-2359-42b5-bea7-f3538481f114/1787562734350_Fire-Aum-Between%20Room%202%20&3.jpg;waiting_parts;6fff3037-214c-4188-8332-997730090207;0c4b9136-172d-4a37-82e6-5ee810cf0fe9;2026-08-25 02:06:59.761+00;;;;;2026-08-24 09:12:11.043763+00;2026-09-08 08:46:21.571708+00;;[];323;date;2026-08-28;;false;
e2e72150-8324-4076-899f-ee0a832160c2;260824010;a364e18d-2359-42b5-bea7-f3538481f114;755d8bf8-abaf-4e67-8c66-c04dab7755d0;4bddcd3a-5051-4595-8a09-3afe48fc8dfc;02fe1b9d-a4d6-4b7a-bc33-d466c33c137b;ตะวัน;"ต้องการติดตั้งไฟฉุกเฉินห้องเครื่องแนวตั้งห้อง 2 
-ตรงจุด Hopper 2B จำนวน1 ดวง";https://xhkjaeapzuzvequgdode.supabase.co/storage/v1/object/public/repair-images/a364e18d-2359-42b5-bea7-f3538481f114/1787562522981_Fire-Aum-2B.jpg;waiting_parts;6fff3037-214c-4188-8332-997730090207;0c4b9136-172d-4a37-82e6-5ee810cf0fe9;2026-08-25 02:07:04.736+00;;;;;2026-08-24 09:08:43.334982+00;2026-09-08 08:46:35.27068+00;;[];322;date;2026-08-28;;false;
fb87a865-1e39-4a1c-bebf-64c2686c0c85;260903002;521a9c93-4039-465c-8f7a-1c0137efc8ef;dd98b2b3-c0ed-48b6-b3f4-139b89c539c7;b93b4434-5fe8-41c2-ba79-67512c3c1ad8;e1bda2a5-9f2e-4ada-ad54-2e14d6fccae5;ศศิธร;ไม่ร้อน;;completed;bd10cd0f-07af-4f58-87d9-595a76cd55f5;9b15b405-4695-46a4-b384-ee5feb992a7c;2026-09-03 03:38:24.863+00;;2026-09-05 02:56:46.911+00;2026-09-09 06:26:13.557+00;;2026-09-03 01:45:42.483764+00;2026-09-09 06:26:13.832414+00;ฮิตเตอร์ขาด เปลี่ยนตัวใหม่;"[{""code"":""0401E8-00436/008"",""name"":""HSW-25*152-110V-300W"",""qty"":""2""}]";420;date;2026-09-03;;false;
d500d55a-16c4-4f48-a3f3-cd321dcac20b;260829020;5a5b8e92-7aea-4790-a99a-ba47c443af3d;755d8bf8-abaf-4e67-8c66-c04dab7755d0;345306ff-af94-4a88-8959-3ef69a24ae24;e23ec708-2f30-43c7-a9b8-b770d2c4a0ff;ศกลวรรณ;ป้ายคิวอาร์โค้ดใบแจ้งซ่อมไม่ชัดค่ะ;https://xhkjaeapzuzvequgdode.supabase.co/storage/v1/object/public/repair-images/5a5b8e92-7aea-4790-a99a-ba47c443af3d/1788002116317_S__33497129.jpg;in_progress;6fff3037-214c-4188-8332-997730090207;0c4b9136-172d-4a37-82e6-5ee810cf0fe9;2026-09-01 01:42:47.413+00;;;;;2026-08-29 11:15:16.40771+00;2026-09-01 01:42:49.852392+00;;[];386;date;2026-09-01;;false;
948c1d20-7308-4af6-be0c-a0b7b8139c68;260824003;8137c5d0-65e4-461a-b094-5c5f0dbbed04;755d8bf8-abaf-4e67-8c66-c04dab7755d0;a3e64439-c1fa-4645-b93a-2880d8809946;7b8db7fc-3d09-4ec3-85c3-1e1d2d5aa664;กาญจนา;ที่ตากผ้าของแม่บ้านออฟฟิศเหล็กเชื่อมขาราวตากหลุด;https://xhkjaeapzuzvequgdode.supabase.co/storage/v1/object/public/repair-images/8137c5d0-65e4-461a-b094-5c5f0dbbed04/1787543042829_482957.jpg;completed;6fff3037-214c-4188-8332-997730090207;0c4b9136-172d-4a37-82e6-5ee810cf0fe9;2026-08-25 02:07:17.656+00;;2026-08-25 02:33:51.896+00;2026-08-25 04:41:20.417+00;;2026-08-24 03:44:03.417849+00;2026-08-25 04:41:20.61113+00;แก้ไขเชื่อมเสริมความแข็ง​แรง​ให้ใหม่ใช้​งานได้​ตามปกติ​;[];315;date;2026-08-28;2026-09-03 03:44:03.268+00;false;
1c4aff88-70f5-46ef-8b03-a475a5bff0d3;260902017;a364e18d-2359-42b5-bea7-f3538481f114;755d8bf8-abaf-4e67-8c66-c04dab7755d0;4bddcd3a-5051-4595-8a09-3afe48fc8dfc;02fe1b9d-a4d6-4b7a-bc33-d466c33c137b;ตะวัน;ผ้าม่านกั้นระหว่างเครื่อง SP03 กับไลน์ 7-11 ต้องการมีระยะห่างเนื่องจากระหว่างเครื่องกับม่านไม่มีระยะห่างเลยทำให้ม่าน โดนสัมผัสม้วนฟิล์มตลอดเวลาเลยเสี่ยงต่อการปนเปื้อนกับผลิตภัณฑ์;https://xhkjaeapzuzvequgdode.supabase.co/storage/v1/object/public/repair-images/a364e18d-2359-42b5-bea7-f3538481f114/1788344278792_Between.jpg;in_progress;6fff3037-214c-4188-8332-997730090207;0c4b9136-172d-4a37-82e6-5ee810cf0fe9;2026-09-04 07:19:52.762+00;;;;;2026-09-02 10:17:57.753756+00;2026-09-04 07:19:52.922605+00;;[];415;date;2026-09-03;;false;
d5ad8722-7fd8-4b16-96a3-d7af67dbd911;260827007;5a5b8e92-7aea-4790-a99a-ba47c443af3d;755d8bf8-abaf-4e67-8c66-c04dab7755d0;345306ff-af94-4a88-8959-3ef69a24ae24;e23ec708-2f30-43c7-a9b8-b770d2c4a0ff;ศกลวรรณ;แก้ไขสายรัดถุงของเครื่องบดทั้ง 2 เครื่อง และเครื่องซีซันนิ่ง เนื่องจากแบบเก่าไม่ได้มาตรฐานค่ะ;https://xhkjaeapzuzvequgdode.supabase.co/storage/v1/object/public/repair-images/5a5b8e92-7aea-4790-a99a-ba47c443af3d/1787805118561_S__5660692.jpg;in_progress;6fff3037-214c-4188-8332-997730090207;0c4b9136-172d-4a37-82e6-5ee810cf0fe9;2026-08-29 01:26:07.214+00;;;;;2026-08-27 04:31:59.557664+00;2026-08-29 01:26:07.296524+00;;[];351;date;2026-09-04;;false;
c460bb73-6868-446c-abc4-db6000dae23b;260829008;8d8a3186-6bd4-42c3-9dc2-8553ce10510c;dd98b2b3-c0ed-48b6-b3f4-139b89c539c7;b93b4434-5fe8-41c2-ba79-67512c3c1ad8;943be9ee-ec5a-4b6d-9c34-767cee4bf83c;มาไลย;ทำตัวล็อกเก็บท่อใส่รีดลมซองเพราะต้องใช้เครื่องรีดอย่างอื่นด้วย;https://xhkjaeapzuzvequgdode.supabase.co/storage/v1/object/public/repair-images/8d8a3186-6bd4-42c3-9dc2-8553ce10510c/1787984656920_IMG_1702.jpeg;completed;bd10cd0f-07af-4f58-87d9-595a76cd55f5;9b15b405-4695-46a4-b384-ee5feb992a7c;2026-08-29 08:03:38.641+00;;2026-08-31 08:57:27.067+00;2026-09-01 03:28:10.66+00;;2026-08-29 06:24:18.7736+00;2026-09-01 03:28:10.7655+00;ดันตัวล็อก ขาวาวปิดเปิดลม ไนโตรเจน เข้าในเครื่อง;[];372;date;2026-09-01;;false;
5b4ee6f3-8b6f-4e81-bdae-e10860d41687;260902001;b84cdf82-1dd9-4d41-96a9-979f3b625fe3;72e122e2-76e3-44aa-a586-0a3f86291d77;3f463100-d4f4-4b12-a205-54cfabbdd77a;2b68f5fc-ad53-4ab2-b06f-1c0d5edca1ef;ศศิภา;ปลั๊กพ่วงชำรุด;;completed;d115f163-f902-496c-9630-73dee8d85e47;618867a9-9f7c-4e77-96cd-3c6be6f2a0ac;2026-09-02 01:24:31.847+00;;2026-09-02 02:35:25.095+00;2026-09-04 09:56:47.321+00;;2026-09-02 01:16:21.449126+00;2026-09-04 09:56:46.864495+00;ปลั๊กตัวผู้ชำรุด;"[{""code"":""0401E4-00026/001"",""name"":""ปลั๊กตัวผู้แบบยาง 3 ขา"",""qty"":""1 ตัว""}]";398;date;2026-09-02;;false;
0bba8155-be58-4046-aea6-f8c0c8146902;260910007;92dee449-f868-4805-b66c-18484187e645;755d8bf8-abaf-4e67-8c66-c04dab7755d0;4bddcd3a-5051-4595-8a09-3afe48fc8dfc;02fe1b9d-a4d6-4b7a-bc33-d466c33c137b;เมาทุย;"เพิ่มจุดวางสารเคมี ลานซักล้าง แผนกบรรจุและเวเฟอร์ และลานซักล้างฝ่ายผลิต
1ชั้น โดยไม่หางจากเดิม3เมตรหรือให้มาสอบถามก่อนดำเนินกายยครับ";;in_progress;2600fa0f-deae-4983-a9a4-a6253f0f8ad0;0c4b9136-172d-4a37-82e6-5ee810cf0fe9;2026-09-11 01:24:20.798+00;;;;;2026-09-10 09:27:35.433123+00;2026-09-11 01:24:19.660137+00;;[];452;date;2026-09-14;;false;
39b18e5f-4c79-4f94-9220-c2d7ea1222f9;260819002;e3a953a0-5f12-47fe-8c19-d0dabc13076a;72e122e2-76e3-44aa-a586-0a3f86291d77;32ef7fab-ec72-4e78-8d94-67669bb1e558;cf769a71-f4f1-46e4-a974-b0c62938d6f0;สำราญ;ซิลิโคนขาดชิ้นส่วนอยู่ครบ;https://xhkjaeapzuzvequgdode.supabase.co/storage/v1/object/public/repair-images/e3a953a0-5f12-47fe-8c19-d0dabc13076a/1787104184892_8672.heic;completed;14a61d91-95ef-411a-b313-dae02e0f86a9;618867a9-9f7c-4e77-96cd-3c6be6f2a0ac;2026-08-20 03:50:16.127+00;;2026-08-21 08:40:30.26+00;2026-08-31 05:05:25.058+00;;2026-08-19 01:49:46.354363+00;2026-08-31 05:05:24.97077+00;เปลี่ยนซิลิโคนเส้นใหม่ ด้านเส้นใหญ่สำหรับปิดหน้าเครื่องบด;[];290;date;2026-08-19;;false;
47021de5-5b7a-42b3-a648-bc580e249731;260829015;a364e18d-2359-42b5-bea7-f3538481f114;755d8bf8-abaf-4e67-8c66-c04dab7755d0;4bddcd3a-5051-4595-8a09-3afe48fc8dfc;02fe1b9d-a4d6-4b7a-bc33-d466c33c137b;ตะวัน;กระจกกั้นห้องเครื่องแนวตั้งตรงบริเวณเครื่อง2Bฟิล์มติดกระจกลอกออก (แก้ได้หลังจบงาน);https://xhkjaeapzuzvequgdode.supabase.co/storage/v1/object/public/repair-images/a364e18d-2359-42b5-bea7-f3538481f114/1786693470458_Marror.jpg;awaiting_review;2600fa0f-deae-4983-a9a4-a6253f0f8ad0;0c4b9136-172d-4a37-82e6-5ee810cf0fe9;2026-09-02 01:25:40.271+00;https://xhkjaeapzuzvequgdode.supabase.co/storage/v1/object/public/repair-images/2600fa0f-deae-4983-a9a4-a6253f0f8ad0/done_1788336262805_1000019655.jpg;2026-09-02 08:04:24.385+00;;;2026-08-29 06:45:49.61409+00;2026-09-02 08:04:24.461762+00;เสร็จแล้วครับ;[];399;date;2026-09-02;2026-09-08 06:45:49.412+00;false;
92781983-097e-4866-8c8a-a4aea750ad03;260828004;8137c5d0-65e4-461a-b094-5c5f0dbbed04;755d8bf8-abaf-4e67-8c66-c04dab7755d0;a3e64439-c1fa-4645-b93a-2880d8809946;7b8db7fc-3d09-4ec3-85c3-1e1d2d5aa664;กาญจนา;เครื่องคิดเลขคุณอ้อ(บัญชี) กดไม่ได้;https://xhkjaeapzuzvequgdode.supabase.co/storage/v1/object/public/repair-images/8137c5d0-65e4-461a-b094-5c5f0dbbed04/1787905806178_488083.jpg;completed;6fff3037-214c-4188-8332-997730090207;0c4b9136-172d-4a37-82e6-5ee810cf0fe9;2026-08-29 01:25:25.622+00;;2026-09-03 02:26:06.012+00;2026-09-03 02:51:46.199+00;;2026-08-28 08:30:06.678168+00;2026-09-03 02:51:46.282282+00;แก้ไขทำความสะอาด​ภายในบอร์ด​ปุ่มกดใช้งาน​ตาม​ปกติ​;[];361;date;2026-09-04;2026-09-07 08:30:06.536+00;false;
c579d127-4db2-48d0-8944-6bd95fec3ab5;260902018;a364e18d-2359-42b5-bea7-f3538481f114;dd98b2b3-c0ed-48b6-b3f4-139b89c539c7;cee4bac9-45b4-4d53-9b29-1d4c115720eb;48162317-9d54-451b-a74d-1ec29ff2ab6d;ตะวัน;สายไฟตรง Hopper ชำรุด;https://xhkjaeapzuzvequgdode.supabase.co/storage/v1/object/public/repair-images/a364e18d-2359-42b5-bea7-f3538481f114/1788344421561_Hopper03.jpg;completed;aee8cef8-8534-459f-94b8-9de40933bee7;9b15b405-4695-46a4-b384-ee5feb992a7c;2026-09-03 01:22:43.926+00;https://xhkjaeapzuzvequgdode.supabase.co/storage/v1/object/public/repair-images/aee8cef8-8534-459f-94b8-9de40933bee7/done_1788401996732_1000052144.jpg;2026-09-03 02:19:59.601+00;2026-09-03 09:16:50.791+00;;2026-09-02 10:20:19.934357+00;2026-09-03 09:16:48.64212+00;ตัดท่อเฟร็กที่ขาดออกแล้วพันเทปใหม่;[];418;date;2026-09-03;;false;
211b9c81-1313-4a44-adf4-6a6b871d7537;260805003;48700aa2-591f-4725-85ce-be044298c6be;72e122e2-76e3-44aa-a586-0a3f86291d77;d6968cf7-550a-4991-bad4-638935a88c22;0478cc79-34cd-4c66-a511-c6879bc24954;สำราญ;ใส่ขาเหล็กสอดแป้งเพิ่ม;;completed;18315ef5-0d9a-4c48-836b-d172ad01c347;618867a9-9f7c-4e77-96cd-3c6be6f2a0ac;2026-08-13 03:49:00.674+00;;2026-08-25 06:09:16.275+00;2026-08-26 07:53:49.601+00;;2026-08-05 02:59:41.116489+00;2026-08-26 07:53:50.575944+00;ใส่ขาสอดแป้งใหม่เพิ่มเติม;"[{""code"":""0401E7-00442/021"",""name"":""ขาสามสีแผ่นสแตนเลสหนา10มิลกว้าง22มิลยาว110มิลทำรู16มิลทำรู6.5มิลเจาะรูต๊าปเกลียว6มิล"",""qty"":""4ตัว""}]";217;date;2026-08-17;2026-08-15 02:59:40.045+00;false;
fa42cada-5541-4dfc-b2c7-0e242a5c1581;260825010;03a0cf66-b2be-46e7-b821-283251c576f8;755d8bf8-abaf-4e67-8c66-c04dab7755d0;ed438e9e-f1f6-424c-9024-b0f86509d249;749967f5-c6e1-4141-90c0-400505c5dd2a;วัชราภรณ์;รบกวนช่างมาตรวจสอบ RACK ช่องเบอร์ 11-12 เนื่องจากRACK เอียง จากการรับน้ำหนักสินค้า;https://xhkjaeapzuzvequgdode.supabase.co/storage/v1/object/public/repair-images/03a0cf66-b2be-46e7-b821-283251c576f8/1787630430124_Screenshot%202026-08-25%20105858.png;waiting_parts;6fff3037-214c-4188-8332-997730090207;0c4b9136-172d-4a37-82e6-5ee810cf0fe9;2026-08-25 04:52:43.538+00;;;;;2026-08-25 04:00:21.031551+00;2026-09-04 08:11:19.801126+00;;[];335;date;2026-08-26;;false;
9c66a5bd-fdab-4977-a43f-ada87d083c69;260914001;8137c5d0-65e4-461a-b094-5c5f0dbbed04;755d8bf8-abaf-4e67-8c66-c04dab7755d0;a3e64439-c1fa-4645-b93a-2880d8809946;7b8db7fc-3d09-4ec3-85c3-1e1d2d5aa664;กาญจนา;อ่างน้ำชั้น 3 อ่างแรกทางเข้าหน้าบันไดปุ่มกดน้ำทิ้งค้าง น้ำไม่ไหลลง;https://xhkjaeapzuzvequgdode.supabase.co/storage/v1/object/public/repair-images/8137c5d0-65e4-461a-b094-5c5f0dbbed04/1789354285795_504758.jpg;awaiting_review;6fff3037-214c-4188-8332-997730090207;0c4b9136-172d-4a37-82e6-5ee810cf0fe9;2026-09-14 03:19:27.935+00;;2026-09-15 04:16:31.227+00;;;2026-09-14 02:51:26.269648+00;2026-09-15 04:16:32.777896+00;"เปลี่ยนอุปกรณ์ให้ใหม่แทนที่ของเดิมที่ชำรุด
สะดืออ่างอันใหม่";"[{""code"":""0401E4-00471\t002"",""name"":""สะดืออ่างCT673(HM)"",""qty"":""1 อัน""}]";468;date;2026-09-17;2026-09-24 02:51:26.194+00;false;
634295d2-4c8b-4cec-a4f0-768942971082;260817004;03a0cf66-b2be-46e7-b821-283251c576f8;755d8bf8-abaf-4e67-8c66-c04dab7755d0;7784de97-4c89-408a-87d5-f785dcdcb314;e149c13e-b34f-489e-afeb-078eb9f2e249;วัชราภรณ์;สายไฮโดรคแตก;https://xhkjaeapzuzvequgdode.supabase.co/storage/v1/object/public/repair-images/03a0cf66-b2be-46e7-b821-283251c576f8/1786938237737_IMG_6824.jpeg;completed;6fff3037-214c-4188-8332-997730090207;0c4b9136-172d-4a37-82e6-5ee810cf0fe9;2026-08-17 04:26:28.69+00;;2026-08-20 01:21:39.898+00;2026-08-25 03:31:04.19+00;;2026-08-17 03:43:58.403201+00;2026-08-25 03:30:54.77513+00;เปลี่ยนสายไฮดรอลิกส์อันใหม่แทนที่​ของเดิมที่ชำรุด;"[{""code"":""99EXP-00313/001"",""name"":""สายไฮดรอลิกส์"",""qty"":""2""},{""code"":""99EXP-00313/002"",""name"":""ค่าบริการ​"",""qty"":""1""}]";267;date;2026-08-19;2026-08-27 03:43:58.276+00;false;
5104a3c1-9b09-4156-bcda-093b1edb9b9f;260827010;5a5b8e92-7aea-4790-a99a-ba47c443af3d;755d8bf8-abaf-4e67-8c66-c04dab7755d0;345306ff-af94-4a88-8959-3ef69a24ae24;e23ec708-2f30-43c7-a9b8-b770d2c4a0ff;ศกลวรรณ;ซิลิโคลน สกรู เบอร์ 2 ของผลิตขาดค่ะ;https://xhkjaeapzuzvequgdode.supabase.co/storage/v1/object/public/repair-images/5a5b8e92-7aea-4790-a99a-ba47c443af3d/1787831616280_S__5693462.jpg;waiting_parts;2600fa0f-deae-4983-a9a4-a6253f0f8ad0;0c4b9136-172d-4a37-82e6-5ee810cf0fe9;2026-08-29 01:25:50.294+00;;;;;2026-08-27 11:53:36.779851+00;2026-09-02 01:27:44.369161+00;;[];354;date;2026-09-01;;false;
ddaa9e2f-8185-46cc-85ca-2d6a3d358f42;260912006;884605bc-79ae-4186-8c03-c7a927fddef2;72e122e2-76e3-44aa-a586-0a3f86291d77;44847c92-9e77-4588-a88d-276cec5f1b36;d6fab985-8751-4eac-bb4c-533210c34e10;อภิชัย;ทำระบบวาล์วเหมือนหม้อน้ำมันเบอร์ 1 เปิดวาล์วใส่ถังได้;;pending_assign;;;;;;;;2026-09-12 09:51:36.890245+00;2026-09-12 09:51:40.38255+00;;[];466;within_10_days;;2026-09-22 09:51:42.174+00;false;
0bc0ef57-c75e-4f90-8375-ed82c32c9424;260827003;48700aa2-591f-4725-85ce-be044298c6be;72e122e2-76e3-44aa-a586-0a3f86291d77;d6968cf7-550a-4991-bad4-638935a88c22;17a4321b-6a7b-440d-b499-17468a04b260;สำราญ;พัดลมดูดอากาศเสีย;;completed;18315ef5-0d9a-4c48-836b-d172ad01c347;618867a9-9f7c-4e77-96cd-3c6be6f2a0ac;2026-08-29 01:24:05.502+00;;2026-08-29 04:13:58.883+00;2026-09-02 04:09:29.198+00;;2026-08-27 02:23:25.933805+00;2026-09-02 04:09:30.64216+00;"เปลี่ยนพัดลมระบายความร้อน6""";"[{""code"":""0401E4-00147/002"",""name"":""พัดลมตู้คอนโทรน6\""220v"",""qty"":""1""}]";360;date;2026-08-27;;false;
6aaf6b13-79a3-4032-8d47-12688f58aa20;260822001;b84cdf82-1dd9-4d41-96a9-979f3b625fe3;72e122e2-76e3-44aa-a586-0a3f86291d77;c8eb35d4-590a-4933-a62e-bb37e07870ef;4b049875-d765-4487-a1e5-bd4dd9a2d3ea;ศศิภา;เปลี่ยนลูกปืน;;completed;d115f163-f902-496c-9630-73dee8d85e47;618867a9-9f7c-4e77-96cd-3c6be6f2a0ac;2026-08-25 02:06:12.352+00;https://xhkjaeapzuzvequgdode.supabase.co/storage/v1/object/public/repair-images/d115f163-f902-496c-9630-73dee8d85e47/done_1787630405763_1000017426.jpg;2026-08-25 04:00:15.652+00;2026-08-25 04:01:49.073+00;;2026-08-22 09:51:01.614846+00;2026-08-25 04:01:48.941771+00;ลูกปืนชำรุด;"[{""code"":""0401E2-00013/001"",""name"":""ลูกปืนUCP 205"",""qty"":""4 ชุด""}]";313;date;2026-08-24;;false;
ef621afe-5838-47e4-8723-9fa7a584df63;260902003;e3a953a0-5f12-47fe-8c19-d0dabc13076a;755d8bf8-abaf-4e67-8c66-c04dab7755d0;345306ff-af94-4a88-8959-3ef69a24ae24;e23ec708-2f30-43c7-a9b8-b770d2c4a0ff;สำราญ;ใบพัดลมแตก;https://xhkjaeapzuzvequgdode.supabase.co/storage/v1/object/public/repair-images/e3a953a0-5f12-47fe-8c19-d0dabc13076a/1788313580589_8873.heic;completed;6fff3037-214c-4188-8332-997730090207;0c4b9136-172d-4a37-82e6-5ee810cf0fe9;2026-09-02 01:49:13.807+00;;2026-09-05 02:45:08.606+00;2026-09-14 06:38:37.398+00;;2026-09-02 01:46:28.369835+00;2026-09-14 06:38:37.229979+00;เปลี่ยน​ใบพัดลมให้ใหม่แทนที่​ของเดิ​มที่​ช​ำ​รุด;"[{""code"":""0401E8-00169\t008"",""name"":""ใบพัดลม ขนาด 16 นิ้ว ฮาตาริ"",""qty"":""1""}]";401;date;2026-09-05;;false;
03dab73b-2f2c-4995-b5e1-5fcc2e076845;260825005;5a5b8e92-7aea-4790-a99a-ba47c443af3d;755d8bf8-abaf-4e67-8c66-c04dab7755d0;345306ff-af94-4a88-8959-3ef69a24ae24;e23ec708-2f30-43c7-a9b8-b770d2c4a0ff;ศกลวรรณ;ซ่อมประตู ขัดสนิม/ทาสี/อุดรูที่มีแสงรอดออกมา;https://xhkjaeapzuzvequgdode.supabase.co/storage/v1/object/public/repair-images/5a5b8e92-7aea-4790-a99a-ba47c443af3d/1787625013393_73502.jpg;in_progress;2600fa0f-deae-4983-a9a4-a6253f0f8ad0;0c4b9136-172d-4a37-82e6-5ee810cf0fe9;2026-08-25 04:52:57.57+00;;;;;2026-08-25 02:30:14.01024+00;2026-08-25 04:52:57.237392+00;;[];336;date;2026-09-05;;false;
12fc56d5-6978-4a87-8c2d-69c29119e4df;260901005;a364e18d-2359-42b5-bea7-f3538481f114;dd98b2b3-c0ed-48b6-b3f4-139b89c539c7;cee4bac9-45b4-4d53-9b29-1d4c115720eb;e17e7d9f-da74-4fa7-985c-9142e771499d;ตะวัน;หลอดไฟส่องหน้าซีลชำรุด;;waiting_parts;aee8cef8-8534-459f-94b8-9de40933bee7;9b15b405-4695-46a4-b384-ee5feb992a7c;2026-09-01 09:58:52.919+00;;;;;2026-09-01 07:35:37.22294+00;2026-09-03 01:02:47.800369+00;;[];391;date;2026-09-02;;false;
1992e277-4f98-4124-9441-f5a3959f0ea0;260807008;92dee449-f868-4805-b66c-18484187e645;755d8bf8-abaf-4e67-8c66-c04dab7755d0;4bddcd3a-5051-4595-8a09-3afe48fc8dfc;02fe1b9d-a4d6-4b7a-bc33-d466c33c137b;เมาทุย;สายชำระห้องน้ำหญิง เบอร์2 ชำรุด;;completed;2600fa0f-deae-4983-a9a4-a6253f0f8ad0;0c4b9136-172d-4a37-82e6-5ee810cf0fe9;2026-08-10 02:16:12.041+00;https://xhkjaeapzuzvequgdode.supabase.co/storage/v1/object/public/repair-images/2600fa0f-deae-4983-a9a4-a6253f0f8ad0/done_1786343589898_1000017451.jpg;2026-08-10 06:33:13.714+00;2026-08-25 08:30:55.121+00;;2026-08-07 04:06:32.468251+00;2026-08-25 08:30:56.136413+00;ห้องน้ำผู้หญิงเบอร์ 2 เสร็จแล้วครับ;"[{""code"":""0401E-00281/001"",""name"":""ใส่น้ำดี"",""qty"":""1""}]";203;date;2026-08-07;;false;
1df355a6-13b6-4d75-b090-aed2152b9d3d;260825011;8137c5d0-65e4-461a-b094-5c5f0dbbed04;755d8bf8-abaf-4e67-8c66-c04dab7755d0;a3e64439-c1fa-4645-b93a-2880d8809946;7b8db7fc-3d09-4ec3-85c3-1e1d2d5aa664;กาญจนา;ปลั๊กไฟพ่อบ้านออฟฟิต ใช้ในการเสียบเครื่องดูดฝุ่น ดูดฝุ่นในรถผู้บริหาร ปลั๊กชำรุดค่ะ;https://xhkjaeapzuzvequgdode.supabase.co/storage/v1/object/public/repair-images/8137c5d0-65e4-461a-b094-5c5f0dbbed04/1787642613526_484869.jpg;completed;6fff3037-214c-4188-8332-997730090207;0c4b9136-172d-4a37-82e6-5ee810cf0fe9;2026-08-29 01:29:53.662+00;;2026-09-04 02:24:05.271+00;2026-09-04 02:24:14.005+00;;2026-08-25 07:23:35.180095+00;2026-09-04 02:24:14.128322+00;แก้ไขปลั๊กไฟ​ให้​ใหม่​ใช้​งานได้​ตามปกติ​;[];337;date;2026-08-28;2026-09-04 07:23:35.034+00;false;
ca0c2b8a-a3d1-4a31-bbda-627215256d86;260829011;521a9c93-4039-465c-8f7a-1c0137efc8ef;dd98b2b3-c0ed-48b6-b3f4-139b89c539c7;8fb60919-05a3-47e7-9f76-6458062c494a;4c93d34e-2e80-4988-a46c-67ea41221b41;ศศิธร;ตัวล็อกฝาชำรุด;https://xhkjaeapzuzvequgdode.supabase.co/storage/v1/object/public/repair-images/521a9c93-4039-465c-8f7a-1c0137efc8ef/1787984829340_IMG_8988.jpeg;completed;aee8cef8-8534-459f-94b8-9de40933bee7;9b15b405-4695-46a4-b384-ee5feb992a7c;2026-08-29 08:04:56.594+00;https://xhkjaeapzuzvequgdode.supabase.co/storage/v1/object/public/repair-images/aee8cef8-8534-459f-94b8-9de40933bee7/done_1788224949194_1000051924.jpg;2026-09-01 01:09:10.642+00;2026-09-01 04:43:32.562+00;;2026-08-29 06:27:10.134309+00;2026-09-01 04:43:32.876517+00;ทำตัวล็อคฝาเครื่องใหม่;[];375;date;2026-08-31;;false;
8b7c50d8-a82f-42e9-bed5-d8a4542adfd9;260824004;a364e18d-2359-42b5-bea7-f3538481f114;dd98b2b3-c0ed-48b6-b3f4-139b89c539c7;7b7b3967-29cd-4097-8020-01b6e2d82209;b9821b93-0df6-4f79-a4f8-588147aa3146;ตะวัน;ฝาครอบพัดลมเป่าซองเปล่าแต่ก และ ตัว Control Speed ชำรุด;https://xhkjaeapzuzvequgdode.supabase.co/storage/v1/object/public/repair-images/a364e18d-2359-42b5-bea7-f3538481f114/1787544022654_Fun%20-Con18.jpg;completed;bd10cd0f-07af-4f58-87d9-595a76cd55f5;9b15b405-4695-46a4-b384-ee5feb992a7c;2026-08-24 04:26:03.387+00;;2026-08-31 08:12:14.314+00;2026-09-01 07:33:16.334+00;;2026-08-24 04:00:20.023065+00;2026-09-01 07:33:14.601658+00;เปลี่ยนพัดลมเป่าซองบนสายพาน;"[{""code"":""0401E4-00147/004 0401E4-00147/005"",""name"":""พัดลมตู้คอลโทรล 8 นิ้ว /ตัวปรับความเร็ว Dimer"",""qty"":""1ตัว""}]";318;date;2026-08-24;;false;
376c3509-ea7f-484f-b21f-d8d74ae8befc;260902009;48700aa2-591f-4725-85ce-be044298c6be;72e122e2-76e3-44aa-a586-0a3f86291d77;d6968cf7-550a-4991-bad4-638935a88c22;17a4321b-6a7b-440d-b499-17468a04b260;สำราญ;สายยางเข้าปั้มแข๊งรัดไม่อยู่;;completed;18315ef5-0d9a-4c48-836b-d172ad01c347;618867a9-9f7c-4e77-96cd-3c6be6f2a0ac;2026-09-04 08:23:10.577+00;;2026-09-05 01:48:44.184+00;2026-09-05 07:14:02.549+00;;2026-09-02 04:11:36.577522+00;2026-09-05 07:14:03.933897+00;"เปลี่ยนสายยางฟู๊ดเกรดpras-foodขนาด1""1/4""";"[{""code"":""0401E8-00674/007"",""name"":""สายยางฟู๊ดเกรดpras-foodขนาด1\""1/4\"""",""qty"":""120cm.""}]";407;date;2026-09-02;;false;
d900a70a-3d2d-479b-a639-be55c5d0a195;260914004;26ab14fe-f8cc-4dfa-b1c3-a8c1416320d5;dd98b2b3-c0ed-48b6-b3f4-139b89c539c7;60fdb7f3-75ed-46f3-8c68-76cea1818c8c;5acd961a-72e3-4aad-9298-ccb61b5de76c;มนชิตา;ปืนยิงกาวไลน์มือเบอร์ 58 / ไลน์มือบรรจุส่งออก พบปัญหาสายไฟไหม้;;completed;bd10cd0f-07af-4f58-87d9-595a76cd55f5;9b15b405-4695-46a4-b384-ee5feb992a7c;2026-09-15 01:15:02.722+00;;2026-09-15 04:05:10.124+00;2026-09-15 06:28:02.648+00;;2026-09-14 07:34:28.364749+00;2026-09-15 06:28:02.852064+00;ต่อสายไฟที่ขาด;[];471;date;2026-09-18;;false;
90bf2edc-ac7b-4e2e-9cc5-f18f82c9e690;260825015;26ab14fe-f8cc-4dfa-b1c3-a8c1416320d5;755d8bf8-abaf-4e67-8c66-c04dab7755d0;99d3232b-2082-4b01-bd08-e740122f52cf;77395ed4-8266-4566-bdcd-1ae654b0ec32;มนชิตา;แอร์เบอร์ 75 / ไลน์มือบรรจุส่งออก ไม่มีความเย็น;https://xhkjaeapzuzvequgdode.supabase.co/storage/v1/object/public/repair-images/26ab14fe-f8cc-4dfa-b1c3-a8c1416320d5/1787656969906_S__12181525.jpg;completed;6fff3037-214c-4188-8332-997730090207;0c4b9136-172d-4a37-82e6-5ee810cf0fe9;2026-08-29 01:29:19.822+00;;2026-09-08 03:21:38.54+00;2026-09-10 04:06:09.348+00;;2026-08-25 11:22:49.928616+00;2026-09-10 04:06:08.191406+00;แก้ไขรีเซ็ต/เติมน้ำยาเพิ่มเติมให้ตามปกติ;[];364;date;2026-08-28;;false;
aa47647c-17c0-47d9-a85e-62827f832494;260903003;a364e18d-2359-42b5-bea7-f3538481f114;dd98b2b3-c0ed-48b6-b3f4-139b89c539c7;347f4266-d8a3-40ce-8211-08f483372408;93f65ba4-258a-4cc2-ac2b-861006275dbf;ตะวัน;ต้องการติดตั้งมือจับตรงประตู;https://xhkjaeapzuzvequgdode.supabase.co/storage/v1/object/public/repair-images/a364e18d-2359-42b5-bea7-f3538481f114/1788427396592_2B.jpg;completed;bd10cd0f-07af-4f58-87d9-595a76cd55f5;9b15b405-4695-46a4-b384-ee5feb992a7c;2026-09-03 09:51:57.719+00;;2026-09-07 06:21:44.741+00;2026-09-07 09:47:05.002+00;;2026-09-03 09:23:15.024845+00;2026-09-07 09:47:00.95062+00;ทำมือจับสแตนเลทมาติดตั้ง;[];421;date;2026-09-04;;false;
8e75792a-f41c-4cbf-9fc3-c828d009f948;260910008;b84cdf82-1dd9-4d41-96a9-979f3b625fe3;755d8bf8-abaf-4e67-8c66-c04dab7755d0;3f463100-d4f4-4b12-a205-54cfabbdd77a;156e13a6-f108-4e01-ba16-07c8989000a2;ศศิภา;หลังคาไลน์ผลิตน้ำรั่ว >> บริเวณที่วางขนมอบและข้างหลังเตา7;;in_progress;6fff3037-214c-4188-8332-997730090207;0c4b9136-172d-4a37-82e6-5ee810cf0fe9;2026-09-11 01:21:13.118+00;;;;;2026-09-10 12:17:28.115979+00;2026-09-11 01:21:11.738872+00;;[];453;date;2026-09-10;;false;
cc4b07fd-703d-44e8-b883-5df6dda88fd4;260911005;26ab14fe-f8cc-4dfa-b1c3-a8c1416320d5;dd98b2b3-c0ed-48b6-b3f4-139b89c539c7;60fdb7f3-75ed-46f3-8c68-76cea1818c8c;5acd961a-72e3-4aad-9298-ccb61b5de76c;มนชิตา;"ปืนยิงกาวไลน์มือเบอร์ 60 / ไลน์มือบรรจุส่งออก
พบปัญหาสายไฟไหม้";https://xhkjaeapzuzvequgdode.supabase.co/storage/v1/object/public/repair-images/26ab14fe-f8cc-4dfa-b1c3-a8c1416320d5/1789108440338_IMG_2904.jpeg;in_progress;aee8cef8-8534-459f-94b8-9de40933bee7;9b15b405-4695-46a4-b384-ee5feb992a7c;2026-09-12 01:37:00.025+00;;;;;2026-09-11 06:34:04.377962+00;2026-09-12 01:37:00.130412+00;;[];457;date;2026-09-17;;false;
d88f5e1a-0193-4e7f-9fbb-3575634e996c;260824005;a364e18d-2359-42b5-bea7-f3538481f114;dd98b2b3-c0ed-48b6-b3f4-139b89c539c7;7b7b3967-29cd-4097-8020-01b6e2d82209;e4c0e93d-96f4-4610-a93e-b7c03e6f866e;ตะวัน;ชุด Control Speed ชำรุด;;completed;aee8cef8-8534-459f-94b8-9de40933bee7;9b15b405-4695-46a4-b384-ee5feb992a7c;2026-08-24 04:25:34.163+00;;2026-08-26 01:05:17.707+00;2026-08-27 13:41:34.702+00;;2026-08-24 04:05:46.688305+00;2026-08-27 13:41:34.810279+00;เปลี่ยนcontrol speedตัวใหม่ (ตัวเก่าถอดมาจากเครื่องที่ชำรุด);[];316;date;2026-08-24;;false;
1f0f3cac-fb6c-44bf-ae20-f6d2de849a1c;260908001;b84cdf82-1dd9-4d41-96a9-979f3b625fe3;755d8bf8-abaf-4e67-8c66-c04dab7755d0;3f463100-d4f4-4b12-a205-54cfabbdd77a;156e13a6-f108-4e01-ba16-07c8989000a2;ศศิภา;เครื่องฉีดน้ำเบอร์1 เปิดไม่ติด;;in_progress;6fff3037-214c-4188-8332-997730090207;0c4b9136-172d-4a37-82e6-5ee810cf0fe9;2026-09-08 03:36:13.176+00;;;;;2026-09-08 02:13:40.24329+00;2026-09-08 03:36:11.677069+00;;[];439;date;2026-09-08;;false;
3a174123-cf2d-491e-a3a1-6e8c198855a0;260827004;48700aa2-591f-4725-85ce-be044298c6be;72e122e2-76e3-44aa-a586-0a3f86291d77;f15faaa4-ee38-49d8-9a94-24dad95424b2;147155a0-f934-4bac-b4e7-635afd1b0f6d;สำราญ;ปั้มครีมออกน้อย;;completed;18315ef5-0d9a-4c48-836b-d172ad01c347;618867a9-9f7c-4e77-96cd-3c6be6f2a0ac;2026-08-29 01:23:55.526+00;;2026-09-01 07:47:28.195+00;2026-09-02 04:09:07.206+00;;2026-08-27 02:33:27.084113+00;2026-09-02 04:09:08.601302+00;เปลี่ยนปั้มGB-25ที่ซัพฯช่างวิชิตทำมาให้;[];359;date;2026-08-27;;false;
82f7829f-d2d7-4ced-a4f6-d7e22eb24189;260911004;30f1cdf3-6892-4cd6-8a52-882bb331e7be;755d8bf8-abaf-4e67-8c66-c04dab7755d0;d3d2f3c0-857f-4081-b48b-406d75d3f008;aa32635e-d51b-4be1-90b2-a9eea58ac783;ศรีไพ;เครื่องฉีดน้ำแรงดันไช้งานไม่ได้เนื่องจากมอเตอร์ไหม้;https://xhkjaeapzuzvequgdode.supabase.co/storage/v1/object/public/repair-images/30f1cdf3-6892-4cd6-8a52-882bb331e7be/1789102276670_S__3383316_0.jpg;completed;6fff3037-214c-4188-8332-997730090207;0c4b9136-172d-4a37-82e6-5ee810cf0fe9;2026-09-11 08:49:51.432+00;;2026-09-14 02:05:01.279+00;2026-09-14 04:41:32.489+00;;2026-09-11 04:51:17.378026+00;2026-09-14 04:41:32.431013+00;ไม่สามารถซ่อมได้เนื่องจากมอเตอร์ไหม้;[];456;date;2026-09-12;;false;
d8d699bd-7917-4dcd-a4db-0dc3e9fbc9d5;260902002;8137c5d0-65e4-461a-b094-5c5f0dbbed04;755d8bf8-abaf-4e67-8c66-c04dab7755d0;a3e64439-c1fa-4645-b93a-2880d8809946;7b8db7fc-3d09-4ec3-85c3-1e1d2d5aa664;กาญจนา;เชือกเสาธงกำลังจะขาด 1 เส้นค่ะ;https://xhkjaeapzuzvequgdode.supabase.co/storage/v1/object/public/repair-images/8137c5d0-65e4-461a-b094-5c5f0dbbed04/1788312530430_491362.jpg;completed;6fff3037-214c-4188-8332-997730090207;0c4b9136-172d-4a37-82e6-5ee810cf0fe9;2026-09-02 01:49:19.663+00;;2026-09-08 06:22:56.525+00;2026-09-08 08:27:45.785+00;;2026-09-02 01:28:50.768566+00;2026-09-08 08:27:45.889308+00;ซ่อมแล้ว;[];400;date;2026-09-07;2026-09-12 01:28:50.744+00;false;
948f782f-7581-4bdc-948a-04e919281efb;260825006;5a5b8e92-7aea-4790-a99a-ba47c443af3d;755d8bf8-abaf-4e67-8c66-c04dab7755d0;345306ff-af94-4a88-8959-3ef69a24ae24;e23ec708-2f30-43c7-a9b8-b770d2c4a0ff;ศกลวรรณ;ให้ช่างเอาลวดออก / เชือก ออกให้หน่อยค่ะ มี 2 จุดค่ะ;https://xhkjaeapzuzvequgdode.supabase.co/storage/v1/object/public/repair-images/5a5b8e92-7aea-4790-a99a-ba47c443af3d/1787625122137_73491.jpg;completed;2600fa0f-deae-4983-a9a4-a6253f0f8ad0;0c4b9136-172d-4a37-82e6-5ee810cf0fe9;2026-08-25 04:52:30.385+00;https://xhkjaeapzuzvequgdode.supabase.co/storage/v1/object/public/repair-images/2600fa0f-deae-4983-a9a4-a6253f0f8ad0/done_1787708394279_1000019020.jpg;2026-08-26 01:39:57.257+00;2026-08-29 12:29:16.785+00;;2026-08-25 02:32:02.415295+00;2026-08-29 12:29:16.168936+00;เชือกเอาออกให้แล้วครับ;[];331;date;2026-09-05;;false;
2aa15827-e77b-4d0c-8b5d-a503f3a8b91d;260902014;a364e18d-2359-42b5-bea7-f3538481f114;dd98b2b3-c0ed-48b6-b3f4-139b89c539c7;cee4bac9-45b4-4d53-9b29-1d4c115720eb;38b273a1-5caa-446a-939f-0e7cd4de0b03;ตะวัน;ฝาปิด Hopper ตรงมุมมีรอยแตกชำรุด (13.00-13.30 หยุดเครื่องให้ได้หรือต้องการถอดซ่อมช่วงเวลาอื่นๆสามารถแจ้งหน้างานได้ครับ);https://xhkjaeapzuzvequgdode.supabase.co/storage/v1/object/public/repair-images/a364e18d-2359-42b5-bea7-f3538481f114/1788341904872_Cover-SP01.jpg;completed;bd10cd0f-07af-4f58-87d9-595a76cd55f5;9b15b405-4695-46a4-b384-ee5feb992a7c;2026-09-03 01:19:21.295+00;;2026-09-03 07:15:23.173+00;2026-09-03 09:17:00.711+00;;2026-09-02 09:38:23.146277+00;2026-09-03 09:16:58.557354+00;เชื่อมรอยแตก;[];412;date;2026-09-03;;false;
c8a104b1-8a60-4e40-9b5d-a2fc946fe943;260825016;26ab14fe-f8cc-4dfa-b1c3-a8c1416320d5;755d8bf8-abaf-4e67-8c66-c04dab7755d0;99d3232b-2082-4b01-bd08-e740122f52cf;a9b031dd-cac8-4498-a95e-73c44288e239;มนชิตา;แอร์เบอร์ 146 / ไลน์มือบรรจุส่งออก ไม่มีความเย็น;https://xhkjaeapzuzvequgdode.supabase.co/storage/v1/object/public/repair-images/26ab14fe-f8cc-4dfa-b1c3-a8c1416320d5/1787657019786_S__12181526.jpg;completed;6fff3037-214c-4188-8332-997730090207;0c4b9136-172d-4a37-82e6-5ee810cf0fe9;2026-08-29 01:28:14.421+00;;2026-09-08 03:20:53.868+00;2026-09-10 04:06:14.556+00;;2026-08-25 11:23:39.515305+00;2026-09-10 04:06:13.384797+00;แก้ไขรีเซ็ต/เติมน้ำยาแอร์เพิ่มเติมให้ตามปกติ;[];341;date;2026-08-31;;false;
eff52a22-dd55-4aab-b506-b745dda17999;260907003;a364e18d-2359-42b5-bea7-f3538481f114;dd98b2b3-c0ed-48b6-b3f4-139b89c539c7;cee4bac9-45b4-4d53-9b29-1d4c115720eb;8a951ec0-6d30-4f9b-b87d-4d0c10374099;ตะวัน;ช่วงต่อที่เป็น Silicon  ระหว่างกรวยกับเครื่องตรวจจับโลหะต้องการเปลี่ยนเป็นสแตนเลสเพื่อป้องกันความเสี่ยงต่อการชำรุดและหลุดไปกับสินค้าเนื่องจากเครื่องตรวจจับโลหะไม่สามารถ Detectได็;https://xhkjaeapzuzvequgdode.supabase.co/storage/v1/object/public/repair-images/a364e18d-2359-42b5-bea7-f3538481f114/1788766045275_Metal-SP-04.jpg;in_progress;bd10cd0f-07af-4f58-87d9-595a76cd55f5;9b15b405-4695-46a4-b384-ee5feb992a7c;2026-09-08 01:39:57.209+00;;;;;2026-09-07 07:27:22.051196+00;2026-09-08 01:39:57.318641+00;;[];435;date;2026-09-08;;false;
0ac5ff17-de56-4635-95dc-1405ab4a02e4;260814012;a364e18d-2359-42b5-bea7-f3538481f114;dd98b2b3-c0ed-48b6-b3f4-139b89c539c7;6a73ba57-b80f-44cf-abf2-26a628226b4f;cbbd3e68-621a-4353-873f-c9d08882b36b;ตะวัน;ต้องการเปลี่ยนล้อชุดใหม่เนื่องจากตัวเดิมเสื่อมสภาพตามกาลเวลาแล้วช่วงลากไปมามีสีถลอกเลอะติดพื้น;https://xhkjaeapzuzvequgdode.supabase.co/storage/v1/object/public/repair-images/a364e18d-2359-42b5-bea7-f3538481f114/1786697386374_Conv-03.jpg;completed;22275234-5a63-4e64-bdd4-07ec11241b46;9b15b405-4695-46a4-b384-ee5feb992a7c;2026-08-14 09:28:02.911+00;https://xhkjaeapzuzvequgdode.supabase.co/storage/v1/object/public/repair-images/22275234-5a63-4e64-bdd4-07ec11241b46/done_1788495170323_1000014975.jpg;2026-09-04 04:12:54.386+00;2026-09-07 09:47:30.603+00;;2026-08-14 08:49:45.316158+00;2026-09-07 09:47:31.546662+00;เปลี่ยนล้อ;"[{""code"":""0401E8-00217/006"",""name"":""ล้อยูริเทน 2 นิ้ว (เป็น)"",""qty"":""2""},{""code"":""0401E8-00217/009"",""name"":""ล้อยูริเทน 2 นิ้ว ล้อหมุนได้พร้อมเบรค"",""qty"":""2""}]";436;date;2026-08-18;;false;
3f96dc87-d77c-4ec3-ab54-4faef8466d8f;260814004;26ab14fe-f8cc-4dfa-b1c3-a8c1416320d5;755d8bf8-abaf-4e67-8c66-c04dab7755d0;4bddcd3a-5051-4595-8a09-3afe48fc8dfc;02fe1b9d-a4d6-4b7a-bc33-d466c33c137b;มนชิตา;ม่านขาดปลาย 3 แผ่น / ตรงประตูหลังห้องไลน์มือบรรจุส่งออก;https://xhkjaeapzuzvequgdode.supabase.co/storage/v1/object/public/repair-images/26ab14fe-f8cc-4dfa-b1c3-a8c1416320d5/1786684005256_IMG_0555.jpeg;completed;2600fa0f-deae-4983-a9a4-a6253f0f8ad0;0c4b9136-172d-4a37-82e6-5ee810cf0fe9;2026-08-14 06:29:51.592+00;https://xhkjaeapzuzvequgdode.supabase.co/storage/v1/object/public/repair-images/2600fa0f-deae-4983-a9a4-a6253f0f8ad0/done_1788141590595_1000019405.jpg;2026-08-31 01:59:52.68+00;2026-09-04 08:58:43.541+00;เนื่องจากม่านที่ชำรุดไม่ใช่จุดที่ต้องการแก้ไข (คนละประตูกันค่ะ) แจ้งช่างนายแล้วค่ะ;2026-08-14 05:06:47.965871+00;2026-09-04 08:58:43.680969+00;แก้มันเสร็จแล้วครับทางเดินครับ;[];236;date;2026-08-19;;false;
c2631552-8795-43eb-9da6-1f23253b95f0;260907001;48700aa2-591f-4725-85ce-be044298c6be;72e122e2-76e3-44aa-a586-0a3f86291d77;d6968cf7-550a-4991-bad4-638935a88c22;cf7822c0-37a9-4e94-b8be-fbb45e6a2228;สำราญ;น้ำมันมอเตอร์เกียรชุดกอหัว1รั่ว;;completed;18315ef5-0d9a-4c48-836b-d172ad01c347;618867a9-9f7c-4e77-96cd-3c6be6f2a0ac;2026-09-08 02:02:46.592+00;;2026-09-11 02:21:20.598+00;2026-09-12 04:33:04.845+00;;2026-09-07 01:17:38.46276+00;2026-09-12 04:33:06.218994+00;เปลี่ยนซีลTc25-42-7;"[{""code"":""0401E7-00341/012"",""name"":""ซีลTc25-42-7"",""qty"":""2ตัว""}]";438;date;2026-09-07;;false;
602c77bb-2c63-4c41-ae6b-530506000db7;260911001;b84cdf82-1dd9-4d41-96a9-979f3b625fe3;755d8bf8-abaf-4e67-8c66-c04dab7755d0;3f463100-d4f4-4b12-a205-54cfabbdd77a;156e13a6-f108-4e01-ba16-07c8989000a2;ศศิภา;พัดลมระบายอากาศเบอร์20 เปิดแล้วเหมือนจะพัง;;in_progress;2600fa0f-deae-4983-a9a4-a6253f0f8ad0;0c4b9136-172d-4a37-82e6-5ee810cf0fe9;2026-09-11 02:38:14.294+00;;;;;2026-09-11 01:38:33.123363+00;2026-09-11 02:38:12.901197+00;;[];454;date;2026-09-11;;false;
acfda536-da84-4719-9f43-426a162e1114;260727003;0467a743-3607-4742-8211-392043ef896e;72e122e2-76e3-44aa-a586-0a3f86291d77;32ef7fab-ec72-4e78-8d94-67669bb1e558;cf769a71-f4f1-46e4-a974-b0c62938d6f0;ศศิธร โพธิ์รักษา;"ตะแกรงบดมีรอยสนิม และรอยเผยอ 
ของซ่อมด่วนเนื่องจากอาจเกิดการปนเปื้อนได้ค่ะ";https://xhkjaeapzuzvequgdode.supabase.co/storage/v1/object/public/repair-images/0467a743-3607-4742-8211-392043ef896e/1785122424509_1785122400951.jpg;completed;14a61d91-95ef-411a-b313-dae02e0f86a9;618867a9-9f7c-4e77-96cd-3c6be6f2a0ac;2026-08-05 01:29:22.573+00;https://xhkjaeapzuzvequgdode.supabase.co/storage/v1/object/public/repair-images/14a61d91-95ef-411a-b313-dae02e0f86a9/done_1786155981895_IMG_1887.jpeg;2026-08-08 02:26:22.868+00;2026-09-07 09:15:06.013+00;;2026-07-27 03:20:13.84165+00;2026-09-07 09:14:51.880976+00;เปลี่ยนตะแกรงสำหรับบดข้าวใหม่ และแก้ไขตรงรอยต่อที่เผยอเสร็จเรียบร้อย;[];159;date;2026-08-05;2026-08-06 03:20:25.208+00;false;
00481566-aa28-46df-98ff-516017939703;260814011;a364e18d-2359-42b5-bea7-f3538481f114;dd98b2b3-c0ed-48b6-b3f4-139b89c539c7;6a73ba57-b80f-44cf-abf2-26a628226b4f;bb794d4b-fa09-4315-bb0b-3f20f2997911;ตะวัน;ต้องการเปลี่ยนล้อชุดใหม่เนื่องจากตัวเดิมเสื่อมสภาพตามกาลเวลาแล้วช่วงลากไปมามีสีถลอกเลอะติดพื้น;https://xhkjaeapzuzvequgdode.supabase.co/storage/v1/object/public/repair-images/a364e18d-2359-42b5-bea7-f3538481f114/1786697315975_Conve-02.jpg;completed;22275234-5a63-4e64-bdd4-07ec11241b46;9b15b405-4695-46a4-b384-ee5feb992a7c;2026-08-14 09:28:05.41+00;https://xhkjaeapzuzvequgdode.supabase.co/storage/v1/object/public/repair-images/22275234-5a63-4e64-bdd4-07ec11241b46/done_1788494808458_1000015040.jpg;2026-09-04 04:06:53.395+00;2026-09-07 09:47:37.348+00;;2026-08-14 08:48:34.930916+00;2026-09-07 09:47:33.304578+00;เปลี่ยนล้อ;"[{""code"":""0401E8-00217/009"",""name"":""ล้อยูริเทน 2 นิ้ว ล้อหมุนได้พร้อมเบรค"",""qty"":""2""},{""code"":""0401E8-00217/006"",""name"":""ล้อยูริเทน 2 นิ้ว (เป็น)"",""qty"":""2""}]";426;date;2026-08-17;;false;
1b2e9aab-dda4-4884-8b33-c15193993d5c;260825013;92dee449-f868-4805-b66c-18484187e645;755d8bf8-abaf-4e67-8c66-c04dab7755d0;4bddcd3a-5051-4595-8a09-3afe48fc8dfc;02fe1b9d-a4d6-4b7a-bc33-d466c33c137b;เมาทุย;ห้องน้ำพนักงานหญิงเบอร์1 น้ำไม่ไหล;;awaiting_review;6fff3037-214c-4188-8332-997730090207;0c4b9136-172d-4a37-82e6-5ee810cf0fe9;2026-08-29 01:29:34.086+00;;2026-09-15 06:28:25.45+00;;;2026-08-25 08:32:48.380654+00;2026-09-15 06:28:27.035863+00;แก้ไขเปลี่ยนอุปกรณ์ให้ใหม่แทนของเดิมที่ชำรุด;"[{""code"":""0401E4-00581\t001"",""name"":""วาล์วลูกลอยตัดน้ำรุ่มใหม่ ชนิดน้ำเข้าบนออกข้าง ขนาด1/2 นิ้ว(4หุน)"",""qty"":""จำนวน 1 อัน""}]";339;date;2026-08-25;;false;
044b6d9a-c39f-481e-870b-52255043d4c1;260904002;b84cdf82-1dd9-4d41-96a9-979f3b625fe3;72e122e2-76e3-44aa-a586-0a3f86291d77;a280c88e-0f0b-4ed0-bf10-c3e1742da5be;a4f67d0a-0f0a-4a55-be33-99f91749562e;ศศิภา;ทามเมอร์เสีย;;completed;14a61d91-95ef-411a-b313-dae02e0f86a9;618867a9-9f7c-4e77-96cd-3c6be6f2a0ac;2026-09-04 08:22:48.043+00;https://xhkjaeapzuzvequgdode.supabase.co/storage/v1/object/public/repair-images/14a61d91-95ef-411a-b313-dae02e0f86a9/done_1788753877114_IMG_2224.jpeg;2026-09-07 04:04:38.83+00;2026-09-07 04:53:49.829+00;;2026-09-04 03:10:34.94081+00;2026-09-07 04:53:48.596018+00;ทำการเปลี่ยน timer , relay , ตู้คอนโทรลใหม่;"[{""code"":""0401E8-00066    003"",""name"":""ตู้คอลโทรล No.00 20*30*15"",""qty"":""1""},{""code"":""0401E8-00100    012    \""TIMER \""\""Cikachi Timer AH3D + Socket\"""",""name"":""\""TIMER \""\""Cikachi Timer AH3D + Socket\"""",""qty"":""1""},{""code"":""0401E8-00074    007    รีเลย์ MY4N 220 VAC 1 ตัว"",""name"":""รีเลย์ MY4N 220 VAC 1 ตัว"",""qty"":""1""},{""code"":""0401E3-00063    016    สกรูหัวเหลี่ยม STL M6x25 แหวนสปริง+อีแปะ+ตัวเมีย จำนวน 20 ชุด"",""name"":""สกรูหัวเหลี่ยม STL M6x25 แหวนสปริง+อีแปะ+ตัวเมีย จำนวน 20 ชุด"",""qty"":""20""}]";433;date;2026-09-04;;false;
ac88349e-13a7-4bd6-83e2-6f66bfda34cc;260819009;e3a953a0-5f12-47fe-8c19-d0dabc13076a;72e122e2-76e3-44aa-a586-0a3f86291d77;ed7e922f-4885-48ca-b212-5e1c4b2bd088;de2da03b-8370-4cd3-bf9b-9e5ef38d8f50;สำราญ;มอเตอร์ไหม้;;completed;14a61d91-95ef-411a-b313-dae02e0f86a9;618867a9-9f7c-4e77-96cd-3c6be6f2a0ac;2026-08-20 03:50:06.192+00;https://xhkjaeapzuzvequgdode.supabase.co/storage/v1/object/public/repair-images/14a61d91-95ef-411a-b313-dae02e0f86a9/done_1788753541704_IMG_2243.jpeg;2026-09-07 03:59:03.15+00;2026-09-14 06:34:33.846+00;;2026-08-19 07:22:50.099701+00;2026-09-14 06:34:33.684926+00;ทำการติดตั้งมอเตอร์เครื่องร่อนใหม่หลังจากเอาไปพันมาใหม่;"[{""code"":""99EXP-00381/001"",""name"":""99EXP-00381/001 ค่าซ่อมเครื่องร่อนแป้ง มอเตอร์หน้าแปลน 02109/2026 0.75 KW 4 POLE 220/380V."",""qty"":""1งาน""}]";296;date;2026-08-19;;false;
33fd025e-431d-4f60-a3bf-ffda28e1da71;260829013;8d8a3186-6bd4-42c3-9dc2-8553ce10510c;dd98b2b3-c0ed-48b6-b3f4-139b89c539c7;b93b4434-5fe8-41c2-ba79-67512c3c1ad8;d144f8dc-c615-4105-b6b3-bd0eb00a5da0;มาไลย;ทำตัวล็อกเก็บท่อลมรีดซองเพราะต้องใช้รีดอย่างอื่นด้วย;https://xhkjaeapzuzvequgdode.supabase.co/storage/v1/object/public/repair-images/8d8a3186-6bd4-42c3-9dc2-8553ce10510c/1787984902785_IMG_1702.jpeg;completed;22275234-5a63-4e64-bdd4-07ec11241b46;9b15b405-4695-46a4-b384-ee5feb992a7c;2026-08-29 08:05:16.121+00;;2026-09-04 03:56:18.271+00;2026-09-04 06:21:20.389+00;;2026-08-29 06:28:25.048402+00;2026-09-04 06:21:20.641951+00;ทำตัวกั้นท่อ;[];377;date;2026-09-01;;false;
a643f4e6-0d47-46ba-9a0c-28db02148190;260829005;8d8a3186-6bd4-42c3-9dc2-8553ce10510c;dd98b2b3-c0ed-48b6-b3f4-139b89c539c7;b93b4434-5fe8-41c2-ba79-67512c3c1ad8;2063927b-675b-4ab6-9114-cb14694794bb;มาไลย;ทำตัวเก็บท่อลมที่รีดใช้ใส่ลมซองเพราะต้องใช้รีดอย่างอื่นด้วย;https://xhkjaeapzuzvequgdode.supabase.co/storage/v1/object/public/repair-images/8d8a3186-6bd4-42c3-9dc2-8553ce10510c/1787984262474_IMG_1702.jpeg;completed;22275234-5a63-4e64-bdd4-07ec11241b46;9b15b405-4695-46a4-b384-ee5feb992a7c;2026-08-29 08:01:35.931+00;;2026-09-04 03:57:45.759+00;2026-09-04 06:21:38.622+00;;2026-08-29 06:17:44.686768+00;2026-09-04 06:21:38.910566+00;ทำตัวกั้น;[];369;date;2026-09-01;;false;
cfceffc8-5adc-44f9-90cf-0b1a40a1f00a;260829004;8d8a3186-6bd4-42c3-9dc2-8553ce10510c;dd98b2b3-c0ed-48b6-b3f4-139b89c539c7;b93b4434-5fe8-41c2-ba79-67512c3c1ad8;df92d369-670d-4df5-9f4c-15545b8d50f8;มาไลย;ทำตัวเก็บท่อลมตอนไม่ได้ใช้รีดใส่ลมด้วยเพราะใช้รีดอย่างอื่นได้ปกติ;https://xhkjaeapzuzvequgdode.supabase.co/storage/v1/object/public/repair-images/8d8a3186-6bd4-42c3-9dc2-8553ce10510c/1787984026710_IMG_1702.jpeg;completed;22275234-5a63-4e64-bdd4-07ec11241b46;9b15b405-4695-46a4-b384-ee5feb992a7c;2026-08-29 08:00:40.219+00;;2026-09-04 03:58:23.81+00;2026-09-04 06:21:46.026+00;;2026-08-29 06:13:49.00949+00;2026-09-04 06:21:46.280767+00;ทำตัวกั้น;[];368;date;2026-09-01;;false;
14df01bb-027a-4559-8d41-d30aacece017;260904005;5a5b8e92-7aea-4790-a99a-ba47c443af3d;755d8bf8-abaf-4e67-8c66-c04dab7755d0;345306ff-af94-4a88-8959-3ef69a24ae24;e23ec708-2f30-43c7-a9b8-b770d2c4a0ff;ศกลวรรณ;ทาสีแดง / เหลือง เส้นบริเวณพื้นที่สโตร์ฝั่งคลังสินค้าค่ะ;;in_progress;6fff3037-214c-4188-8332-997730090207;0c4b9136-172d-4a37-82e6-5ee810cf0fe9;2026-09-04 07:19:10.17+00;;;;;2026-09-04 04:19:59.773436+00;2026-09-04 07:19:10.319179+00;;[];428;date;2026-09-15;;false;
30d7ff3c-ecb3-43b4-a226-c7b2c0f3df3f;260904001;8137c5d0-65e4-461a-b094-5c5f0dbbed04;755d8bf8-abaf-4e67-8c66-c04dab7755d0;a3e64439-c1fa-4645-b93a-2880d8809946;7b8db7fc-3d09-4ec3-85c3-1e1d2d5aa664;กาญจนา;โต๊ะคอมเมก้า 3 ตัว ขอบพอง  โต๊ะอยู่ที่สโตร์ (ติดต่อพี่แหม่มค่ะ);https://xhkjaeapzuzvequgdode.supabase.co/storage/v1/object/public/repair-images/8137c5d0-65e4-461a-b094-5c5f0dbbed04/1788490147404_1788490087775.jpg;in_progress;6fff3037-214c-4188-8332-997730090207;0c4b9136-172d-4a37-82e6-5ee810cf0fe9;2026-09-04 07:19:33.33+00;;;;;2026-09-04 02:49:07.941652+00;2026-09-04 07:19:33.478382+00;;[];422;date;2026-09-14;2026-09-14 02:49:07.835+00;false;
5d70363d-cacb-476f-912b-58296d898d3b;260819008;a6d0ae35-c044-4855-b1b0-a8b26b3b22f3;755d8bf8-abaf-4e67-8c66-c04dab7755d0;ed438e9e-f1f6-424c-9024-b0f86509d249;749967f5-c6e1-4141-90c0-400505c5dd2a;ภริดา;หลังคาด้านหลังโรงงานมีรอยรั่ว จุดที่ทรัพย์สินวางบูธ (ด่วน);https://xhkjaeapzuzvequgdode.supabase.co/storage/v1/object/public/repair-images/a6d0ae35-c044-4855-b1b0-a8b26b3b22f3/1787120206960_IMG_2472.jpeg;completed;6fff3037-214c-4188-8332-997730090207;0c4b9136-172d-4a37-82e6-5ee810cf0fe9;2026-08-20 03:47:43.431+00;;2026-09-01 01:55:30.709+00;2026-09-04 08:59:25.692+00;;2026-08-19 06:16:41.806901+00;2026-09-04 08:59:25.447581+00;แก้ไข​ รอยรั่วปิดรอยตามจุดรั่วต่างๆให้เรียบร้อย;[];295;date;2026-08-19;;false;
b4be59d4-80ff-4c40-92f0-bf179de7e2e7;260902015;a364e18d-2359-42b5-bea7-f3538481f114;dd98b2b3-c0ed-48b6-b3f4-139b89c539c7;7b7b3967-29cd-4097-8020-01b6e2d82209;b5b4de76-8ef5-46ce-9dc8-cadaa7cd489e;ตะวัน;ต้องการแผ่นกั้นตรงมุมสายผานเพื่อช่วยไม่ให้ซองขนมตกลงพื้นได้(แบบถอดออกและปรับเลื่อนตำแหน่งได้);https://xhkjaeapzuzvequgdode.supabase.co/storage/v1/object/public/repair-images/a364e18d-2359-42b5-bea7-f3538481f114/1788342040824_Corn-20.jpg;completed;bd10cd0f-07af-4f58-87d9-595a76cd55f5;9b15b405-4695-46a4-b384-ee5feb992a7c;2026-09-03 01:20:24.092+00;;2026-09-07 08:19:26.487+00;2026-09-07 09:46:53.563+00;;2026-09-02 09:40:39.008153+00;2026-09-07 09:46:49.516609+00;ตัดแผ่นสแตนเลตมาทำแผ่นกั้น;[];413;date;2026-09-03;;false;
3b317f9f-ccda-4064-9a38-1d8317e9a904;260818015;a364e18d-2359-42b5-bea7-f3538481f114;dd98b2b3-c0ed-48b6-b3f4-139b89c539c7;6a73ba57-b80f-44cf-abf2-26a628226b4f;cbbd3e68-621a-4353-873f-c9d08882b36b;ตะวัน;ต้องการติดตั้งPower Plugหนึ่งตัวตรงขาด้านหน้าเพื่อใช้เชื่อมต่อกับสายพานแนวราบ;https://xhkjaeapzuzvequgdode.supabase.co/storage/v1/object/public/repair-images/a364e18d-2359-42b5-bea7-f3538481f114/1787042215373_Power-Plug%2003.jpg;completed;22275234-5a63-4e64-bdd4-07ec11241b46;9b15b405-4695-46a4-b384-ee5feb992a7c;2026-08-19 01:34:50.209+00;https://xhkjaeapzuzvequgdode.supabase.co/storage/v1/object/public/repair-images/22275234-5a63-4e64-bdd4-07ec11241b46/done_1788573482956_1000014976.jpg;2026-09-05 01:58:04.354+00;2026-09-07 09:47:18.412+00;;2026-08-18 08:36:54.24928+00;2026-09-07 09:47:14.460545+00;ติดตั้ง power plug;[];285;date;2026-08-28;;false;
085df969-0918-4fae-b688-ea76f9f72748;260915008;8d8a3186-6bd4-42c3-9dc2-8553ce10510c;dd98b2b3-c0ed-48b6-b3f4-139b89c539c7;7110c454-c2ce-46e0-ad17-5c590abf8361;fc8ffc18-26d3-4275-8d48-65223f3a9fcc;มาไลย;ทำแผ่นรองชื้นงานออกจากเครื่องลงสายพาน เช่น สินค้าแก้วน้ำ,ชาม, กล่องข้าว;;pending_assign;;;;;;;;2026-09-15 07:26:27.942493+00;2026-09-15 07:26:30.727778+00;;[];480;date;2026-09-18;;false;
d2686035-7e71-456f-8fe0-e947fb5e593c;260910005;b84cdf82-1dd9-4d41-96a9-979f3b625fe3;72e122e2-76e3-44aa-a586-0a3f86291d77;1d4b301a-55da-462e-83a0-d444bc0ae82d;638d93c5-9829-4998-88ff-11394629b474;ศศิภา;สายพานชำรุดขอบเป็นขุย;;completed;d115f163-f902-496c-9630-73dee8d85e47;618867a9-9f7c-4e77-96cd-3c6be6f2a0ac;2026-09-11 01:20:36.558+00;;2026-09-11 02:26:06.385+00;2026-09-11 02:48:36.249+00;;2026-09-10 08:56:13.516617+00;2026-09-11 02:48:35.891445+00;ขอบสายพานเป็นขรุย ทำการเปลี่ยนใหม่;"[{""code"":""0401E1-00495/007"",""name"":""สายพาน CB2VM07W SIZE W=350 mm.×L=2100 mm."",""qty"":""1 เส้น""}]";450;date;2026-09-10;;false;
f5f28604-21ce-49c2-8b36-e23fd0178bed;260910002;b84cdf82-1dd9-4d41-96a9-979f3b625fe3;72e122e2-76e3-44aa-a586-0a3f86291d77;1d4b301a-55da-462e-83a0-d444bc0ae82d;638d93c5-9829-4998-88ff-11394629b474;ศศิภา;เปลี่ยนลูกปืน;;completed;d115f163-f902-496c-9630-73dee8d85e47;618867a9-9f7c-4e77-96cd-3c6be6f2a0ac;2026-09-11 01:20:51.254+00;;2026-09-11 02:22:40.332+00;2026-09-11 02:48:36.689+00;;2026-09-10 02:54:37.496435+00;2026-09-11 02:48:36.337675+00;ชุดลูกกลิ้งด้านหลังมีเสียงดังสาเหตุลูกปืนชำรุด;"[{""code"":""0401E2-00065/002"",""name"":""ลูกปืน 6004 zz T200c swc"",""qty"":""2 ตลับ""}]";447;date;2026-09-10;;false;
17d9e45c-ee16-46e0-9bad-4ad1c6aa39bf;260814017;a364e18d-2359-42b5-bea7-f3538481f114;dd98b2b3-c0ed-48b6-b3f4-139b89c539c7;cee4bac9-45b4-4d53-9b29-1d4c115720eb;48162317-9d54-451b-a74d-1ec29ff2ab6d;ตะวัน;"ต้องการติดตั้งขาค้ำฝาฮอปเปอร์ =Hopper Cover Prop/Lid Support(เหมือนฝาฮอปเปอร์ของเครื่องSP-04)
**ดำเนินการได้เลยเนื่องจากเครื่องนี้หยุดการใช้งานจนกว่าจะมีข้อสรุปเรื่องถ้วยขนมเป็นรอยร้าวสามารถใช้ได้หรือไม่";https://xhkjaeapzuzvequgdode.supabase.co/storage/v1/object/public/repair-images/a364e18d-2359-42b5-bea7-f3538481f114/1786701640293_SP-04.2.jpg;awaiting_review;22275234-5a63-4e64-bdd4-07ec11241b46;9b15b405-4695-46a4-b384-ee5feb992a7c;2026-08-15 01:17:51.238+00;;2026-09-12 02:42:09.067+00;;;2026-08-14 10:00:39.446907+00;2026-09-12 02:42:10.31991+00;ติดตั้งตัวค้ำฝา;[];248;date;2026-08-15;;false;
5f6b205d-975b-47ca-8d4a-60066f2798b0;260907002;a364e18d-2359-42b5-bea7-f3538481f114;dd98b2b3-c0ed-48b6-b3f4-139b89c539c7;cee4bac9-45b4-4d53-9b29-1d4c115720eb;48162317-9d54-451b-a74d-1ec29ff2ab6d;ตะวัน;รอยตัดซองขนมพบผิดปกติ;https://xhkjaeapzuzvequgdode.supabase.co/storage/v1/object/public/repair-images/a364e18d-2359-42b5-bea7-f3538481f114/1788756995112_Cut03.jpg;completed;22275234-5a63-4e64-bdd4-07ec11241b46;9b15b405-4695-46a4-b384-ee5feb992a7c;2026-09-08 01:39:19.426+00;;2026-09-12 02:41:02.06+00;2026-09-12 06:10:52.019+00;;2026-09-07 04:56:31.817836+00;2026-09-12 06:10:49.735791+00;แก้ไขปรับค่าจังหวะตัด;[];434;date;2026-09-07;;false;
a312816b-7a56-47e6-a24f-6d4e90ea479b;260912007;884605bc-79ae-4186-8c03-c7a927fddef2;755d8bf8-abaf-4e67-8c66-c04dab7755d0;3f463100-d4f4-4b12-a205-54cfabbdd77a;156e13a6-f108-4e01-ba16-07c8989000a2;อภิชัย;แจ้งสร้างที่วางน้ำยาล้างภาชะ ไว้บนอ่างล้างสายพาน และ ที่วางน้ำยาล้างพื้น และ ผงซักฟอกไว้ที่กำแพง ในลานซักล้าง;;pending_assign;;;;;;;;2026-09-12 09:54:22.627314+00;2026-09-12 09:54:25.509701+00;;[];467;within_10_days;;2026-09-22 09:54:27.862+00;false;
fb110cff-0348-4edd-8f3c-979225435941;260807003;8137c5d0-65e4-461a-b094-5c5f0dbbed04;755d8bf8-abaf-4e67-8c66-c04dab7755d0;a3e64439-c1fa-4645-b93a-2880d8809946;7b8db7fc-3d09-4ec3-85c3-1e1d2d5aa664;กาญจนา;ติดตั้งตะแกรงกันนกมาขี้และเกาะ บริเวณรอบนอกของโรงงานฟู๊ดส์  ภาพตาามไฟล์แนบค่ะ;https://xhkjaeapzuzvequgdode.supabase.co/storage/v1/object/public/repair-images/8137c5d0-65e4-461a-b094-5c5f0dbbed04/1786067974494_462214.jpg;completed;6fff3037-214c-4188-8332-997730090207;0c4b9136-172d-4a37-82e6-5ee810cf0fe9;2026-08-07 02:20:28.107+00;;2026-09-14 03:14:45.83+00;2026-09-14 04:01:56.255+00;;2026-08-07 01:59:35.533095+00;2026-09-14 04:01:56.3053+00;ติดตั้งตาข่ายดักยกให้ใหม่แก้ไขปัญหานกเข้ามา;"[{""code"":""0499ZZ-00029/001"",""name"":""ตาข่ายอวนไก่สำเร็จรูปล้านเชือกขนาด 1.5*7.5 เมตร"",""qty"":""8อัน""}]";198;date;2026-08-28;2026-08-17 01:59:35.195+00;false;
ecf86cb9-e4c5-47ad-998f-713e8635ddc2;260904006;03a0cf66-b2be-46e7-b821-283251c576f8;755d8bf8-abaf-4e67-8c66-c04dab7755d0;ed438e9e-f1f6-424c-9024-b0f86509d249;749967f5-c6e1-4141-90c0-400505c5dd2a;วัชราภรณ์;เก้าอี้พนักพิง หลุดตามรูป;https://xhkjaeapzuzvequgdode.supabase.co/storage/v1/object/public/repair-images/03a0cf66-b2be-46e7-b821-283251c576f8/1788499760124_Screenshot%202026-09-04%20122817.png;completed;6fff3037-214c-4188-8332-997730090207;0c4b9136-172d-4a37-82e6-5ee810cf0fe9;2026-09-04 07:19:00.37+00;;2026-09-08 03:27:29.508+00;2026-09-14 03:24:12.651+00;;2026-09-04 05:29:18.361433+00;2026-09-14 03:24:06.922497+00;"แก้ไขเปลี่ยนน็อตล็อกที่หักออกให้ใหม่
สามารถใช้งานได้ตามปกติ";[];429;date;2026-09-05;;false;
10cba01d-76a0-4e65-9859-92f76100e444;260825014;26ab14fe-f8cc-4dfa-b1c3-a8c1416320d5;755d8bf8-abaf-4e67-8c66-c04dab7755d0;4bddcd3a-5051-4595-8a09-3afe48fc8dfc;02fe1b9d-a4d6-4b7a-bc33-d466c33c137b;มนชิตา;ฝ้าเพดาน มีน้ำซึม หลุดลอก / ไลน์มือบรรจุส่งออก;https://xhkjaeapzuzvequgdode.supabase.co/storage/v1/object/public/repair-images/26ab14fe-f8cc-4dfa-b1c3-a8c1416320d5/1787655535422_S__12181523.jpg;completed;6fff3037-214c-4188-8332-997730090207;0c4b9136-172d-4a37-82e6-5ee810cf0fe9;2026-08-29 01:29:25.902+00;;2026-09-08 03:22:24.815+00;2026-09-14 03:48:01.994+00;;2026-08-25 10:58:55.186026+00;2026-09-14 03:48:02.308449+00;แก้ไขฝ้าให้ใหม่ทาสีเก็บรอยคราบหลุดร่อนให้ใหม่;[];340;date;2026-09-01;;false;
2b31bc0e-bde7-4a8b-9170-3b173b296237;260902004;e3a953a0-5f12-47fe-8c19-d0dabc13076a;755d8bf8-abaf-4e67-8c66-c04dab7755d0;345306ff-af94-4a88-8959-3ef69a24ae24;e23ec708-2f30-43c7-a9b8-b770d2c4a0ff;สำราญ;ใส่ล้อถาดวางอุปกรณ์ 2 ถาด;https://xhkjaeapzuzvequgdode.supabase.co/storage/v1/object/public/repair-images/e3a953a0-5f12-47fe-8c19-d0dabc13076a/1788313801006_8898.heic;completed;6fff3037-214c-4188-8332-997730090207;0c4b9136-172d-4a37-82e6-5ee810cf0fe9;2026-09-02 09:52:12.768+00;;2026-09-09 04:21:48.543+00;2026-09-14 06:34:05.654+00;;2026-09-02 01:50:05.985239+00;2026-09-14 06:34:05.488937+00;เสริมล้อรองฐานให้สามารถเข็นเคลื่อนย้ายได้สะดวก;[];402;date;2026-09-05;;false;
5185afb8-9f22-4a37-bcc2-18ba567ce99f;260829021;5a5b8e92-7aea-4790-a99a-ba47c443af3d;755d8bf8-abaf-4e67-8c66-c04dab7755d0;345306ff-af94-4a88-8959-3ef69a24ae24;e23ec708-2f30-43c7-a9b8-b770d2c4a0ff;ศกลวรรณ;ตู้ไฟแผนกสโตร์ฝั่งห้องเครื่อง ต้องมีเบอร์ตู้และป้ายปฐมพยาบาลเบื้องต้นค่ะ;https://xhkjaeapzuzvequgdode.supabase.co/storage/v1/object/public/repair-images/5a5b8e92-7aea-4790-a99a-ba47c443af3d/1788006391738_414393_0.jpg;completed;6fff3037-214c-4188-8332-997730090207;0c4b9136-172d-4a37-82e6-5ee810cf0fe9;2026-09-01 01:42:39.357+00;;2026-09-08 06:24:35.269+00;2026-09-15 02:33:05.615+00;;2026-08-29 12:26:31.82133+00;2026-09-15 02:33:04.96538+00;ติดให้เรียบร้อยแล้ว;[];383;date;2026-09-01;;false;
513b4a8d-4e96-4739-b2cb-b62aa0e6edea;260825001;5a5b8e92-7aea-4790-a99a-ba47c443af3d;755d8bf8-abaf-4e67-8c66-c04dab7755d0;345306ff-af94-4a88-8959-3ef69a24ae24;e23ec708-2f30-43c7-a9b8-b770d2c4a0ff;ศกลวรรณ;โคมไฟ ไฟดับทั้งหมด 1 โคม และไฟดับ 2 ดวง อีกหนึ่งโคมค่ะ;;completed;6fff3037-214c-4188-8332-997730090207;0c4b9136-172d-4a37-82e6-5ee810cf0fe9;2026-08-25 02:06:44.664+00;;2026-09-08 07:46:21.99+00;2026-09-09 08:04:54.926+00;;2026-08-25 01:31:37.468929+00;2026-09-09 08:04:55.031524+00;เปลี่ยนโคมไฟให้ใหม่แทนของเดิมที่ชำรุด;"[{""code"":""0401E4-00415\t007"",""name"":""โคมไฟ HIGHBAY IWACHI GKD 043 150W"",""qty"":""2 โคม""}]";325;date;2026-09-01;;false;
65f3235c-9357-4aca-aa77-ad7d206b1c98;260827005;5a5b8e92-7aea-4790-a99a-ba47c443af3d;755d8bf8-abaf-4e67-8c66-c04dab7755d0;345306ff-af94-4a88-8959-3ef69a24ae24;e23ec708-2f30-43c7-a9b8-b770d2c4a0ff;ศกลวรรณ;เอาเชือกบริเวณคานข้างบนออกให้หน่อยค่ะ;https://xhkjaeapzuzvequgdode.supabase.co/storage/v1/object/public/repair-images/5a5b8e92-7aea-4790-a99a-ba47c443af3d/1787804896723_S__5660690.jpg;completed;6fff3037-214c-4188-8332-997730090207;0c4b9136-172d-4a37-82e6-5ee810cf0fe9;2026-08-29 01:26:25.342+00;;2026-09-08 07:39:55.214+00;2026-09-09 08:07:48.653+00;;2026-08-27 04:28:17.644437+00;2026-09-09 08:07:48.770718+00;แก้ไขนำเชือกออกจากจุดตามประสงค์ผู้แจ้งขอ;[];349;date;2026-09-01;;false;
bed06bef-7edd-4e48-96b2-9da5b7c2acd3;260908003;b84cdf82-1dd9-4d41-96a9-979f3b625fe3;755d8bf8-abaf-4e67-8c66-c04dab7755d0;3f463100-d4f4-4b12-a205-54cfabbdd77a;156e13a6-f108-4e01-ba16-07c8989000a2;ศศิภา;พัดลมระบายอากาศเบอร์ 12 สายพานหลุด;;completed;6fff3037-214c-4188-8332-997730090207;0c4b9136-172d-4a37-82e6-5ee810cf0fe9;2026-09-08 03:36:02.263+00;;2026-09-11 02:15:35.18+00;2026-09-11 02:48:40.769+00;;2026-09-08 02:40:55.294939+00;2026-09-11 02:48:40.411783+00;เปลี่ยนสายพานพัดลมให้ใหม่แทนของเดิมที่ชำรุด;"[{""code"":""0401E1-00109\t001"",""name"":""สายพาน A-84 BANDO"",""qty"":""1 เส้น""}]";441;date;2026-09-08;;false;
dd367b99-bf32-4d4e-a487-28a7e3994f86;260901006;a364e18d-2359-42b5-bea7-f3538481f114;dd98b2b3-c0ed-48b6-b3f4-139b89c539c7;cee4bac9-45b4-4d53-9b29-1d4c115720eb;38b273a1-5caa-446a-939f-0e7cd4de0b03;ตะวัน;สาย Cable Tie ที่รัดไว้ในเครื่องตามจุดต่างๆต้องการเปลี่ยนจากพลาสติกเป็นสแตนเลสทุกจุดเพื่อป้องก้นความเสี่ยงและมีโอกาสหลุดไปกับสินค้าได้;;awaiting_review;22275234-5a63-4e64-bdd4-07ec11241b46;9b15b405-4695-46a4-b384-ee5feb992a7c;2026-09-01 09:59:46.557+00;;2026-09-12 02:48:14.401+00;;;2026-09-01 07:49:04.771005+00;2026-09-12 02:48:18.968664+00;เปลี่ยนเคเบิ้ลไทร์พลาสติกเป็นสแตนเลส;"[{""code"":""0401E4-00122/006"",""name"":""\""เคเบิลไท สแตนเลส 8\""\""\"""",""qty"":""35""},{""code"":""0401E4-00122/007"",""name"":""\""เคเบิลไท สแตนเลส 12\""\""\"""",""qty"":""12""}]";463;date;2026-09-02;;false;
0d9be415-f750-4690-b512-dec63dda85cf;260814019;884605bc-79ae-4186-8c03-c7a927fddef2;755d8bf8-abaf-4e67-8c66-c04dab7755d0;3f463100-d4f4-4b12-a205-54cfabbdd77a;156e13a6-f108-4e01-ba16-07c8989000a2;อภิชัย;ล้อขาพัดลมหัก;https://xhkjaeapzuzvequgdode.supabase.co/storage/v1/object/public/repair-images/884605bc-79ae-4186-8c03-c7a927fddef2/1786702113025_1037416.jpg;completed;2600fa0f-deae-4983-a9a4-a6253f0f8ad0;0c4b9136-172d-4a37-82e6-5ee810cf0fe9;2026-08-15 01:52:18.743+00;https://xhkjaeapzuzvequgdode.supabase.co/storage/v1/object/public/repair-images/2600fa0f-deae-4983-a9a4-a6253f0f8ad0/done_1787027013966_1000018303.jpg;2026-08-18 04:23:36.735+00;2026-09-14 03:18:36.384+00;;2026-08-14 10:08:14.836031+00;2026-09-14 03:18:28.709656+00;พัดลมเบอร์ 2 เสร็จแล้วครับ;[];250;date;2026-08-14;;false;
ddb50581-9bb4-4d5c-bc57-fab28c3023a4;260910003;26ab14fe-f8cc-4dfa-b1c3-a8c1416320d5;dd98b2b3-c0ed-48b6-b3f4-139b89c539c7;60fdb7f3-75ed-46f3-8c68-76cea1818c8c;5acd961a-72e3-4aad-9298-ccb61b5de76c;มนชิตา;ปืนยิงกาวไลน์มือเบอร์ 56 / ไลน์มือบรรจุส่งออก พบปัญหายิงกาวแล้วกาวไม่ออก;;completed;aee8cef8-8534-459f-94b8-9de40933bee7;9b15b405-4695-46a4-b384-ee5feb992a7c;2026-09-10 06:04:44.764+00;;2026-09-11 10:55:10.384+00;2026-09-14 03:48:08.212+00;;2026-09-10 04:07:05.017129+00;2026-09-14 03:48:08.326752+00;ตัดต่อสายไฟใหม่;[];448;date;2026-09-15;;false;
25fa3ba7-5428-406c-a244-e43329c3c5ba;260901001;e3a953a0-5f12-47fe-8c19-d0dabc13076a;755d8bf8-abaf-4e67-8c66-c04dab7755d0;345306ff-af94-4a88-8959-3ef69a24ae24;e23ec708-2f30-43c7-a9b8-b770d2c4a0ff;สำราญ;เครื่องชั่งno.37 สายไฟขาด (ขอด่วนค่ะ);https://xhkjaeapzuzvequgdode.supabase.co/storage/v1/object/public/repair-images/e3a953a0-5f12-47fe-8c19-d0dabc13076a/1788229394441_8882.heic;completed;6fff3037-214c-4188-8332-997730090207;0c4b9136-172d-4a37-82e6-5ee810cf0fe9;2026-09-01 06:43:15.221+00;;2026-09-03 02:17:45.496+00;2026-09-14 06:38:29.462+00;;2026-09-01 02:23:19.016918+00;2026-09-14 06:38:29.293466+00;แก้ไขตัดต่อสายไฟให้ใหม่ขันแน่นใช้งานได้ตามปกติ;[];387;date;2026-09-01;;false;
8740e7c5-b26f-4aa3-b7aa-dbcc7833bd58;260915001;e3a953a0-5f12-47fe-8c19-d0dabc13076a;72e122e2-76e3-44aa-a586-0a3f86291d77;32ef7fab-ec72-4e78-8d94-67669bb1e558;cf769a71-f4f1-46e4-a974-b0c62938d6f0;สำราญ;สายพานชำรุด;;pending_assign;;;;;;;;2026-09-15 01:42:32.022653+00;2026-09-15 01:42:34.993784+00;;[];473;date;2026-09-15;;false;
378d3525-17b6-491f-93f7-064678b7fd8e;260912001;8137c5d0-65e4-461a-b094-5c5f0dbbed04;755d8bf8-abaf-4e67-8c66-c04dab7755d0;a3e64439-c1fa-4645-b93a-2880d8809946;7b8db7fc-3d09-4ec3-85c3-1e1d2d5aa664;กาญจนา;ตู้ไฟ ที่ป้อมรปภ. เบรคเกอร์ไฟช็อต;https://xhkjaeapzuzvequgdode.supabase.co/storage/v1/object/public/repair-images/8137c5d0-65e4-461a-b094-5c5f0dbbed04/1789176653475_502801.jpg;completed;2600fa0f-deae-4983-a9a4-a6253f0f8ad0;0c4b9136-172d-4a37-82e6-5ee810cf0fe9;2026-09-14 01:14:03.055+00;https://xhkjaeapzuzvequgdode.supabase.co/storage/v1/object/public/repair-images/2600fa0f-deae-4983-a9a4-a6253f0f8ad0/done_1789435383735_1000020899.jpg;2026-09-15 01:23:04.63+00;2026-09-15 01:42:44.961+00;;2026-09-12 01:30:53.930869+00;2026-09-15 01:42:44.817446+00;เปลี่ยนสวิทช์ไฟเสร็จแล้วครับ;[];460;date;2026-09-14;2026-09-22 01:30:54.229+00;false;
31d8bba6-a919-457e-8556-92819d24b5da;260912003;8137c5d0-65e4-461a-b094-5c5f0dbbed04;755d8bf8-abaf-4e67-8c66-c04dab7755d0;a3e64439-c1fa-4645-b93a-2880d8809946;7b8db7fc-3d09-4ec3-85c3-1e1d2d5aa664;กาญจนา;หลอดไฟหน้าศาลพระภูมิไฟไม่ติด 3 ดวง;https://xhkjaeapzuzvequgdode.supabase.co/storage/v1/object/public/repair-images/8137c5d0-65e4-461a-b094-5c5f0dbbed04/1789176777273_502810.jpg;completed;2600fa0f-deae-4983-a9a4-a6253f0f8ad0;0c4b9136-172d-4a37-82e6-5ee810cf0fe9;2026-09-14 01:13:48.311+00;https://xhkjaeapzuzvequgdode.supabase.co/storage/v1/object/public/repair-images/2600fa0f-deae-4983-a9a4-a6253f0f8ad0/done_1789436016037_1000020900.jpg;2026-09-15 01:33:41.585+00;2026-09-15 01:56:10.959+00;;2026-09-12 01:32:57.303143+00;2026-09-15 01:56:10.971285+00;เปลี่ยนหลอดเสร็จแล้วครับ 1 ด่วน;[];462;date;2026-09-18;2026-09-22 01:32:57.647+00;false;
c40ca2bb-7264-4a23-b887-cf277d2c343d;260910001;8137c5d0-65e4-461a-b094-5c5f0dbbed04;755d8bf8-abaf-4e67-8c66-c04dab7755d0;a3e64439-c1fa-4645-b93a-2880d8809946;7b8db7fc-3d09-4ec3-85c3-1e1d2d5aa664;กาญจนา;ไฟศาลพระพรมด้านหน้าขวามือไฟไม่ติด 1 ดวง และกำแพงรั้วจุดตรงต้นมะม่วงไฟไม่ค่อยสว่าง 1 ดวง;https://xhkjaeapzuzvequgdode.supabase.co/storage/v1/object/public/repair-images/8137c5d0-65e4-461a-b094-5c5f0dbbed04/1789004707307_1789004619895.jpg;completed;2600fa0f-deae-4983-a9a4-a6253f0f8ad0;0c4b9136-172d-4a37-82e6-5ee810cf0fe9;2026-09-11 01:24:31.854+00;https://xhkjaeapzuzvequgdode.supabase.co/storage/v1/object/public/repair-images/2600fa0f-deae-4983-a9a4-a6253f0f8ad0/done_1789437451173_1000020902.jpg;2026-09-15 01:57:36.938+00;2026-09-15 01:59:24.719+00;;2026-09-10 01:45:08.313491+00;2026-09-15 01:59:24.733296+00;เปลี่ยนไฟรอบรั้วเสร็จแล้วครับ 1 ดวง;[];446;date;2026-09-14;2026-09-20 01:45:08.302+00;false;
3d2df322-aff1-4261-81e7-e30eda0d5176;260825017;26ab14fe-f8cc-4dfa-b1c3-a8c1416320d5;755d8bf8-abaf-4e67-8c66-c04dab7755d0;4bddcd3a-5051-4595-8a09-3afe48fc8dfc;02fe1b9d-a4d6-4b7a-bc33-d466c33c137b;มนชิตา;ไฟฉุกเฉินเบอร์ 11 / ไลน์มือบรรจุส่งออก พบปัญหาไฟไม่ค่อยสว่าง ทราบเนื่องจากเหตุการณ์ไฟหลวงดับครั้งล่าสุด;https://xhkjaeapzuzvequgdode.supabase.co/storage/v1/object/public/repair-images/26ab14fe-f8cc-4dfa-b1c3-a8c1416320d5/1787657117458_S__12181524.jpg;waiting_parts;6fff3037-214c-4188-8332-997730090207;0c4b9136-172d-4a37-82e6-5ee810cf0fe9;2026-08-29 01:28:06.686+00;;;;;2026-08-25 11:25:17.478272+00;2026-09-11 02:51:25.754278+00;;[];342;date;2026-09-01;;false;
e511ee7d-88a4-470c-bff1-adfbc585ad97;260908004;8137c5d0-65e4-461a-b094-5c5f0dbbed04;755d8bf8-abaf-4e67-8c66-c04dab7755d0;a3e64439-c1fa-4645-b93a-2880d8809946;7b8db7fc-3d09-4ec3-85c3-1e1d2d5aa664;กาญจนา;ชั้น 2 ห้องกินข้าวก๊อกน้ำล้างจานน้ำรั่ว;https://xhkjaeapzuzvequgdode.supabase.co/storage/v1/object/public/repair-images/8137c5d0-65e4-461a-b094-5c5f0dbbed04/1788837492577_499057.jpg;completed;6fff3037-214c-4188-8332-997730090207;0c4b9136-172d-4a37-82e6-5ee810cf0fe9;2026-09-08 03:35:52.984+00;;2026-09-08 07:57:05.458+00;2026-09-08 08:27:36.753+00;;2026-09-08 03:18:13.3206+00;2026-09-08 08:27:36.854939+00;แก้ไขเปลี่ยนอุปกรณ์ใหม่แทนของเดิมที่ชำรุด;"[{""code"":""0401E4-00267\t010"",""name"":""ก๊อกอ่างล้างจานติดเคาน์เตอร์"",""qty"":""1 ตัว""}]";442;date;2026-09-10;2026-09-18 03:18:13.108+00;false;
d66febc1-1a64-482d-82c8-5c1d5dd1764f;260728001;8137c5d0-65e4-461a-b094-5c5f0dbbed04;755d8bf8-abaf-4e67-8c66-c04dab7755d0;a3e64439-c1fa-4645-b93a-2880d8809946;7b8db7fc-3d09-4ec3-85c3-1e1d2d5aa664;กาญจนา;สายโทรศัพย์เครื่อง 1309 คุณแอนบัญชี (ชั้น 3)  มีเสียงสายไฟช็อต;;completed;6fff3037-214c-4188-8332-997730090207;0c4b9136-172d-4a37-82e6-5ee810cf0fe9;2026-08-06 06:38:57.416+00;;2026-08-14 04:30:12.094+00;2026-09-08 08:28:11.041+00;ซ่อมอีกครั้งค่ะ;2026-07-28 03:06:29.016215+00;2026-09-08 08:28:11.135659+00;แก้ไขสายสัญญาณให้ใหม่ใช้งานได้ตามปกติ;[];162;date;2026-08-06;2026-08-07 03:06:28.779+00;false;
a5f92ebf-c65b-4099-9716-7c0b6d5f46b7;260704004;8137c5d0-65e4-461a-b094-5c5f0dbbed04;755d8bf8-abaf-4e67-8c66-c04dab7755d0;ed438e9e-f1f6-424c-9024-b0f86509d249;749967f5-c6e1-4141-90c0-400505c5dd2a;กาญจนา;ชั้น 4 ห้องเก็บของต่างประเทศพบลอยน้ำรั่วซึมบนเพดาน ด้านขวามือของห้องเก็บของ;;in_progress;6fff3037-214c-4188-8332-997730090207;0c4b9136-172d-4a37-82e6-5ee810cf0fe9;2026-07-04 09:17:19.989+00;;2026-07-14 04:25:18.577+00;;รอซัพจากข้างนอกเข้ามาแก้ไขอีกครั้ง;2026-07-04 04:49:44.936134+00;2026-09-08 09:03:43.393565+00;ได้ทำการทาน้ำยากันรั่วซึมตามรอยรั่วจุดต่างๆทั้งด้านในและนอกผนัง/กำแพง/หลังคา;[];35;;;;false;
a28d2a73-656d-4b85-8901-86fa6090dabc;260912004;48700aa2-591f-4725-85ce-be044298c6be;755d8bf8-abaf-4e67-8c66-c04dab7755d0;3f463100-d4f4-4b12-a205-54cfabbdd77a;156e13a6-f108-4e01-ba16-07c8989000a2;สำราญ;สายพานพัดลมดูดอากาศNO15ชำรุด;;in_progress;6fff3037-214c-4188-8332-997730090207;0c4b9136-172d-4a37-82e6-5ee810cf0fe9;2026-09-14 01:13:38.711+00;;;;;2026-09-12 04:32:40.923708+00;2026-09-14 01:13:38.785191+00;;[];464;date;2026-09-12;;false;
665bb6b6-93db-4db5-9cc5-1a873115b0fe;260910004;b84cdf82-1dd9-4d41-96a9-979f3b625fe3;72e122e2-76e3-44aa-a586-0a3f86291d77;3b9c8b03-1b6b-46a8-91a1-c68f9427058e;c9839d81-c9a1-460a-926b-2d1441b3f5ad;ศศิภา;เกจบอกปริมาณแก๊สชำรุด;;completed;d115f163-f902-496c-9630-73dee8d85e47;618867a9-9f7c-4e77-96cd-3c6be6f2a0ac;2026-09-11 01:20:45.398+00;https://xhkjaeapzuzvequgdode.supabase.co/storage/v1/object/public/repair-images/d115f163-f902-496c-9630-73dee8d85e47/done_1789350553874_1000018003.jpg;2026-09-14 01:49:14.684+00;2026-09-14 02:24:02.852+00;;2026-09-10 07:53:52.730163+00;2026-09-14 02:24:00.353063+00;ขอเดิมชำรุด;"[{""code"":""0401E7-00178/001"",""name"":""Pressure Gege 2.5 pe 1/4"",""qty"":""1 ตัว""}]";449;date;2026-09-10;;false;
9f3133cd-04c6-4ff2-afcd-a27d95fa46f3;260813013;884605bc-79ae-4186-8c03-c7a927fddef2;755d8bf8-abaf-4e67-8c66-c04dab7755d0;3f463100-d4f4-4b12-a205-54cfabbdd77a;156e13a6-f108-4e01-ba16-07c8989000a2;อภิชัย;ประแจปากตายชำรุด;https://xhkjaeapzuzvequgdode.supabase.co/storage/v1/object/public/repair-images/884605bc-79ae-4186-8c03-c7a927fddef2/1786613523603_1027944.jpg;completed;2600fa0f-deae-4983-a9a4-a6253f0f8ad0;0c4b9136-172d-4a37-82e6-5ee810cf0fe9;2026-08-14 02:57:38.386+00;;2026-08-14 03:00:13.896+00;2026-09-14 03:13:53.961+00;;2026-08-13 09:31:46.665894+00;2026-09-14 03:13:46.283979+00;ไม่สามารถซ่อมได้เป็นอุปกรณ์เครื่องมือ;[];230;date;2026-08-14;;false;
02860393-c10d-470f-ac47-fdfdf0f068de;260813011;884605bc-79ae-4186-8c03-c7a927fddef2;755d8bf8-abaf-4e67-8c66-c04dab7755d0;3f463100-d4f4-4b12-a205-54cfabbdd77a;156e13a6-f108-4e01-ba16-07c8989000a2;อภิชัย;เวอร์เนียร์ V-EN-004 สภาพไม่เหมาะสมการใช้งาน;https://xhkjaeapzuzvequgdode.supabase.co/storage/v1/object/public/repair-images/884605bc-79ae-4186-8c03-c7a927fddef2/1786613186154_1027969_0.jpg;completed;2600fa0f-deae-4983-a9a4-a6253f0f8ad0;0c4b9136-172d-4a37-82e6-5ee810cf0fe9;2026-08-14 02:57:43.114+00;;2026-08-14 03:00:43.176+00;2026-09-14 03:14:09.016+00;;2026-08-13 09:26:09.00132+00;2026-09-14 03:14:01.338833+00;ไม่สามารถซ่อมได้เพราะเกี่ยวกับความเที่ยงตรงในการวัด;[];228;date;2026-08-14;;false;
2592e774-d99b-4367-9a7c-f63fce14581e;260825007;03a0cf66-b2be-46e7-b821-283251c576f8;755d8bf8-abaf-4e67-8c66-c04dab7755d0;ed438e9e-f1f6-424c-9024-b0f86509d249;749967f5-c6e1-4141-90c0-400505c5dd2a;วัชราภรณ์;เครื่องพริ้นสติ๊กเกอร์ที่ออฟฟิศคลังสินค้าบิ๊กวัน เวลาพริ้นออกมาแล้วมีเส้นบนข้อความหมึก ไม่สม่ำเสมอ;https://xhkjaeapzuzvequgdode.supabase.co/storage/v1/object/public/repair-images/03a0cf66-b2be-46e7-b821-283251c576f8/1787629950372_S__32538693.jpg;completed;6fff3037-214c-4188-8332-997730090207;0c4b9136-172d-4a37-82e6-5ee810cf0fe9;2026-08-29 01:29:58.59+00;;2026-09-04 08:12:46.745+00;2026-09-14 03:28:38.993+00;;2026-08-25 03:51:27.776276+00;2026-09-14 03:28:33.259479+00;"ไม่สามารถซ่อมได้ครับต้องติดต่อแผนก""ไอที""";[];332;date;2026-08-26;;false;
203236e5-6d1a-4ad0-b74e-1621550f22d1;260724003;8137c5d0-65e4-461a-b094-5c5f0dbbed04;755d8bf8-abaf-4e67-8c66-c04dab7755d0;a3e64439-c1fa-4645-b93a-2880d8809946;7b8db7fc-3d09-4ec3-85c3-1e1d2d5aa664;กาญจนา;ตรวจสอบพบว่า มีขี้นกบริเวรประตูที่ 1 และ2 มีนกมาเกาะและขี้จำนวนมาก;https://xhkjaeapzuzvequgdode.supabase.co/storage/v1/object/public/repair-images/8137c5d0-65e4-461a-b094-5c5f0dbbed04/1784860990385_446620.jpg;completed;6fff3037-214c-4188-8332-997730090207;0c4b9136-172d-4a37-82e6-5ee810cf0fe9;2026-07-25 08:35:54.027+00;;2026-09-14 03:10:37.783+00;2026-09-14 04:01:50.495+00;;2026-07-24 02:43:11.294202+00;2026-09-14 04:01:50.53244+00;ติดตั้งตะข่ายกันยกให้ใหม่แก้ไขปัญหานกเข้ามา;"[{""code"":""0499ZZ-00029/001"",""name"":""ตาข่ายอวนไก่สำเร็จรูปล้านเชือกขนาด 1.5*7.5เมตร"",""qty"":""8 อัน""}]";143;date;2026-07-28;;false;
710bbb3e-82ce-4e04-a060-60fc67bfb82d;260912002;8137c5d0-65e4-461a-b094-5c5f0dbbed04;755d8bf8-abaf-4e67-8c66-c04dab7755d0;a3e64439-c1fa-4645-b93a-2880d8809946;7b8db7fc-3d09-4ec3-85c3-1e1d2d5aa664;กาญจนา;รางสายไฟข้างหลังห้องครัวออฟฟิศร่วง;https://xhkjaeapzuzvequgdode.supabase.co/storage/v1/object/public/repair-images/8137c5d0-65e4-461a-b094-5c5f0dbbed04/1789176729258_502803.jpg;completed;2600fa0f-deae-4983-a9a4-a6253f0f8ad0;0c4b9136-172d-4a37-82e6-5ee810cf0fe9;2026-09-14 01:13:57.527+00;https://xhkjaeapzuzvequgdode.supabase.co/storage/v1/object/public/repair-images/2600fa0f-deae-4983-a9a4-a6253f0f8ad0/done_1789435216382_1000020898.jpg;2026-09-15 01:20:17.315+00;2026-09-15 01:42:40.841+00;;2026-09-12 01:32:09.264901+00;2026-09-15 01:42:40.694583+00;เสร็จแล้วครับ;[];461;date;2026-09-14;2026-09-22 01:32:09.696+00;false;
7c97cb28-d0aa-4927-aace-1c3e8e3f04e2;260824012;a364e18d-2359-42b5-bea7-f3538481f114;755d8bf8-abaf-4e67-8c66-c04dab7755d0;4bddcd3a-5051-4595-8a09-3afe48fc8dfc;02fe1b9d-a4d6-4b7a-bc33-d466c33c137b;ตะวัน;"ต้องการติดตั้งไฟฉุกเฉินห้องเครื่องแนวตั้งห้อง 4 
-ตรงจุด Hopper SP03 จำนวน 1 ดวง";https://xhkjaeapzuzvequgdode.supabase.co/storage/v1/object/public/repair-images/a364e18d-2359-42b5-bea7-f3538481f114/1787562861421_Fire-Aum-SP03.jpg;waiting_parts;6fff3037-214c-4188-8332-997730090207;0c4b9136-172d-4a37-82e6-5ee810cf0fe9;2026-08-25 02:06:56.128+00;;;;;2026-08-24 09:14:18.282341+00;2026-09-08 08:46:13.361633+00;;[];324;date;2026-08-28;;false;
9d804dc9-f3c2-4223-aa2c-eb04ddd5295c;260902019;8d8a3186-6bd4-42c3-9dc2-8553ce10510c;755d8bf8-abaf-4e67-8c66-c04dab7755d0;4bddcd3a-5051-4595-8a09-3afe48fc8dfc;02fe1b9d-a4d6-4b7a-bc33-d466c33c137b;มาไลย;มียางกันกระแทกของขอบประตูเปิด-ปิดตรงทางออกไปสโตร์ฉีกขาดตามรูป;https://xhkjaeapzuzvequgdode.supabase.co/storage/v1/object/public/repair-images/8d8a3186-6bd4-42c3-9dc2-8553ce10510c/1788344760291_IMG_1731.jpeg;awaiting_review;2600fa0f-deae-4983-a9a4-a6253f0f8ad0;0c4b9136-172d-4a37-82e6-5ee810cf0fe9;2026-09-04 07:19:47.89+00;;2026-09-08 08:56:59.013+00;;;2026-09-02 10:26:04.204008+00;2026-09-08 08:57:02.659883+00;ติดแผ่นใหม่;"[{""code"":""0401E4-00722 001"",""name"":""แผ่นยางรองกันกระแทก"",""qty"":""1""},{""code"":""0401E4-00202 004  กาวยางดราก้า จำนวน​ 2​ กระป๋อง"",""name"":""กาวยางดราก้า"",""qty"":""1""}]";444;date;2026-09-05;;false;
f3925848-5aea-4020-a42d-193e9a4a4daa;260914005;a6d0ae35-c044-4855-b1b0-a8b26b3b22f3;755d8bf8-abaf-4e67-8c66-c04dab7755d0;ed438e9e-f1f6-424c-9024-b0f86509d249;749967f5-c6e1-4141-90c0-400505c5dd2a;ภริดา;เก้าอี้ สำนักงาน ล้อหลุด;;awaiting_review;2600fa0f-deae-4983-a9a4-a6253f0f8ad0;0c4b9136-172d-4a37-82e6-5ee810cf0fe9;2026-09-15 01:18:38.575+00;https://xhkjaeapzuzvequgdode.supabase.co/storage/v1/object/public/repair-images/2600fa0f-deae-4983-a9a4-a6253f0f8ad0/done_1789444076734_1000020913.jpg;2026-09-15 03:47:58.775+00;;;2026-09-14 09:01:37.705169+00;2026-09-15 03:47:58.774213+00;เปลี่ยนหลอดเสร็จแล้วครับ;[];472;date;2026-09-15;;false;
3ea0a3bf-63ca-4e63-b299-294ff0f9bcdb;260813012;884605bc-79ae-4186-8c03-c7a927fddef2;755d8bf8-abaf-4e67-8c66-c04dab7755d0;3f463100-d4f4-4b12-a205-54cfabbdd77a;156e13a6-f108-4e01-ba16-07c8989000a2;อภิชัย;เวอร์เนียร์ V-EN-004 สภาพไม่เหมาะสมใช้งานหลวมขยัย;https://xhkjaeapzuzvequgdode.supabase.co/storage/v1/object/public/repair-images/884605bc-79ae-4186-8c03-c7a927fddef2/1786613379602_1027969_0.jpg;completed;6fff3037-214c-4188-8332-997730090207;0c4b9136-172d-4a37-82e6-5ee810cf0fe9;2026-08-14 02:58:15.162+00;;2026-08-14 02:59:13.008+00;2026-09-14 03:13:59.712+00;;2026-08-13 09:29:23.382984+00;2026-09-14 03:13:52.031265+00;ไม่สามารถซ่อมได้(เกี่ยวกับความเที่ยงตรง);[];229;date;2026-08-14;;false;
dd05ef0a-44ab-4b31-bccd-1a9e821e2db7;260909001;e9bad159-eaba-4145-9b50-775a5ee635c7;755d8bf8-abaf-4e67-8c66-c04dab7755d0;8568e49e-eef5-4361-aaf6-76d025693e77;31101fe5-2d24-4aac-9bf3-687eca77dcb7;อาภาศิริ;ประตูทางเข้าไลน์ปิดไม่สนิทมีรู และม่านตาข่ายขาดชำรุด แก้ไขปิดรูด้วยนะคะ ทำให้มีแมลง สัตว์พาหะเข้ามาในไลน์ได้ค่ะ;https://xhkjaeapzuzvequgdode.supabase.co/storage/v1/object/public/repair-images/e9bad159-eaba-4145-9b50-775a5ee635c7/1788925547664_7C16B9AE-5F02-43E8-9978-7D94B9366F29.jpeg;in_progress;6fff3037-214c-4188-8332-997730090207;0c4b9136-172d-4a37-82e6-5ee810cf0fe9;2026-09-10 01:14:23.805+00;;;;;2026-09-09 03:45:48.933894+00;2026-09-10 01:14:24.081535+00;;[];445;date;2026-09-09;;false;
b7f7de46-fc3d-469b-8db0-1dfd43a5164f;260903001;521a9c93-4039-465c-8f7a-1c0137efc8ef;755d8bf8-abaf-4e67-8c66-c04dab7755d0;4bddcd3a-5051-4595-8a09-3afe48fc8dfc;02fe1b9d-a4d6-4b7a-bc33-d466c33c137b;ศศิธร;ที่จับ โยก;https://xhkjaeapzuzvequgdode.supabase.co/storage/v1/object/public/repair-images/521a9c93-4039-465c-8f7a-1c0137efc8ef/1788399892180_IMG_9093.jpeg;completed;6fff3037-214c-4188-8332-997730090207;0c4b9136-172d-4a37-82e6-5ee810cf0fe9;2026-09-04 07:19:41.602+00;;2026-09-09 04:19:58.508+00;2026-09-09 06:26:22.65+00;;2026-09-03 01:44:56.389721+00;2026-09-09 06:26:22.965013+00;เชื่อมเสรความแข็งแรงให้แข็งแรงใช้งานได้ตามปกติ;[];419;date;2026-09-09;;false;
e0a41260-6d6e-4df3-8288-09ca32197187;260829018;521a9c93-4039-465c-8f7a-1c0137efc8ef;755d8bf8-abaf-4e67-8c66-c04dab7755d0;4bddcd3a-5051-4595-8a09-3afe48fc8dfc;02fe1b9d-a4d6-4b7a-bc33-d466c33c137b;ศศิธร;ล้างโคมไฟเบอร์ 42,43,44,71;;completed;2600fa0f-deae-4983-a9a4-a6253f0f8ad0;0c4b9136-172d-4a37-82e6-5ee810cf0fe9;2026-09-01 01:42:58.629+00;https://xhkjaeapzuzvequgdode.supabase.co/storage/v1/object/public/repair-images/2600fa0f-deae-4983-a9a4-a6253f0f8ad0/done_1788761253226_1000020260.jpg;2026-09-02 01:26:58.749+00;2026-09-09 06:26:38.44+00;ยังไม่ได้รับการแก้ไข;2026-08-29 09:48:39.273214+00;2026-09-09 06:26:38.694642+00;ล้างเสร็จแล้วครับโคมไฟ;[];381;date;2026-09-01;;false;
b6a9d53a-ec5b-4707-94d3-cad68bd4e7d9;260827008;48700aa2-591f-4725-85ce-be044298c6be;72e122e2-76e3-44aa-a586-0a3f86291d77;3f463100-d4f4-4b12-a205-54cfabbdd77a;2b68f5fc-ad53-4ab2-b06f-1c0d5edca1ef;สำราญ;ปืนฉีดน้ำร้อนปิดน้ำไม่หยุด;;completed;18315ef5-0d9a-4c48-836b-d172ad01c347;618867a9-9f7c-4e77-96cd-3c6be6f2a0ac;2026-08-29 01:23:49.351+00;;2026-09-08 02:54:16.382+00;2026-09-12 04:33:12.605+00;;2026-08-27 06:32:57.036948+00;2026-09-12 04:33:14.049187+00;แก้ไขใช้ปืนที่มีอยู่มาใช้งาน;[];358;date;2026-08-27;;false;
a78c02ac-4283-47d8-9891-95d3fa5e9ce2;260826001;e9bad159-eaba-4145-9b50-775a5ee635c7;755d8bf8-abaf-4e67-8c66-c04dab7755d0;8568e49e-eef5-4361-aaf6-76d025693e77;31101fe5-2d24-4aac-9bf3-687eca77dcb7;อาภาศิริ;ฝาปิดเครื่องวัดบริกซ์ชำรุด;https://xhkjaeapzuzvequgdode.supabase.co/storage/v1/object/public/repair-images/e9bad159-eaba-4145-9b50-775a5ee635c7/1787715091615_IMG_2707.jpeg;completed;6fff3037-214c-4188-8332-997730090207;0c4b9136-172d-4a37-82e6-5ee810cf0fe9;2026-08-29 01:28:02.55+00;;2026-09-08 08:45:27.573+00;2026-09-14 04:15:23.675+00;;2026-08-26 03:31:34.596121+00;2026-09-14 04:15:24.147776+00;ซ่อมเรียบร้อย;[];343;date;2026-08-26;;false;
8454356a-0784-4676-bae6-487cade2186c;260912005;30f1cdf3-6892-4cd6-8a52-882bb331e7be;755d8bf8-abaf-4e67-8c66-c04dab7755d0;b61f2182-e904-4e79-a156-5edb6001a6ff;5810f6a2-5611-40fa-b3b0-aabc2c55eaa2;ศรีไพ;แอร์ไม่เย็น;;completed;6fff3037-214c-4188-8332-997730090207;0c4b9136-172d-4a37-82e6-5ee810cf0fe9;2026-09-14 01:13:26.52+00;;2026-09-14 02:13:41.404+00;2026-09-14 04:41:34.441+00;;2026-09-12 06:22:50.008782+00;2026-09-14 04:41:34.358272+00;แก้ไขเพิ่มน้ำยาแอร์ใช้งานได้ตามปกติ;[];465;date;2026-09-12;;false;
40a3565f-f79a-4c5e-8f8d-1c7fe2f14567;260911003;5a5b8e92-7aea-4790-a99a-ba47c443af3d;755d8bf8-abaf-4e67-8c66-c04dab7755d0;345306ff-af94-4a88-8959-3ef69a24ae24;e23ec708-2f30-43c7-a9b8-b770d2c4a0ff;ศกลวรรณ;ไฟในห้องออฟฟิศสโตร์ไม่ติด 2 ดวงค่ะ;;waiting_parts;6fff3037-214c-4188-8332-997730090207;0c4b9136-172d-4a37-82e6-5ee810cf0fe9;2026-09-11 08:50:03.353+00;;;;;2026-09-11 03:22:38.959785+00;2026-09-14 09:25:30.350181+00;;[];455;date;2026-09-18;;false;
597c1a60-55f7-44fe-9c0f-0f75657a14c9;260914002;48700aa2-591f-4725-85ce-be044298c6be;72e122e2-76e3-44aa-a586-0a3f86291d77;d6968cf7-550a-4991-bad4-638935a88c22;cf7822c0-37a9-4e94-b8be-fbb45e6a2228;สำราญ;น้ำมันเกียรกอแป้งหัว1รั่ว;;in_progress;18315ef5-0d9a-4c48-836b-d172ad01c347;618867a9-9f7c-4e77-96cd-3c6be6f2a0ac;2026-09-15 01:15:55.328+00;;;;;2026-09-14 03:41:17.851193+00;2026-09-15 01:15:55.353921+00;;[];469;date;2026-09-14;;false;
afc9a813-076d-4954-a501-900316b14d3e;260915002;5a5b8e92-7aea-4790-a99a-ba47c443af3d;72e122e2-76e3-44aa-a586-0a3f86291d77;32ef7fab-ec72-4e78-8d94-67669bb1e558;cf769a71-f4f1-46e4-a974-b0c62938d6f0;ศกลวรรณ;"ทำตัวรัดสายลมเครื่องบดน้ำตาลค่ะ
1.เข็มขัดรัดปลายปากคอปเปอร์ด้านล่างเครื่องที่รองรับน้ำตาลบดแล้ว อุปกรณ์ต้องเป็นสแตนเลสและซีลิโคนฟู้ดเกรด ลักษณะการใช้งานต้องสามารถถอดออกได้ง่ายเพราะต้องถอดออกทุกการบดน้ำตาล 25 กก และรัดแล้วต้องไม่ฟุ้งกระจายและเข็มขัดรัดหลุดง่าย
2.เข็มขัดรัดปลายผ้ากรอก อุปกรณ์และลักษณะการใช้งานเหมือนข้อ1
แผนกวิศวกรรมต้องทำสเปกมาให้แผนกสโตร์ลงนามรับทราบก่อนถึงจะสามารถทำได้หรือสั่งทำ(ติดต่อพี่กิ๊กกับพี่แหม่ม)
อ้างจากใบแจ้งซ่อม  260904003 แจ้งวันที่ 4/9/26";;pending_assign;;;;;;;;2026-09-15 02:25:44.749938+00;2026-09-15 03:14:17.410507+00;;[];474;date;2026-10-14;;false;
61d738d9-c0ba-47ea-a131-8d1a7c644f87;260915003;5a5b8e92-7aea-4790-a99a-ba47c443af3d;72e122e2-76e3-44aa-a586-0a3f86291d77;32ef7fab-ec72-4e78-8d94-67669bb1e558;363b6d55-9c39-49b4-bd6a-ce7051c3cb1c;ศกลวรรณ;"ทำตัวรัดสายลมเครื่องบดน้ำตาลค่ะ
1.เข็มขัดรัดปลายปากคอปเปอร์ด้านล่างเครื่องที่รองรับน้ำตาลบดแล้ว อุปกรณ์ต้องเป็นสแตนเลสและซีลิโคนฟู้ดเกรด ลักษณะการใช้งานต้องสามารถถอดออกได้ง่ายเพราะต้องถอดออกทุกการบดน้ำตาล 25 กก และรัดแล้วต้องไม่ฟุ้งกระจายและเข็มขัดรัดหลุดง่าย
2.เข็มขัดรัดปลายผ้ากรอก อุปกรณ์และลักษณะการใช้งานเหมือนข้อ1
แผนกวิศวกรรมต้องทำสเปกมาให้แผนกสโตร์ลงนามรับทราบก่อนถึงจะสามารถทำได้หรือสั่งทำ(ติดต่อพี่กิ๊กกับพี่แหม่ม)
อ้างจากใบแจ้งซ่อม  260904003 แจ้งวันที่ 4/9/26";;pending_assign;;;;;;;;2026-09-15 02:26:04.902444+00;2026-09-15 03:18:13.931659+00;;[];475;date;2026-10-14;;false;